Name,Sign List
3_1,"[1, 1, 1, 1]"
6_1,"[1, -1, -1, 1, 1, -1, 1, 1]"
7_4,"[1, -1, 1, -1, 1, 1, 1, 1, 1, 1]"
7_7,"[-1, 1, -1, 1, -1, -1, 1, 1]"
8_5,"[1, -1, 1, 1, 1, -1, 1, 1]"
8_10,"[-1, -1, 1, 1, -1, 1, -1, -1]"
8_11,"[1, -1, 1, -1, 1, 1, 1, -1, 1, 1]"
8_15,"[1, 1, 1, 1, 1, 1, -1, 1, 1, 1]"
8_18,"[-1, 1, -1, 1, -1, 1, -1, 1]"
8_19,"[1, 1, 1, 1, 1, 1, 1, 1]"
8_20,"[1, -1, 1, 1, -1, -1, -1, -1]"
8_21,"[1, 1, 1, -1, 1, 1, 1, -1]"
9_1,"[1, 1, 1, 1, 1, 1, 1, 1, 1, 1]"
9_2,"[1, 1, -1, 1, 1, 1, 1, -1, 1, -1, 1, 1]"
9_4,"[1, 1, 1, -1, 1, 1, 1, 1, -1, 1, 1, 1]"
9_6,"[1, 1, 1, -1, 1, 1, 1, 1, 1, 1]"
9_10,"[1, -1, 1, 1, -1, 1, 1, 1, 1, 1, 1, 1]"
9_11,"[-1, -1, -1, -1, 1, -1, -1, -1, 1, 1]"
9_15,"[-1, -1, -1, -1, 1, -1, -1, -1, 1, 1]"
9_16,"[1, 1, -1, 1, 1, 1, 1, 1, 1, 1]"
9_17,"[-1, 1, 1, -1, 1, -1, 1, -1, 1, 1]"
9_23,"[1, 1, 1, 1, 1, 1, -1, 1, -1, 1, 1, 1]"
9_24,"[1, -1, -1, 1, -1, 1, -1, 1, 1, 1]"
9_28,"[1, -1, 1, -1, 1, 1, -1, 1, 1, 1]"
9_29,"[-1, -1, -1, -1, 1, 1, -1, 1, 1, 1]"
9_34,"[-1, 1, 1, -1, -1, 1, -1, -1, 1, 1]"
9_35,"[1, -1, 1, -1, 1, -1, -1, 1, 1, 1, 1, 1, 1, 1]"
9_37,"[1, -1, 1, 1, -1, -1, -1, 1, 1, -1, -1, 1]"
9_38,"[1, -1, 1, 1, 1, 1, 1, 1, -1, 1, 1, 1]"
9_40,"[-1, 1, 1, -1, 1, 1, -1, 1, 1, 1]"
9_46,"[-1, 1, -1, -1, -1, 1, -1, -1, 1, 1]"
9_47,"[-1, 1, 1, -1, 1, 1, -1, 1, 1, 1]"
9_48,"[-1, -1, 1, 1, -1, -1, -1, -1, -1, 1, 1, 1]"
10_4,"[-1, -1, 1, -1, 1, 1, -1, -1, 1, -1, 1, 1]"
10_5,"[-1, -1, -1, -1, 1, -1, -1, -1, 1, 1]"
10_9,"[1, 1, -1, -1, 1, 1, 1, -1, -1, 1]"
10_10,"[1, -1, -1, -1, 1, 1, -1, -1, -1, -1, 1, 1]"
10_14,"[1, 1, 1, -1, 1, 1, 1, 1, -1, -1, 1, 1]"
10_19,"[1, 1, -1, -1, 1, 1, 1, -1, -1, -1, 1, 1]"
10_21,"[1, -1, 1, 1, -1, 1, 1, 1, 1, -1, 1, 1]"
10_29,"[1, -1, -1, 1, 1, 1, -1, -1, 1, 1]"
10_31,"[1, -1, -1, -1, 1, 1, 1, -1, -1, -1, 1, 1]"
10_32,"[-1, -1, 1, 1, 1, -1, -1, 1, -1, 1, 1, 1]"
10_36,"[1, 1, -1, -1, 1, 1, 1, -1, 1, -1, 1, 1]"
10_40,"[-1, -1, -1, -1, 1, 1, -1, -1, -1, 1, 1, 1]"
10_42,"[1, -1, -1, 1, 1, -1, -1, -1, 1, 1]"
10_59,"[-1, 1, 1, -1, -1, 1, 1, -1, 1, 1]"
10_61,"[1, -1, -1, 1, 1, 1, 1, -1, -1, 1, 1, 1]"
10_62,"[-1, -1, -1, -1, 1, -1, -1, 1, 1, -1]"
10_63,"[1, 1, 1, 1, 1, 1, 1, -1, 1, -1, 1, 1]"
10_64,"[1, -1, -1, 1, 1, 1, -1, -1, 1, 1]"
10_65,"[-1, -1, 1, 1, -1, -1, -1, -1, -1, 1, 1, 1]"
10_66,"[1, -1, 1, 1, 1, 1, 1, 1, 1, 1, 1, 1]"
10_67,"[1, 1, -1, 1, -1, -1, 1, 1, 1, 1, -1, -1, 1, 1]"
10_68,"[1, -1, 1, -1, -1, 1, -1, 1, 1, -1, -1, -1, -1, 1]"
10_69,"[-1, -1, 1, 1, -1, -1, -1, 1, -1, -1, -1, 1]"
10_74,"[1, -1, 1, -1, 1, -1, -1, 1, 1, 1, 1, -1, 1, 1]"
10_75,"[-1, 1, 1, -1, -1, 1, -1, 1, -1, -1, -1, 1]"
10_76,"[1, 1, -1, 1, -1, 1, 1, 1, 1, -1, 1, 1]"
10_77,"[-1, -1, -1, -1, -1, -1, 1, 1, -1, 1, 1, 1]"
10_78,"[1, -1, -1, 1, 1, 1, -1, 1, 1, 1, 1, 1]"
10_82,"[1, 1, -1, -1, 1, -1, 1, 1, -1, 1]"
10_84,"[1, -1, 1, 1, 1, -1, 1, -1, 1, -1, 1, 1]"
10_85,"[-1, -1, -1, -1, 1, -1, 1, -1, -1, 1]"
10_87,"[1, -1, 1, 1, 1, -1, -1, -1, 1, -1, 1, 1]"
10_89,"[-1, 1, -1, -1, 1, -1, -1, -1, 1, -1, -1, 1]"
10_96,"[-1, 1, 1, -1, -1, -1, 1, 1, -1, -1, -1, 1]"
10_97,"[1, -1, -1, 1, -1, 1, 1, 1, 1, 1, 1, -1, -1, 1]"
10_98,"[1, -1, 1, 1, -1, 1, 1, 1, 1, -1, 1, 1]"
10_99,"[1, 1, -1, 1, -1, -1, -1, 1, -1, 1]"
10_103,"[-1, -1, -1, -1, -1, 1, -1, 1, -1, 1, 1, 1]"
10_106,"[1, -1, 1, -1, 1, 1, -1, -1, 1, 1]"
10_107,"[1, -1, -1, 1, 1, 1, -1, -1, 1, -1, -1, 1]"
10_108,"[1, 1, -1, -1, 1, -1, 1, -1, -1, 1, 1, 1]"
10_112,"[-1, -1, 1, -1, 1, -1, 1, -1, -1, 1]"
10_113,"[1, -1, 1, 1, 1, -1, -1, 1, 1, -1, 1, 1]"
10_114,"[-1, -1, 1, -1, -1, 1, -1, 1, -1, 1, 1, 1]"
10_120,"[1, -1, -1, 1, 1, 1, 1, 1, 1, 1, 1, -1, 1, 1]"
10_122,"[-1, -1, 1, -1, 1, -1, -1, 1, -1, 1, 1, 1]"
10_136,"[-1, -1, 1, -1, -1, 1, 1, -1, -1, 1, 1, 1]"
10_139,"[1, 1, 1, 1, 1, 1, 1, 1, 1, 1]"
10_140,"[-1, -1, 1, -1, 1, -1, 1, 1, 1, 1, 1, 1]"
10_141,"[-1, -1, 1, 1, -1, -1, 1, 1, 1, 1]"
10_142,"[1, 1, -1, 1, 1, 1, 1, 1, 1, 1, 1, 1]"
10_143,"[-1, -1, 1, -1, -1, -1, -1, -1, 1, 1]"
10_144,"[1, -1, -1, 1, 1, 1, -1, 1, -1, 1, 1, 1]"
10_145,"[-1, -1, -1, 1, -1, -1, -1, -1, -1, -1, 1, 1]"
10_146,"[-1, -1, -1, 1, 1, -1, 1, 1, -1, -1, 1, 1]"
10_147,"[1, -1, 1, 1, 1, -1, -1, 1, -1, -1, 1, 1]"
10_158,"[-1, -1, -1, 1, 1, 1, -1, 1, -1, 1, 1, 1]"
10_159,"[1, 1, -1, 1, 1, 1, -1, 1, 1, -1]"
10_160,"[1, -1, 1, 1, 1, 1, 1, 1, -1, -1, 1, 1]"
10_163,"[1, -1, -1, 1, 1, -1, 1, -1, 1, 1, 1, 1]"
10_164,"[1, -1, 1, 1, -1, -1, -1, 1, -1, -1, 1, 1]"
10_165,"[-1, -1, -1, 1, -1, -1, -1, -1, -1, 1, 1, 1]"
11a_6,"[-1, 1, 1, -1, 1, -1, -1, 1, 1, -1, 1, 1]"
11a_8,"[-1, -1, 1, -1, -1, -1, -1, 1, 1, -1, 1, 1]"
11a_16,"[1, -1, -1, 1, -1, -1, -1, 1, 1, 1, -1, 1]"
11a_17,"[1, 1, 1, -1, -1, 1, -1, -1, 1, 1, 1, -1, 1, 1]"
11a_21,"[1, 1, 1, -1, 1, -1, -1, 1, 1, 1, -1, 1, 1, 1]"
11a_37,"[1, -1, -1, 1, 1, -1, 1, 1, 1, -1, -1, 1]"
11a_38,"[-1, -1, 1, 1, -1, 1, 1, -1, -1, -1, -1, 1, 1, 1]"
11a_43,"[1, -1, -1, 1, 1, 1, 1, 1, 1, 1, 1, 1, 1, 1]"
11a_44,"[-1, -1, 1, 1, -1, 1, 1, 1, 1, -1, -1, -1, 1, 1]"
11a_45,"[1, 1, 1, -1, -1, -1, 1, 1, 1, -1, -1, 1, 1, 1]"
11a_46,"[1, -1, -1, 1, 1, -1, 1, 1, 1, -1, -1, 1]"
11a_47,"[1, -1, -1, 1, -1, 1, 1, -1, 1, -1, 1, 1]"
11a_49,"[1, -1, -1, 1, 1, -1, 1, 1, 1, 1, 1, 1]"
11a_57,"[-1, -1, -1, -1, 1, 1, 1, 1, -1, -1, -1, 1, 1, 1]"
11a_58,"[1, -1, -1, 1, 1, 1, -1, -1, -1, 1, -1, 1]"
11a_63,"[-1, -1, -1, -1, -1, -1, -1, 1, -1, -1, 1, 1]"
11a_69,"[1, -1, 1, -1, 1, 1, -1, -1, -1, 1, -1, -1, 1, 1]"
11a_71,"[1, -1, -1, 1, 1, -1, 1, 1, 1, -1, 1, 1]"
11a_72,"[1, -1, 1, 1, -1, -1, -1, 1, -1, 1, 1, 1]"
11a_73,"[-1, 1, -1, -1, 1, -1, 1, -1, 1, -1, 1, 1]"
11a_78,"[1, 1, 1, -1, -1, 1, -1, 1, 1, 1, -1, -1, -1, 1]"
11a_90,"[-1, -1, 1, -1, -1, 1, -1, -1, 1, -1, 1, 1]"
11a_91,"[-1, -1, 1, -1, -1, 1, -1, 1, 1, -1, 1, 1]"
11a_93,"[-1, -1, -1, 1, -1, 1, -1, -1, 1, -1, 1, 1]"
11a_99,"[-1, 1, 1, 1, -1, -1, 1, -1, 1, -1, 1, 1]"
11a_100,"[1, 1, -1, 1, 1, 1, 1, -1, 1, -1, 1, 1]"
11a_102,"[1, -1, 1, 1, 1, -1, -1, 1, -1, 1, 1, -1, -1, 1]"
11a_103,"[1, -1, -1, -1, 1, 1, 1, 1, -1, -1, 1, -1, -1, 1, 1, 1]"
11a_106,"[1, -1, -1, 1, -1, 1, 1, -1, -1, 1, 1, 1]"
11a_107,"[-1, -1, 1, 1, 1, -1, -1, -1, -1, 1, 1, 1, 1, 1]"
11a_108,"[1, -1, -1, 1, 1, -1, -1, -1, 1, -1, 1, 1]"
11a_109,"[1, -1, 1, 1, -1, 1, -1, -1, -1, 1, 1, 1]"
11a_117,"[1, 1, -1, 1, 1, 1, 1, -1, -1, 1, 1, 1]"
11a_118,"[-1, 1, -1, -1, 1, -1, 1, 1, -1, 1, 1, 1]"
11a_123,"[1, 1, -1, -1, 1, 1, 1, 1, -1, 1, 1, -1, 1, 1, 1, 1]"
11a_128,"[-1, 1, 1, -1, -1, -1, 1, 1, -1, -1, -1, 1, 1, 1]"
11a_130,"[-1, -1, -1, 1, -1, -1, 1, -1, -1, -1, 1, 1]"
11a_132,"[1, -1, 1, 1, 1, 1, -1, -1, -1, 1, 1, -1, -1, 1]"
11a_134,"[1, 1, -1, 1, 1, 1, 1, -1, -1, -1, 1, 1]"
11a_135,"[-1, 1, 1, -1, -1, 1, -1, 1, 1, -1, -1, 1]"
11a_137,"[-1, -1, -1, 1, 1, -1, -1, 1, -1, 1, 1, -1, -1, 1]"
11a_139,"[1, -1, 1, 1, -1, 1, 1, -1, -1, 1, 1, 1]"
11a_146,"[-1, -1, -1, 1, -1, 1, -1, -1, 1, -1, 1, 1]"
11a_152,"[-1, -1, -1, 1, -1, -1, -1, 1, 1, -1, 1, 1]"
11a_155,"[-1, -1, -1, -1, 1, -1, 1, -1, 1, -1, -1, -1, 1, 1]"
11a_157,"[-1, -1, -1, -1, 1, -1, 1, -1, 1, -1, 1, 1]"
11a_159,"[1, -1, -1, 1, 1, 1, -1, -1, 1, 1, 1, 1]"
11a_161,"[-1, -1, 1, -1, -1, 1, 1, -1, -1, 1, -1, -1]"
11a_165,"[1, -1, -1, 1, 1, -1, 1, -1, 1, -1, 1, 1]"
11a_171,"[1, -1, 1, 1, -1, 1, -1, 1, -1, 1, 1, 1]"
11a_173,"[1, -1, -1, 1, 1, -1, -1, -1, 1, 1, 1, -1, 1, 1]"
11a_175,"[1, -1, -1, 1, 1, 1, -1, -1, -1, 1, 1, 1]"
11a_176,"[1, -1, -1, 1, 1, 1, 1, -1, -1, 1, 1, 1]"
11a_178,"[1, -1, 1, 1, 1, 1, -1, -1, 1, -1, 1, 1]"
11a_179,"[-1, 1, 1, 1, -1, 1, -1, 1, 1, -1, 1, 1]"
11a_181,"[1, -1, 1, 1, -1, -1, 1, -1, 1, 1, 1, -1, -1, 1]"
11a_184,"[-1, -1, -1, 1, -1, 1, -1, -1, 1, -1, 1, 1]"
11a_187,"[1, -1, -1, 1, -1, -1, 1, 1, 1, -1, -1, -1, 1, 1]"
11a_194,"[-1, -1, 1, -1, 1, -1, -1, -1, -1, 1, -1, 1]"
11a_196,"[-1, -1, 1, -1, 1, -1, 1, -1, -1, 1, -1, 1]"
11a_199,"[-1, -1, 1, 1, -1, -1, 1, -1, 1, -1, -1, -1, 1, 1]"
11a_201,"[1, -1, 1, 1, -1, -1, -1, -1, 1, 1, -1, -1, -1, 1, 1, 1]"
11a_202,"[1, 1, -1, 1, 1, -1, -1, -1, 1, 1, 1, -1, -1, 1]"
11a_203,"[1, 1, -1, 1, 1, 1, 1, 1, -1, 1, 1, 1]"
11a_208,"[-1, -1, -1, -1, 1, -1, -1, -1, -1, -1, 1, 1]"
11a_209,"[-1, -1, -1, 1, -1, -1, 1, 1, 1, -1, -1, -1, 1, 1, 1, 1]"
11a_212,"[1, -1, 1, 1, 1, 1, 1, -1, 1, -1, -1, 1, 1, 1]"
11a_214,"[1, -1, -1, -1, 1, 1, 1, -1, 1, 1, -1, -1, -1, 1, 1, 1]"
11a_216,"[1, -1, -1, 1, 1, -1, 1, -1, 1, 1, 1, 1]"
11a_219,"[-1, -1, -1, -1, 1, -1, -1, 1, -1, -1, 1, -1, -1, 1, 1, 1]"
11a_223,"[1, -1, 1, 1, 1, 1, 1, -1, 1, 1, 1, 1]"
11a_230,"[1, -1, -1, 1, 1, 1, 1, 1, -1, -1, 1, 1, 1, 1]"
11a_231,"[1, -1, -1, 1, -1, 1, -1, -1, 1, -1, 1, 1]"
11a_232,"[1, -1, -1, -1, 1, 1, -1, -1, -1, 1, 1, 1]"
11a_236,"[1, 1, -1, 1, 1, 1, 1, 1, 1, 1, -1, 1, 1, 1]"
11a_237,"[1, 1, 1, -1, 1, -1, -1, 1, 1, 1, 1, -1, 1, 1, 1, 1]"
11a_239,"[1, -1, 1, -1, 1, 1, -1, 1, -1, 1, 1, 1]"
11a_243,"[1, 1, -1, 1, 1, 1, 1, 1, -1, 1, 1, -1, 1, 1]"
11a_244,"[1, 1, 1, 1, 1, 1, 1, -1, 1, 1, -1, 1, 1, 1]"
11a_245,"[1, 1, -1, 1, 1, 1, 1, -1, 1, 1, 1, 1, 1, 1]"
11a_248,"[-1, -1, -1, 1, -1, -1, -1, 1, 1, -1, 1, 1]"
11a_249,"[-1, -1, -1, 1, 1, -1, 1, -1, -1, -1, 1, 1]"
11a_258,"[-1, -1, -1, 1, -1, -1, 1, 1, -1, 1, 1, 1]"
11a_260,"[1, -1, 1, -1, 1, 1, -1, 1, 1, 1, 1, 1]"
11a_261,"[-1, -1, -1, 1, -1, -1, -1, -1, 1, -1, 1, 1]"
11a_263,"[1, 1, -1, 1, 1, 1, 1, 1, 1, 1, 1, 1, 1, 1]"
11a_264,"[1, -1, 1, 1, 1, -1, -1, 1, -1, 1, 1, 1]"
11a_271,"[1, -1, 1, 1, 1, -1, -1, 1, 1, 1, -1, 1, -1, 1]"
11a_273,"[-1, -1, -1, -1, -1, 1, 1, -1, -1, 1, -1, -1, 1, 1]"
11a_274,"[-1, -1, 1, 1, -1, 1, -1, 1, -1, -1, 1, 1]"
11a_275,"[1, -1, 1, 1, 1, -1, 1, 1, 1, -1, -1, 1, 1, 1]"
11a_277,"[1, -1, -1, 1, 1, -1, 1, 1, -1, 1, 1, 1]"
11a_278,"[1, -1, -1, 1, 1, -1, 1, 1, 1, -1, -1, 1]"
11a_280,"[1, -1, -1, -1, 1, 1, 1, -1, -1, -1, 1, 1, -1, -1, -1, 1, 1, 1]"
11a_283,"[-1, -1, 1, -1, 1, -1, -1, -1, -1, 1, -1, -1, 1, 1]"
11a_286,"[-1, 1, -1, 1, -1, 1, -1, 1, 1, -1, 1, 1]"
11a_290,"[-1, -1, 1, -1, 1, -1, 1, -1, -1, 1, -1, -1, 1, 1]"
11a_291,"[1, -1, 1, 1, 1, 1, 1, 1, 1, 1, -1, 1, 1, 1]"
11a_292,"[1, -1, -1, 1, 1, -1, 1, 1, 1, 1, 1, 1, -1, 1, 1, 1]"
11a_293,"[-1, -1, -1, -1, -1, -1, 1, 1, -1, 1, 1, 1]"
11a_294,"[-1, -1, 1, -1, 1, 1, -1, 1, 1, -1, -1, -1, -1, 1]"
11a_296,"[-1, -1, -1, -1, 1, 1, -1, -1, -1, 1, -1, -1, -1, 1, 1, 1]"
11a_300,"[-1, -1, 1, 1, -1, -1, 1, 1, -1, -1, 1, 1]"
11a_304,"[1, -1, 1, 1, 1, -1, -1, 1, 1, 1, 1, 1, -1, 1]"
11a_305,"[-1, -1, 1, 1, -1, 1, -1, 1, -1, -1, 1, 1]"
11a_306,"[-1, -1, 1, -1, -1, 1, -1, -1, -1, -1, 1, 1]"
11a_309,"[1, -1, 1, 1, 1, 1, 1, -1, 1, -1, 1, 1]"
11a_314,"[1, -1, 1, 1, -1, 1, -1, 1, -1, 1, 1, 1]"
11a_318,"[1, -1, 1, 1, 1, 1, 1, 1, 1, 1, -1, 1, 1, 1]"
11a_324,"[-1, -1, -1, -1, 1, -1, -1, -1, 1, -1, 1, -1, -1, 1, 1, 1]"
11a_332,"[-1, 1, -1, 1, -1, 1, 1, -1, 1, -1, 1, 1]"
11a_335,"[1, 1, 1, 1, -1, 1, 1, 1, 1, -1, 1, 1, 1, 1]"
11a_338,"[1, 1, 1, 1, 1, 1, 1, 1, -1, 1, 1, 1]"
11a_340,"[1, 1, -1, 1, -1, 1, 1, 1, 1, 1, 1, 1, 1, 1]"
11a_344,"[1, 1, -1, 1, -1, -1, 1, 1, 1, -1, 1, 1, 1, 1]"
11a_346,"[-1, 1, -1, 1, -1, 1, 1, 1, 1, -1, 1, 1]"
11a_347,"[1, -1, -1, 1, -1, 1, 1, -1, -1, 1, -1, 1, 1, 1]"
11a_351,"[-1, 1, -1, 1, -1, 1, 1, -1, -1, 1, 1, 1]"
11a_352,"[-1, 1, -1, 1, 1, -1, -1, 1, 1, 1, -1, -1, 1, 1]"
11a_353,"[1, -1, 1, 1, 1, 1, 1, 1, 1, 1, -1, 1, 1, 1]"
11a_354,"[1, 1, 1, -1, 1, -1, 1, 1, 1, 1, 1, -1, -1, 1, 1, 1]"
11a_355,"[1, 1, 1, 1, 1, 1, 1, 1, 1, -1, 1, 1]"
11a_360,"[1, 1, -1, 1, -1, 1, 1, 1, 1, 1, 1, -1, 1, 1]"
11a_361,"[1, 1, -1, 1, -1, 1, -1, -1, 1, 1, 1, 1, 1, 1, 1, 1]"
11a_362,"[1, -1, 1, -1, 1, -1, -1, 1, 1, 1, 1, 1, 1, -1, 1, 1, 1, 1]"
11a_365,"[1, -1, 1, 1, 1, -1, 1, 1, 1, 1, 1, 1, 1, 1]"
11a_366,"[1, -1, 1, 1, -1, 1, -1, -1, 1, 1, 1, 1, 1, 1, 1, 1]"
11n_1,"[-1, -1, -1, -1, -1, -1, -1, 1, -1, -1, 1, 1]"
11n_2,"[1, 1, 1, 1, 1, -1, -1, 1, 1, -1, 1, 1]"
11n_13,"[1, 1, -1, 1, 1, -1, 1, 1, 1, 1, 1, 1]"
11n_14,"[-1, -1, -1, -1, 1, -1, -1, 1, -1, -1, -1, 1]"
11n_18,"[1, -1, 1, -1, 1, 1, -1, 1, -1, -1, 1, 1]"
11n_28,"[1, 1, -1, -1, 1, 1, -1, -1, 1, 1, 1, -1]"
11n_29,"[1, -1, -1, 1, 1, -1, -1, 1, 1, 1, 1, 1]"
11n_30,"[1, 1, -1, -1, 1, 1, 1, -1, 1, 1, 1, 1]"
11n_31,"[1, -1, -1, 1, 1, -1, 1, 1, 1, 1, 1, 1]"
11n_32,"[1, -1, 1, -1, -1, 1, 1, -1, -1, 1, 1, -1]"
11n_33,"[1, -1, -1, 1, 1, -1, 1, -1, 1, 1, 1, -1]"
11n_38,"[1, -1, -1, 1, 1, -1, 1, -1, -1, -1, 1, 1]"
11n_62,"[1, -1, -1, 1, 1, -1, -1, -1, 1, 1, 1, -1]"
11n_63,"[1, -1, 1, -1, 1, 1, -1, 1, 1, 1, 1, 1]"
11n_64,"[1, -1, -1, 1, 1, 1, -1, -1, 1, 1, 1, 1]"
11n_65,"[-1, -1, -1, -1, 1, -1, 1, -1, 1, -1, 1, 1]"
11n_66,"[1, 1, 1, -1, -1, 1, 1, 1, 1, -1, -1, -1, 1, 1]"
11n_67,"[1, -1, 1, 1, -1, -1, 1, -1, -1, 1, 1, 1, 1, -1]"
11n_68,"[-1, 1, 1, 1, -1, 1, 1, -1, -1, 1, 1, 1]"
11n_69,"[1, -1, 1, 1, 1, -1, 1, 1, 1, -1, 1, 1]"
11n_71,"[1, -1, -1, 1, 1, 1, 1, -1, 1, 1, 1, 1]"
11n_72,"[1, 1, 1, -1, 1, 1, 1, 1, 1, -1, 1, 1]"
11n_73,"[1, 1, -1, -1, -1, -1, 1, 1, 1, -1, 1, 1]"
11n_74,"[1, 1, -1, -1, -1, 1, -1, 1, 1, -1, 1, 1, -1, 1]"
11n_75,"[-1, -1, -1, -1, -1, -1, -1, 1, -1, 1, 1, 1]"
11n_76,"[1, -1, -1, -1, -1, -1, -1, -1, 1, -1, 1, 1]"
11n_77,"[1, 1, 1, 1, 1, 1, 1, 1, 1, 1, 1, 1]"
11n_78,"[-1, -1, 1, 1, 1, 1, -1, 1, 1, 1, 1, 1]"
11n_79,"[1, -1, 1, -1, 1, -1, -1, 1, 1, 1, 1, -1]"
11n_80,"[-1, -1, -1, -1, 1, 1, -1, 1, -1, 1, -1, -1]"
11n_81,"[1, 1, -1, 1, 1, 1, 1, -1, 1, 1, 1, 1]"
11n_85,"[-1, -1, 1, -1, 1, -1, 1, -1, 1, 1, 1, 1]"
11n_86,"[1, -1, -1, 1, 1, -1, 1, -1, 1, -1, 1, 1]"
11n_87,"[-1, -1, -1, 1, -1, -1, -1, 1, -1, -1, 1, 1]"
11n_92,"[-1, -1, -1, 1, 1, 1, -1, 1, -1, -1, 1, 1]"
11n_94,"[1, -1, -1, 1, -1, 1, 1, -1, 1, -1, 1, 1]"
11n_95,"[1, 1, 1, 1, 1, -1, 1, 1, -1, 1, 1, 1]"
11n_97,"[-1, -1, -1, 1, 1, 1, 1, -1, -1, 1, -1, 1, -1, 1]"
11n_98,"[1, -1, -1, -1, 1, -1, -1, 1, 1, -1, -1, 1, 1, 1]"
11n_99,"[-1, -1, -1, 1, -1, -1, -1, 1, -1, -1, 1, 1]"
11n_100,"[-1, -1, 1, 1, -1, 1, 1, -1, -1, 1, 1, 1]"
11n_101,"[-1, 1, -1, 1, -1, -1, 1, -1, -1, -1, 1, 1]"
11n_102,"[-1, -1, -1, -1, 1, 1, -1, -1, -1, -1, 1, 1]"
11n_104,"[1, 1, -1, 1, 1, 1, 1, -1, 1, 1, 1, 1]"
11n_105,"[1, -1, 1, 1, 1, 1, 1, -1, 1, 1, 1, 1]"
11n_106,"[-1, -1, -1, -1, 1, -1, 1, -1, 1, 1, 1, 1]"
11n_107,"[1, -1, -1, 1, 1, 1, 1, -1, 1, 1, 1, 1]"
11n_109,"[-1, -1, -1, 1, -1, -1, -1, -1, -1, -1, 1, 1]"
11n_118,"[1, 1, 1, 1, 1, -1, 1, 1, -1, 1, 1, 1]"
11n_119,"[-1, -1, -1, 1, -1, 1, -1, -1, 1, 1, 1, 1]"
11n_121,"[-1, -1, -1, -1, 1, -1, -1, -1, -1, -1, 1, 1]"
11n_122,"[-1, -1, 1, -1, -1, -1, -1, 1, -1, -1, 1, 1]"
11n_123,"[1, -1, -1, 1, -1, -1, -1, 1, 1, -1, -1, 1]"
11n_125,"[1, -1, 1, -1, 1, 1, 1, -1, 1, -1, 1, 1]"
11n_126,"[1, 1, 1, 1, 1, 1, -1, 1, 1, 1, -1, 1, 1, 1]"
11n_136,"[1, 1, 1, 1, 1, 1, -1, -1, 1, 1, 1, 1, 1, 1]"
11n_137,"[-1, -1, -1, 1, 1, -1, -1, -1, -1, -1, -1, 1, 1, 1]"
11n_138,"[-1, -1, 1, 1, -1, -1, 1, -1, 1, -1, 1, 1]"
11n_139,"[1, -1, -1, 1, 1, -1, 1, 1, 1, 1, -1, 1]"
11n_140,"[-1, -1, -1, -1, 1, 1, -1, -1, -1, 1, 1, -1, -1, 1]"
11n_141,"[1, -1, -1, -1, -1, 1, 1, 1, -1, -1, 1, -1, -1, 1]"
11n_142,"[1, -1, -1, 1, -1, -1, -1, 1, 1, -1, -1, 1]"
11n_143,"[1, -1, -1, 1, 1, 1, -1, 1, -1, -1, 1, 1]"
11n_145,"[1, -1, 1, 1, -1, 1, -1, -1, -1, 1, 1, 1]"
11n_146,"[1, -1, 1, 1, 1, 1, 1, -1, -1, 1, 1, 1]"
11n_148,"[1, -1, 1, -1, 1, 1, -1, 1, -1, 1, 1, 1]"
11n_149,"[1, -1, 1, 1, 1, -1, 1, 1, -1, 1, 1, 1]"
11n_150,"[1, -1, -1, 1, 1, -1, 1, 1, 1, -1, 1, 1]"
11n_153,"[-1, -1, 1, 1, -1, -1, 1, 1, -1, 1, 1, 1]"
11n_155,"[-1, -1, 1, 1, -1, 1, 1, -1, -1, 1, 1, 1]"
11n_158,"[-1, 1, 1, 1, -1, 1, 1, -1, 1, 1, 1, 1]"
11n_161,"[1, -1, 1, 1, 1, -1, 1, 1, 1, 1, -1, -1, -1, 1]"
11n_164,"[1, -1, 1, 1, 1, -1, 1, 1, 1, -1, -1, 1, 1, 1]"
11n_167,"[1, 1, 1, 1, 1, -1, -1, 1, -1, -1, 1, 1]"
11n_168,"[1, -1, -1, -1, 1, -1, -1, 1, 1, 1, 1, 1]"
11n_170,"[-1, -1, -1, 1, 1, -1, -1, -1, -1, -1, 1, -1, 1, 1]"
11n_173,"[-1, 1, 1, 1, 1, 1, 1, -1, 1, -1, 1, 1]"
11n_176,"[-1, -1, -1, 1, -1, -1, -1, 1, -1, -1, 1, 1]"
11n_181,"[1, 1, -1, 1, -1, 1, 1, 1, 1, 1, -1, 1, 1, 1]"
11n_182,"[1, -1, -1, 1, -1, 1, -1, 1, -1, -1, 1, 1]"
11n_183,"[-1, 1, 1, 1, 1, 1, 1, 1, 1, 1, 1, 1]"
11n_184,"[-1, 1, 1, 1, -1, 1, 1, 1, 1, -1, 1, 1]"
11n_185,"[-1, 1, 1, 1, 1, -1, 1, 1, 1, 1, 1, 1]"
12a_0001,"[-1, 1, -1, -1, 1, 1, -1, -1, 1, -1, 1, -1, -1, 1]"
12a_0002,"[-1, 1, -1, -1, -1, 1, -1, -1, 1, 1, -1, 1, 1, 1]"
12a_0010,"[-1, 1, -1, -1, 1, 1, -1, -1, 1, -1, 1, 1, 1, 1, 1, 1]"
12a_0011,"[-1, 1, -1, -1, -1, 1, -1, -1, 1, -1, -1, -1, -1, 1]"
12a_0016,"[-1, 1, 1, -1, -1, 1, 1, -1, -1, 1, -1, 1]"
12a_0023,"[-1, -1, -1, 1, 1, -1, 1, 1, -1, 1, -1, -1, 1, -1, -1, 1, 1, 1]"
12a_0029,"[-1, 1, 1, -1, -1, -1, 1, -1, -1, -1, -1, -1, 1, 1]"
12a_0030,"[-1, 1, -1, -1, -1, 1, 1, -1, -1, 1, 1, -1, -1, 1]"
12a_0033,"[-1, 1, -1, -1, 1, -1, 1, -1, -1, -1, -1, 1, 1, 1]"
12a_0035,"[-1, 1, 1, -1, 1, 1, 1, 1, -1, 1, 1, -1, 1, 1]"
12a_0036,"[-1, 1, 1, -1, 1, 1, 1, 1, -1, 1, 1, 1, 1, 1]"
12a_0048,"[-1, 1, -1, 1, -1, -1, 1, -1, -1, 1, 1, 1]"
12a_0049,"[-1, 1, -1, -1, -1, -1, -1, -1, -1, 1, -1, 1, -1, 1, 1, 1]"
12a_0051,"[-1, -1, -1, -1, 1, -1, -1, -1, 1, 1, 1, 1, -1, 1, 1, 1]"
12a_0057,"[-1, -1, 1, -1, -1, 1, 1, -1, 1, -1, -1, 1, 1, 1]"
12a_0060,"[-1, 1, -1, -1, 1, -1, -1, -1, 1, 1, -1, 1, 1, 1]"
12a_0062,"[-1, -1, 1, 1, -1, -1, 1, -1, 1, 1, -1, 1, 1, 1]"
12a_0066,"[-1, 1, -1, -1, -1, 1, -1, 1, 1, -1, 1, 1, 1, 1]"
12a_0067,"[-1, 1, -1, -1, 1, -1, -1, -1, 1, -1, -1, 1, 1, 1]"
12a_0071,"[-1, -1, 1, -1, 1, -1, 1, 1, 1, -1, 1, 1]"
12a_0074,"[-1, 1, 1, -1, -1, -1, -1, 1, -1, 1, -1, -1, -1, 1]"
12a_0077,"[-1, 1, -1, -1, 1, -1, -1, -1, 1, 1, 1, 1]"
12a_0079,"[-1, 1, -1, 1, 1, -1, -1, -1, 1, 1, -1, 1, 1, 1]"
12a_0081,"[-1, 1, -1, 1, 1, -1, 1, -1, -1, -1, 1, 1, 1, 1, 1, 1]"
12a_0086,"[-1, 1, -1, -1, -1, -1, -1, -1, -1, 1, -1, 1, 1, 1]"
12a_0088,"[1, 1, -1, -1, 1, 1, -1, 1, -1, -1, 1, 1, 1, 1]"
12a_0095,"[-1, 1, 1, -1, 1, -1, -1, 1, 1, 1, 1, 1, 1, 1]"
12a_0097,"[1, 1, 1, 1, -1, 1, -1, 1, -1, 1, 1, 1, 1, 1, 1, 1]"
12a_0100,"[-1, 1, 1, 1, -1, -1, -1, 1, 1, -1, -1, -1, 1, -1, -1, 1, 1, 1]"
12a_0103,"[-1, -1, 1, 1, 1, -1, 1, -1, -1, -1, 1, 1, 1, 1, 1, 1]"
12a_0113,"[-1, 1, -1, 1, 1, -1, -1, 1, 1, -1, 1, 1, 1, 1]"
12a_0114,"[-1, 1, 1, 1, 1, 1, -1, -1, -1, 1, 1, 1, 1, 1, 1, 1]"
12a_0116,"[-1, 1, -1, 1, -1, -1, -1, -1, 1, -1, -1, 1, 1, 1]"
12a_0117,"[-1, -1, 1, 1, 1, -1, 1, 1, 1, 1, 1, -1, 1, 1, 1, 1]"
12a_0119,"[-1, 1, -1, 1, 1, -1, 1, 1, -1, 1, 1, 1, 1, 1]"
12a_0121,"[-1, -1, -1, 1, -1, 1, -1, -1, 1, 1, -1, 1, 1, 1]"
12a_0122,"[-1, 1, -1, -1, -1, 1, -1, -1, 1, -1, 1, 1]"
12a_0127,"[-1, 1, 1, -1, -1, -1, 1, 1, 1, -1, 1, 1, 1, 1]"
12a_0130,"[-1, 1, 1, 1, -1, 1, -1, -1, 1, -1, -1, 1, 1, 1]"
12a_0136,"[-1, -1, 1, -1, -1, 1, 1, -1, -1, 1, -1, 1]"
12a_0150,"[-1, 1, -1, -1, -1, -1, -1, -1, -1, 1, 1, -1, -1, 1, 1, 1]"
12a_0151,"[-1, 1, -1, 1, 1, 1, -1, -1, -1, 1, 1, 1, 1, 1, 1, 1]"
12a_0155,"[-1, 1, 1, 1, -1, 1, -1, 1, -1, -1, -1, 1, 1, -1, 1, 1, 1, 1]"
12a_0156,"[1, -1, -1, 1, 1, 1, 1, 1, 1, 1, 1, -1, 1, -1, 1, 1, 1, 1]"
12a_0157,"[1, 1, -1, -1, 1, -1, 1, -1, -1, -1, 1, 1, 1, 1]"
12a_0163,"[-1, -1, 1, 1, 1, -1, 1, -1, -1, 1, 1, 1, 1, 1, 1, 1]"
12a_0164,"[1, 1, -1, -1, 1, -1, 1, -1, -1, 1, 1, 1, 1, 1]"
12a_0165,"[-1, -1, 1, -1, 1, 1, 1, 1, -1, -1, 1, 1, 1, 1, 1, 1]"
12a_0166,"[1, 1, -1, -1, -1, 1, 1, -1, 1, 1, -1, 1, 1, 1]"
12a_0167,"[-1, -1, -1, -1, -1, 1, -1, -1, -1, 1, 1, -1, 1, 1]"
12a_0168,"[-1, -1, -1, -1, -1, 1, -1, -1, -1, -1, 1, 1, 1, 1]"
12a_0172,"[-1, -1, 1, -1, -1, -1, 1, -1, -1, -1, 1, 1]"
12a_0175,"[-1, -1, 1, 1, 1, -1, -1, -1, -1, 1, -1, -1, 1, -1, 1, 1]"
12a_0177,"[-1, -1, 1, -1, -1, 1, -1, -1, -1, -1, 1, 1, -1, 1, 1, 1]"
12a_0179,"[-1, -1, 1, -1, -1, 1, 1, -1, 1, 1, 1, 1]"
12a_0181,"[-1, 1, 1, -1, -1, -1, -1, 1, 1, -1, -1, 1, 1, 1]"
12a_0182,"[-1, 1, -1, -1, -1, 1, -1, -1, -1, -1, 1, 1, 1, 1]"
12a_0189,"[-1, 1, -1, -1, -1, -1, 1, -1, -1, 1, 1, -1, 1, 1]"
12a_0193,"[-1, -1, 1, 1, -1, -1, -1, -1, 1, -1, -1, 1]"
12a_0195,"[-1, 1, 1, -1, -1, -1, -1, -1, 1, -1, -1, -1, 1, 1]"
12a_0197,"[-1, -1, -1, 1, 1, 1, -1, -1, -1, -1, 1, -1, 1, 1]"
12a_0203,"[-1, -1, 1, 1, -1, -1, -1, -1, 1, -1, 1, 1]"
12a_0206,"[-1, 1, 1, 1, 1, -1, 1, 1, -1, 1, 1, -1, 1, 1]"
12a_0207,"[-1, -1, -1, 1, -1, -1, -1, 1, 1, 1, -1, 1, 1, 1]"
12a_0208,"[-1, -1, -1, 1, 1, -1, -1, 1, -1, -1, 1, 1, -1, 1, 1, 1]"
12a_0209,"[-1, -1, -1, 1, -1, -1, 1, 1, -1, 1, 1, 1]"
12a_0210,"[-1, 1, 1, -1, 1, 1, 1, -1, -1, 1, 1, 1, -1, 1, 1, 1]"
12a_0212,"[-1, -1, -1, -1, 1, -1, 1, 1, 1, 1, -1, 1, 1, 1]"
12a_0215,"[-1, 1, -1, -1, -1, -1, 1, -1, -1, -1, 1, -1, 1, 1]"
12a_0223,"[-1, -1, -1, -1, 1, 1, -1, -1, -1, -1, 1, -1, 1, -1, 1, 1, 1, 1]"
12a_0224,"[-1, -1, 1, 1, -1, 1, -1, 1, -1, 1, 1, 1]"
12a_0229,"[-1, -1, -1, 1, -1, -1, 1, -1, -1, 1, 1, -1, 1, 1, 1, 1]"
12a_0231,"[-1, 1, 1, 1, -1, 1, 1, 1, 1, -1, 1, -1, -1, 1, 1, 1]"
12a_0233,"[-1, -1, 1, 1, -1, -1, 1, -1, -1, 1, 1, 1]"
12a_0234,"[-1, -1, 1, -1, -1, -1, -1, 1, 1, 1, 1, 1, 1, 1]"
12a_0236,"[-1, 1, 1, 1, 1, -1, 1, 1, -1, 1, 1, 1, 1, 1]"
12a_0239,"[-1, -1, 1, 1, 1, 1, -1, 1, -1, -1, 1, 1, 1, 1, 1, 1]"
12a_0244,"[-1, -1, 1, -1, -1, -1, -1, -1, -1, 1, -1, 1, -1, 1, 1, 1]"
12a_0245,"[-1, -1, -1, 1, 1, -1, -1, 1, 1, -1, 1, 1, 1, 1]"
12a_0246,"[-1, -1, 1, 1, -1, -1, 1, 1, 1, 1, 1, 1]"
12a_0251,"[-1, -1, 1, 1, -1, -1, 1, -1, 1, 1, 1, 1, 1, 1]"
12a_0256,"[-1, 1, 1, 1, -1, -1, -1, 1, 1, -1, 1, -1, 1, 1, 1, 1]"
12a_0260,"[-1, -1, 1, 1, 1, 1, -1, -1, -1, 1, -1, -1, 1, 1]"
12a_0265,"[-1, -1, 1, 1, -1, -1, 1, -1, -1, 1, 1, 1]"
12a_0269,"[-1, 1, 1, 1, -1, -1, 1, 1, 1, 1, -1, 1, 1, -1, 1, 1]"
12a_0270,"[-1, 1, 1, 1, -1, 1, 1, 1, -1, 1, -1, 1, -1, -1, 1, 1, 1, 1]"
12a_0280,"[-1, 1, 1, -1, 1, -1, -1, 1, 1, -1, 1, 1, 1, 1]"
12a_0281,"[-1, 1, 1, -1, 1, -1, 1, 1, 1, -1, 1, 1, 1, 1]"
12a_0287,"[-1, 1, -1, -1, 1, -1, -1, -1, -1, 1, -1, -1, 1, 1]"
12a_0288,"[-1, -1, -1, 1, -1, -1, -1, 1, 1, -1, -1, 1, -1, 1]"
12a_0290,"[-1, 1, -1, 1, 1, -1, -1, 1, -1, 1, 1, 1, 1, 1]"
12a_0291,"[-1, 1, 1, -1, 1, 1, 1, -1, -1, -1, 1, -1, 1, -1, 1, 1]"
12a_0292,"[-1, -1, -1, -1, -1, 1, -1, 1, -1, 1, 1, 1, 1, -1]"
12a_0295,"[-1, 1, 1, -1, 1, 1, 1, 1, 1, 1, 1, 1, 1, 1]"
12a_0296,"[-1, -1, -1, 1, 1, 1, -1, 1, -1, 1, 1, 1, -1, 1, 1, 1]"
12a_0297,"[-1, -1, -1, -1, -1, 1, 1, -1, -1, 1, -1, -1, 1, 1]"
12a_0298,"[-1, -1, 1, 1, -1, -1, -1, -1, 1, -1, 1, 1]"
12a_0302,"[-1, -1, -1, -1, 1, -1, -1, -1, 1, 1, -1, 1, 1, -1]"
12a_0303,"[-1, -1, -1, 1, 1, -1, -1, -1, 1, 1, -1, 1, 1, 1]"
12a_0306,"[-1, -1, 1, 1, -1, -1, -1, -1, 1, -1, 1, -1, 1, 1]"
12a_0308,"[-1, -1, -1, 1, -1, -1, 1, -1, -1, 1, 1, 1, -1, 1, 1, 1]"
12a_0311,"[-1, 1, 1, 1, -1, 1, 1, 1, 1, -1, 1, -1, -1, 1, 1, 1]"
12a_0312,"[1, -1, 1, 1, -1, -1, 1, 1, 1, -1, -1, 1, -1, 1, 1, 1, 1, 1]"
12a_0313,"[-1, 1, 1, 1, 1, -1, 1, 1, -1, 1, -1, -1, -1, 1, 1, 1]"
12a_0319,"[-1, 1, 1, -1, 1, 1, 1, 1, 1, 1, -1, 1, 1, 1, 1, 1]"
12a_0321,"[-1, -1, 1, 1, 1, -1, 1, 1, 1, 1, 1, 1, 1, 1]"
12a_0325,"[-1, -1, 1, -1, -1, -1, -1, 1, -1, -1, 1, 1, 1, 1]"
12a_0329,"[-1, 1, 1, 1, -1, -1, 1, 1, 1, -1, 1, 1, 1, 1]"
12a_0331,"[-1, -1, -1, 1, -1, -1, -1, -1, -1, -1, 1, -1, 1, 1]"
12a_0332,"[-1, -1, -1, -1, -1, -1, 1, -1, 1, -1, 1, -1, -1, 1, 1, 1]"
12a_0334,"[-1, -1, -1, 1, -1, -1, 1, -1, 1, -1, 1, -1, 1, 1]"
12a_0336,"[-1, 1, 1, 1, 1, -1, -1, 1, 1, 1, -1, 1, 1, -1, 1, 1]"
12a_0342,"[-1, -1, 1, 1, 1, -1, -1, -1, 1, 1, -1, 1]"
12a_0345,"[-1, 1, 1, 1, 1, 1, -1, 1, 1, 1, 1, 1, -1, 1, 1, 1]"
12a_0346,"[-1, -1, 1, 1, -1, -1, 1, 1, -1, -1, 1, 1, 1, 1]"
12a_0347,"[-1, 1, 1, -1, -1, -1, 1, 1, 1, -1, 1, 1, -1, 1]"
12a_0348,"[-1, -1, 1, 1, -1, -1, -1, -1, 1, -1, 1, -1, 1, 1, 1, 1]"
12a_0358,"[-1, -1, 1, 1, -1, -1, 1, 1, -1, 1, 1, 1]"
12a_0360,"[-1, 1, -1, 1, 1, 1, -1, -1, -1, 1, 1, -1, -1, 1, 1, 1]"
12a_0362,"[-1, -1, -1, 1, -1, -1, -1, -1, 1, -1, -1, -1, 1, 1]"
12a_0373,"[1, 1, 1, -1, -1, 1, 1, 1, -1, 1, 1, 1, 1, 1]"
12a_0374,"[-1, -1, 1, 1, -1, -1, -1, 1, 1, -1, 1, 1]"
12a_0375,"[-1, -1, -1, -1, -1, 1, -1, -1, 1, 1, -1, -1, 1, 1]"
12a_0376,"[-1, -1, -1, 1, 1, -1, -1, -1, -1, 1, -1, -1, 1, 1]"
12a_0377,"[-1, -1, 1, 1, -1, -1, -1, 1, -1, 1, 1, 1]"
12a_0386,"[-1, 1, -1, -1, -1, -1, -1, -1, 1, -1, -1, -1, 1, 1]"
12a_0389,"[-1, -1, -1, 1, -1, -1, -1, -1, 1, 1, -1, -1, 1, 1]"
12a_0390,"[-1, -1, 1, 1, -1, -1, 1, 1, -1, 1, 1, 1, 1, 1]"
12a_0392,"[1, -1, -1, 1, 1, 1, 1, 1, 1, 1, 1, -1, -1, 1, 1, 1, 1, 1]"
12a_0393,"[-1, -1, 1, 1, 1, 1, -1, -1, 1, 1, 1, -1, 1, 1, 1, 1]"
12a_0395,"[-1, -1, 1, -1, -1, 1, -1, 1, -1, -1, -1, -1, 1, -1, 1, 1]"
12a_0396,"[-1, 1, 1, 1, -1, -1, -1, 1, -1, 1, -1, 1, 1, 1]"
12a_0401,"[-1, 1, 1, -1, -1, -1, 1, 1, 1, 1, -1, 1, -1, 1, 1, 1]"
12a_0404,"[-1, 1, -1, -1, 1, 1, -1, -1, -1, 1, 1, -1, -1, 1, 1, 1]"
12a_0408,"[-1, -1, -1, 1, 1, 1, -1, -1, 1, 1, 1, 1, 1, 1, 1, 1]"
12a_0409,"[-1, -1, 1, 1, -1, 1, 1, 1, 1, 1, 1, 1, 1, 1]"
12a_0411,"[-1, -1, 1, -1, -1, -1, -1, -1, 1, -1, -1, 1, 1, 1]"
12a_0413,"[-1, 1, 1, 1, -1, -1, 1, -1, -1, 1, 1, 1]"
12a_0414,"[1, -1, -1, 1, -1, 1, 1, 1, 1, 1, 1, -1, 1, -1, -1, 1, 1, 1]"
12a_0415,"[-1, -1, 1, 1, -1, -1, 1, -1, -1, 1, 1, 1]"
12a_0416,"[-1, -1, 1, 1, -1, -1, 1, -1, 1, 1, 1, 1]"
12a_0419,"[-1, -1, 1, 1, -1, -1, 1, 1, -1, 1, 1, 1]"
12a_0420,"[-1, 1, 1, 1, 1, 1, -1, 1, 1, 1, 1, 1, 1, 1]"
12a_0422,"[-1, 1, 1, 1, -1, 1, -1, -1, -1, -1, -1, -1, 1, 1]"
12a_0425,"[-1, 1, 1, 1, -1, 1, -1, -1, -1, -1, -1, 1, -1, 1, 1, 1]"
12a_0426,"[-1, -1, 1, -1, 1, -1, -1, -1, 1, 1, -1, 1, 1, 1]"
12a_0427,"[-1, -1, 1, 1, -1, -1, 1, 1, -1, -1, 1, 1]"
12a_0428,"[-1, 1, -1, -1, 1, -1, -1, 1, -1, 1, 1, 1, 1, 1]"
12a_0429,"[-1, 1, 1, -1, 1, -1, -1, 1, -1, -1, 1, 1, 1, 1]"
12a_0433,"[-1, -1, 1, 1, 1, 1, 1, -1, 1, 1, 1, 1, 1, 1]"
12a_0434,"[-1, -1, 1, 1, 1, -1, -1, -1, -1, -1, -1, 1, 1, 1]"
12a_0435,"[-1, -1, 1, 1, 1, 1, -1, -1, -1, 1, 1, 1, -1, -1]"
12a_0439,"[-1, -1, 1, 1, -1, -1, 1, 1, -1, -1, 1, 1]"
12a_0444,"[-1, -1, 1, 1, 1, 1, -1, 1, 1, -1, 1, 1, 1, 1, 1, 1]"
12a_0445,"[-1, -1, 1, 1, -1, -1, -1, -1, 1, -1, 1, 1]"
12a_0446,"[-1, -1, 1, 1, -1, -1, 1, -1, 1, 1, 1, 1]"
12a_0448,"[-1, 1, 1, 1, -1, -1, -1, -1, 1, 1, -1, 1, -1, 1, 1, 1]"
12a_0450,"[-1, -1, -1, -1, 1, 1, -1, -1, 1, -1, -1, -1, 1, -1, 1, 1]"
12a_0451,"[-1, -1, 1, 1, -1, 1, -1, 1, 1, 1, -1, 1]"
12a_0456,"[-1, -1, 1, 1, 1, -1, -1, 1, -1, 1, -1, 1]"
12a_0459,"[-1, -1, -1, 1, -1, -1, -1, 1, -1, -1, 1, -1, 1, -1, 1, 1]"
12a_0463,"[-1, -1, -1, 1, 1, -1, 1, -1, 1, 1, 1, -1, 1, 1]"
12a_0464,"[-1, -1, -1, 1, -1, -1, 1, -1, -1, -1, 1, 1, 1, 1]"
12a_0472,"[-1, -1, -1, 1, -1, -1, -1, -1, -1, -1, 1, -1, -1, 1, 1, 1]"
12a_0475,"[-1, 1, 1, -1, -1, 1, 1, 1, -1, -1, 1, -1, 1, 1]"
12a_0482,"[-1, -1, 1, 1, 1, -1, -1, -1, 1, -1, 1, -1, 1, 1]"
12a_0485,"[-1, -1, 1, 1, -1, -1, 1, -1, -1, -1, 1, 1]"
12a_0486,"[-1, -1, 1, 1, -1, -1, 1, -1, 1, -1, 1, 1]"
12a_0490,"[-1, 1, 1, -1, 1, 1, 1, -1, 1, 1, 1, 1, 1, 1, 1, 1]"
12a_0491,"[-1, -1, 1, 1, 1, 1, -1, -1, -1, -1, 1, -1, -1, 1, 1, 1]"
12a_0493,"[-1, 1, 1, 1, -1, -1, -1, 1, 1, -1, -1, 1, -1, 1]"
12a_0494,"[-1, -1, -1, 1, 1, 1, -1, -1, -1, 1, 1, 1, -1, -1, 1, -1, 1, 1]"
12a_0496,"[-1, 1, 1, -1, 1, -1, 1, -1, -1, 1, 1, 1, 1, 1]"
12a_0498,"[-1, 1, -1, 1, 1, -1, -1, -1, 1, 1, 1, 1]"
12a_0503,"[-1, 1, -1, -1, 1, -1, 1, -1, -1, 1, 1, -1, 1, 1]"
12a_0504,"[-1, 1, 1, -1, 1, 1, 1, 1, -1, 1, -1, 1, 1, -1, 1, 1]"
12a_0505,"[-1, -1, -1, -1, 1, -1, -1, -1, 1, -1, 1, -1, 1, 1]"
12a_0508,"[-1, 1, 1, 1, -1, -1, 1, 1, 1, 1, -1, 1, 1, 1]"
12a_0509,"[-1, -1, 1, 1, -1, 1, -1, 1, -1, 1, 1, 1, 1, 1]"
12a_0515,"[-1, 1, 1, 1, -1, -1, 1, -1, -1, 1, 1, -1, 1, 1]"
12a_0519,"[-1, 1, 1, 1, 1, -1, -1, 1, 1, 1, 1, 1, 1, 1]"
12a_0523,"[-1, 1, 1, -1, -1, -1, 1, -1, -1, 1, 1, 1, 1, 1]"
12a_0524,"[-1, -1, 1, 1, 1, -1, 1, -1, -1, 1, 1, -1, 1, 1, 1, 1]"
12a_0525,"[-1, -1, -1, 1, -1, -1, 1, -1, -1, 1, 1, -1, 1, -1, 1, 1]"
12a_0528,"[-1, -1, 1, 1, -1, -1, -1, -1, 1, -1, 1, 1]"
12a_0529,"[-1, -1, 1, -1, 1, -1, -1, -1, -1, 1, 1, -1, 1, 1, 1, 1]"
12a_0540,"[-1, -1, 1, 1, 1, 1, 1, -1, -1, 1, 1, 1, 1, 1]"
12a_0541,"[-1, -1, 1, 1, 1, 1, -1, -1, 1, 1, 1, 1]"
12a_0542,"[-1, 1, -1, 1, 1, 1, 1, -1, 1, -1, -1, 1, 1, -1, 1, 1, 1, 1]"
12a_0546,"[-1, -1, 1, 1, 1, -1, 1, -1, 1, 1, -1, 1, -1, 1, 1, 1]"
12a_0549,"[-1, -1, 1, 1, 1, -1, 1, -1, 1, -1, -1, 1, 1, 1, 1, 1]"
12a_0554,"[1, -1, -1, 1, -1, -1, 1, -1, 1, 1, -1, -1, -1, 1, -1, 1, 1, 1]"
12a_0561,"[-1, 1, -1, 1, 1, -1, -1, 1, 1, 1, 1, 1, 1, 1]"
12a_0562,"[-1, -1, -1, 1, 1, 1, -1, 1, -1, 1, -1, 1, 1, 1, 1, 1]"
12a_0563,"[-1, 1, 1, 1, -1, 1, 1, 1, 1, -1, 1, -1, -1, 1, 1, 1]"
12a_0564,"[-1, 1, -1, 1, 1, 1, 1, -1, 1, -1, 1, -1, -1, 1, 1, 1, 1, 1]"
12a_0567,"[-1, 1, -1, 1, -1, 1, 1, -1, -1, -1, 1, 1, 1, 1]"
12a_0569,"[-1, -1, -1, -1, 1, -1, -1, -1, -1, -1, 1, -1, 1, 1]"
12a_0570,"[-1, -1, -1, -1, 1, -1, -1, -1, 1, 1, -1, -1, 1, -1, 1, 1]"
12a_0571,"[1, -1, 1, 1, 1, 1, -1, -1, 1, -1, 1, -1, 1, 1]"
12a_0574,"[1, 1, 1, 1, 1, -1, 1, 1, 1, 1, 1, 1, 1, 1]"
12a_0575,"[-1, 1, 1, 1, 1, 1, 1, -1, 1, 1, 1, 1, 1, 1]"
12a_0576,"[-1, -1, -1, 1, -1, -1, -1, -1, -1, -1, 1, 1]"
12a_0577,"[-1, -1, 1, -1, -1, -1, 1, -1, -1, -1, 1, 1, -1, 1]"
12a_0578,"[-1, -1, -1, 1, -1, -1, 1, -1, -1, -1, -1, 1, 1, 1]"
12a_0579,"[-1, -1, -1, 1, 1, -1, -1, -1, 1, 1, 1, 1]"
12a_0580,"[-1, -1, -1, -1, -1, -1, 1, -1, -1, -1, 1, 1, 1, 1]"
12a_0588,"[-1, 1, 1, -1, -1, -1, 1, 1, 1, 1, 1, -1, 1, 1]"
12a_0594,"[-1, -1, -1, 1, -1, -1, -1, 1, -1, 1, -1, -1, 1, 1]"
12a_0596,"[-1, -1, -1, 1, -1, 1, -1, 1, -1, 1, -1, -1, -1, 1, 1, 1]"
12a_0597,"[-1, -1, 1, 1, 1, -1, -1, -1, -1, 1, 1, -1, 1, 1]"
12a_0611,"[-1, -1, 1, 1, 1, 1, -1, -1, 1, 1, 1, -1, 1, 1, 1, 1]"
12a_0615,"[-1, 1, 1, 1, 1, 1, 1, 1, -1, 1, 1, -1, 1, 1, 1, 1]"
12a_0617,"[-1, 1, -1, 1, -1, -1, -1, -1, 1, 1, 1, 1, 1, 1]"
12a_0623,"[-1, 1, 1, -1, 1, 1, 1, -1, 1, 1, -1, -1, 1, 1, 1, 1]"
12a_0626,"[1, -1, -1, 1, 1, 1, -1, -1, 1, 1, 1, -1, 1, 1]"
12a_0628,"[-1, 1, 1, -1, 1, 1, 1, -1, -1, 1, 1, -1, 1, 1]"
12a_0629,"[-1, 1, 1, -1, 1, -1, -1, 1, -1, -1, 1, -1, 1, 1]"
12a_0631,"[-1, 1, 1, -1, -1, 1, -1, -1, 1, 1, -1, -1, 1, 1]"
12a_0633,"[-1, 1, 1, -1, 1, 1, 1, -1, 1, -1, 1, 1, -1, 1, -1, 1]"
12a_0634,"[-1, -1, -1, 1, -1, -1, -1, -1, 1, 1, -1, -1, 1, -1, 1, 1]"
12a_0635,"[-1, -1, -1, 1, 1, 1, -1, -1, -1, 1, 1, 1, -1, -1, 1, 1]"
12a_0636,"[-1, -1, 1, -1, -1, 1, -1, 1, 1, -1, -1, -1, -1, -1, 1, 1, 1, 1]"
12a_0637,"[-1, -1, 1, 1, -1, 1, -1, 1, 1, -1, -1, -1, -1, 1]"
12a_0643,"[-1, 1, 1, 1, -1, -1, 1, -1, -1, -1, -1, -1, 1, 1]"
12a_0647,"[1, 1, -1, 1, 1, 1, 1, 1, 1, 1, 1, 1, 1, 1]"
12a_0648,"[-1, 1, 1, 1, 1, 1, -1, 1, 1, 1, 1, 1, 1, 1]"
12a_0650,"[-1, -1, -1, 1, 1, -1, 1, -1, -1, -1, 1, 1, 1, 1]"
12a_0654,"[-1, 1, 1, -1, 1, 1, 1, -1, -1, 1, 1, 1, 1, 1]"
12a_0655,"[-1, 1, 1, 1, -1, -1, 1, -1, -1, -1, -1, -1, 1, 1]"
12a_0665,"[1, -1, -1, 1, 1, 1, -1, -1, 1, -1, 1, -1, -1, 1, 1, 1, 1, 1]"
12a_0666,"[-1, 1, 1, -1, -1, -1, -1, 1, 1, 1, 1, -1, 1, 1, 1, 1]"
12a_0668,"[-1, 1, -1, -1, -1, 1, -1, -1, 1, 1, 1, 1, 1, 1]"
12a_0670,"[-1, -1, 1, -1, 1, -1, 1, -1, -1, 1, 1, 1, 1, 1]"
12a_0672,"[-1, 1, -1, 1, -1, 1, -1, -1, 1, 1, 1, 1, 1, 1]"
12a_0679,"[-1, 1, 1, 1, 1, 1, -1, -1, 1, 1, 1, 1, 1, 1, 1, 1]"
12a_0683,"[-1, -1, 1, 1, 1, 1, -1, -1, 1, 1, 1, 1]"
12a_0684,"[-1, -1, -1, 1, 1, 1, 1, -1, -1, 1, 1, 1, 1, 1]"
12a_0685,"[-1, 1, 1, 1, -1, 1, 1, -1, 1, 1, -1, -1, 1, 1, 1, 1]"
12a_0689,"[-1, -1, -1, 1, 1, 1, -1, 1, -1, 1, 1, 1, 1, 1]"
12a_0692,"[-1, -1, -1, 1, 1, -1, -1, -1, -1, -1, 1, 1, -1, 1]"
12a_0693,"[-1, -1, -1, 1, -1, 1, -1, -1, -1, 1, -1, 1]"
12a_0694,"[1, 1, -1, 1, 1, 1, 1, -1, 1, 1, -1, 1, 1, 1]"
12a_0699,"[-1, 1, -1, -1, 1, 1, -1, -1, -1, 1, 1, -1, -1, 1]"
12a_0701,"[-1, -1, -1, -1, -1, 1, -1, -1, -1, -1, 1, 1, 1, 1]"
12a_0702,"[-1, -1, 1, -1, -1, 1, -1, -1, 1, -1, -1, 1]"
12a_0703,"[-1, -1, -1, 1, -1, 1, -1, -1, -1, 1, -1, -1, 1, 1]"
12a_0705,"[-1, -1, 1, -1, 1, 1, -1, -1, 1, 1, -1, 1]"
12a_0706,"[-1, 1, -1, 1, 1, -1, -1, -1, 1, -1, 1, 1, 1, 1]"
12a_0708,"[-1, 1, -1, 1, -1, 1, -1, -1, -1, 1, -1, 1, 1, 1]"
12a_0711,"[-1, -1, 1, -1, -1, 1, -1, -1, 1, -1, 1, 1]"
12a_0712,"[-1, -1, 1, -1, -1, 1, -1, -1, -1, 1, -1, -1, 1, 1]"
12a_0718,"[-1, -1, -1, -1, -1, 1, 1, -1, -1, -1, 1, -1, 1, 1]"
12a_0719,"[-1, -1, -1, -1, 1, -1, -1, -1, -1, 1, 1, -1, -1, 1, 1, 1]"
12a_0721,"[-1, -1, -1, 1, 1, -1, -1, -1, -1, 1, 1, -1, 1, -1]"
12a_0723,"[-1, 1, 1, 1, 1, 1, -1, 1, -1, 1, 1, 1, 1, 1]"
12a_0725,"[-1, 1, -1, 1, 1, 1, 1, 1, -1, -1, 1, 1, -1, 1, 1, 1]"
12a_0730,"[-1, -1, 1, 1, 1, 1, 1, -1, -1, 1, 1, -1, 1, 1, 1, 1]"
12a_0731,"[-1, 1, 1, 1, -1, -1, 1, 1, 1, -1, 1, -1, 1, 1]"
12a_0735,"[-1, 1, -1, -1, 1, 1, 1, 1, 1, -1, 1, -1, -1, 1, 1, 1, 1, 1]"
12a_0736,"[-1, 1, 1, -1, -1, -1, 1, 1, -1, -1, 1, -1, 1, 1]"
12a_0737,"[-1, -1, -1, -1, 1, -1, 1, -1, -1, -1, -1, 1, 1, 1]"
12a_0739,"[-1, 1, 1, 1, 1, 1, -1, 1, -1, 1, 1, 1, 1, 1]"
12a_0741,"[-1, -1, 1, 1, 1, 1, 1, -1, 1, 1, -1, 1, 1, -1, 1, 1]"
12a_0742,"[-1, -1, -1, 1, 1, -1, -1, -1, -1, 1, 1, 1, 1, 1]"
12a_0750,"[1, -1, -1, 1, 1, 1, 1, 1, -1, 1, -1, -1, 1, 1, 1, 1, -1, -1, 1, 1]"
12a_0760,"[-1, 1, 1, 1, -1, -1, -1, 1, -1, -1, -1, 1, -1, 1]"
12a_0762,"[-1, -1, 1, 1, 1, 1, 1, -1, 1, 1, 1, 1, 1, 1]"
12a_0766,"[-1, -1, 1, 1, -1, -1, -1, 1, 1, 1, -1, -1, 1, 1]"
12a_0767,"[1, -1, 1, -1, 1, 1, 1, 1, 1, -1, 1, -1, -1, -1, 1, 1, 1, 1]"
12a_0768,"[-1, -1, 1, 1, 1, -1, -1, -1, 1, 1, -1, -1, -1, 1]"
12a_0769,"[-1, -1, 1, -1, -1, -1, -1, 1, 1, 1, 1, -1, -1, 1, 1, -1, 1, 1]"
12a_0771,"[-1, -1, 1, -1, -1, -1, -1, -1, 1, 1, 1, -1, -1, 1, 1, -1]"
12a_0772,"[-1, 1, 1, -1, -1, 1, 1, 1, -1, 1, 1, 1, -1, 1]"
12a_0775,"[-1, -1, -1, 1, 1, 1, 1, 1, -1, 1, -1, 1, 1, 1, 1, 1]"
12a_0777,"[-1, -1, 1, 1, -1, -1, 1, 1, 1, 1, -1, 1, 1, 1]"
12a_0780,"[-1, -1, 1, 1, 1, 1, 1, -1, 1, -1, -1, 1, 1, 1, 1, 1]"
12a_0785,"[-1, 1, 1, 1, 1, -1, -1, 1, 1, -1, 1, 1, 1, 1]"
12a_0787,"[-1, 1, 1, 1, -1, -1, -1, 1, -1, -1, 1, -1, -1, 1, 1, -1, 1, 1]"
12a_0791,"[-1, 1, 1, 1, -1, -1, 1, 1, -1, 1, -1, -1, -1, 1]"
12a_0793,"[-1, -1, 1, -1, 1, 1, -1, -1, 1, -1, 1, 1]"
12a_0796,"[-1, -1, 1, 1, -1, 1, 1, 1, -1, 1, 1, 1, 1, 1]"
12a_0798,"[-1, 1, 1, 1, 1, 1, -1, -1, 1, 1, -1, 1, 1, 1]"
12a_0800,"[-1, -1, 1, 1, 1, -1, 1, 1, -1, 1, 1, 1, 1, 1]"
12a_0801,"[-1, 1, 1, 1, 1, 1, -1, -1, 1, 1, 1, 1, 1, 1]"
12a_0803,"[-1, -1, -1, 1, 1, 1, -1, 1, -1, 1, -1, 1, 1, 1, 1, 1]"
12a_0804,"[1, 1, -1, 1, 1, 1, -1, -1, 1, 1, -1, 1, 1, 1]"
12a_0805,"[-1, 1, -1, -1, -1, 1, -1, -1, -1, 1, -1, 1]"
12a_0806,"[-1, -1, -1, 1, -1, 1, -1, 1, -1, -1, 1, -1, 1, 1]"
12a_0807,"[-1, -1, -1, 1, -1, 1, -1, 1, -1, -1, -1, 1, 1, 1]"
12a_0808,"[-1, -1, 1, -1, 1, -1, -1, 1, -1, 1, -1, 1, -1, 1]"
12a_0809,"[-1, 1, 1, -1, 1, 1, 1, -1, -1, 1, 1, 1, 1, 1]"
12a_0810,"[-1, 1, -1, 1, 1, 1, 1, -1, -1, 1, 1, -1, 1, 1]"
12a_0812,"[-1, 1, 1, 1, -1, 1, 1, -1, -1, 1, 1, 1, -1, 1, 1, 1]"
12a_0814,"[-1, 1, 1, 1, 1, -1, 1, 1, 1, 1, 1, 1, 1, 1]"
12a_0818,"[-1, 1, 1, 1, -1, -1, -1, 1, -1, -1, 1, -1, 1, 1]"
12a_0823,"[-1, 1, -1, 1, 1, 1, 1, -1, 1, 1, -1, 1, 1, 1]"
12a_0827,"[-1, -1, 1, -1, -1, -1, 1, 1, 1, 1, -1, 1, 1, -1]"
12a_0828,"[-1, 1, 1, 1, 1, 1, 1, -1, 1, 1, 1, -1, 1, 1, 1, 1]"
12a_0841,"[-1, -1, 1, 1, 1, 1, 1, -1, -1, 1, 1, 1, -1, 1, 1, 1]"
12a_0845,"[-1, -1, -1, 1, -1, -1, -1, -1, 1, 1, -1, 1, 1, 1, 1, 1]"
12a_0847,"[-1, -1, 1, 1, -1, -1, 1, 1, 1, 1, 1, -1, 1, 1]"
12a_0852,"[-1, 1, 1, 1, 1, -1, -1, 1, -1, 1, -1, 1, 1, 1]"
12a_0853,"[-1, 1, -1, 1, 1, 1, -1, 1, -1, -1, 1, -1, -1, 1, 1, 1]"
12a_0855,"[1, -1, -1, 1, -1, -1, 1, 1, 1, -1, -1, 1, 1, 1]"
12a_0858,"[-1, -1, 1, 1, -1, -1, -1, 1, 1, -1, -1, 1, 1, -1]"
12a_0861,"[-1, -1, -1, -1, -1, 1, -1, 1, -1, -1, -1, 1, 1, 1]"
12a_0862,"[-1, -1, -1, 1, -1, -1, -1, 1, 1, -1, -1, 1, 1, -1, -1, 1]"
12a_0864,"[-1, 1, -1, -1, -1, 1, 1, -1, -1, 1, -1, 1]"
12a_0873,"[-1, 1, 1, 1, -1, 1, 1, -1, -1, -1, 1, 1, -1, -1, 1, 1]"
12a_0876,"[1, 1, 1, 1, 1, -1, 1, 1, 1, 1, 1, 1, 1, 1]"
12a_0878,"[-1, 1, 1, -1, -1, -1, -1, -1, -1, 1, 1, 1]"
12a_0882,"[-1, -1, -1, -1, -1, -1, 1, 1, -1, 1, -1, 1, 1, 1]"
12a_0886,"[-1, 1, -1, -1, 1, -1, -1, -1, -1, 1, 1, -1, -1, 1]"
12a_0888,"[-1, 1, -1, 1, 1, -1, -1, -1, 1, 1, -1, 1, 1, 1]"
12a_0893,"[-1, -1, 1, 1, 1, -1, -1, 1, -1, -1, 1, 1, -1, 1]"
12a_0894,"[-1, 1, 1, -1, 1, -1, 1, 1, -1, -1, -1, 1, 1, 1]"
12a_0895,"[-1, 1, -1, 1, 1, -1, -1, -1, 1, 1, 1, 1, 1, 1]"
12a_0902,"[-1, -1, 1, 1, -1, -1, 1, 1, -1, 1, 1, 1, -1, -1, -1, -1, 1, 1]"
12a_0903,"[-1, 1, 1, 1, -1, 1, -1, 1, 1, -1, 1, 1, -1, 1, 1, 1]"
12a_0904,"[-1, 1, -1, 1, 1, -1, 1, 1, -1, 1, 1, -1, 1, 1]"
12a_0905,"[-1, 1, -1, 1, 1, -1, -1, 1, 1, 1, -1, -1, 1, -1, 1, 1]"
12a_0907,"[-1, 1, 1, -1, 1, 1, 1, 1, 1, -1, -1, 1, 1, 1]"
12a_0909,"[1, -1, 1, -1, 1, 1, 1, -1, -1, 1, 1, 1]"
12a_0912,"[-1, -1, -1, 1, 1, -1, 1, -1, 1, -1, 1, 1, 1, 1]"
12a_0913,"[-1, -1, 1, 1, 1, -1, -1, 1, 1, 1, -1, -1, -1, 1]"
12a_0914,"[-1, -1, -1, 1, -1, -1, 1, -1, -1, 1, -1, -1, 1, 1, 1, -1]"
12a_0916,"[-1, 1, -1, -1, 1, -1, -1, -1, -1, 1, 1, 1]"
12a_0919,"[-1, -1, 1, 1, 1, -1, -1, -1, -1, 1, -1, 1, -1, 1, 1, 1]"
12a_0923,"[-1, 1, 1, 1, 1, 1, -1, 1, 1, 1, -1, 1, 1, 1]"
12a_0924,"[-1, -1, 1, 1, 1, 1, -1, -1, 1, 1, 1, -1, 1, 1, 1, 1]"
12a_0927,"[-1, 1, -1, 1, 1, 1, 1, -1, -1, 1, -1, 1, 1, -1, -1, 1]"
12a_0928,"[-1, 1, 1, -1, -1, 1, -1, -1, 1, -1, -1, -1, 1, 1]"
12a_0930,"[-1, 1, 1, 1, 1, 1, -1, 1, 1, 1, -1, 1, 1, 1]"
12a_0931,"[-1, 1, -1, 1, 1, -1, 1, 1, 1, 1, -1, -1, 1, 1, 1, 1]"
12a_0936,"[-1, 1, -1, -1, 1, 1, -1, -1, 1, 1, -1, 1, 1, -1]"
12a_0939,"[1, -1, -1, 1, -1, -1, 1, 1, 1, 1, 1, 1, -1, -1, -1, 1, 1, 1]"
12a_0940,"[-1, -1, -1, 1, 1, -1, 1, -1, 1, 1, -1, 1, 1, 1, 1, 1]"
12a_0941,"[-1, -1, -1, 1, 1, 1, 1, -1, 1, 1, -1, 1, 1, 1]"
12a_0944,"[-1, -1, 1, 1, 1, 1, 1, -1, -1, -1, -1, 1, 1, 1]"
12a_0949,"[-1, 1, 1, 1, -1, 1, 1, 1, -1, -1, -1, 1, 1, 1]"
12a_0952,"[-1, 1, 1, 1, 1, -1, -1, 1, 1, 1, 1, 1, 1, 1]"
12a_0964,"[-1, -1, 1, 1, -1, 1, 1, -1, -1, -1, -1, 1, -1, 1]"
12a_0965,"[-1, 1, -1, 1, 1, -1, -1, -1, 1, 1, -1, -1, 1, 1]"
12a_0970,"[-1, 1, -1, 1, 1, -1, -1, -1, -1, 1, -1, -1, 1, 1]"
12a_0972,"[-1, 1, 1, -1, -1, 1, 1, -1, -1, -1, -1, 1, 1, 1]"
12a_0973,"[-1, 1, 1, 1, 1, 1, -1, 1, 1, 1, 1, -1, 1, 1, 1, 1]"
12a_0974,"[1, -1, 1, 1, 1, 1, 1, -1, 1, -1, 1, 1, 1, -1, 1, 1, 1, 1]"
12a_0975,"[-1, -1, -1, 1, 1, -1, -1, 1, -1, -1, 1, -1, -1, 1, 1, 1]"
12a_0976,"[-1, -1, -1, 1, -1, -1, -1, -1, 1, -1, -1, -1, 1, 1, 1, 1]"
12a_0979,"[-1, -1, -1, -1, 1, -1, 1, 1, 1, -1, -1, 1, 1, 1]"
12a_0981,"[-1, 1, -1, -1, -1, -1, 1, -1, -1, 1, 1, 1]"
12a_0982,"[-1, -1, 1, -1, -1, -1, -1, 1, -1, 1, 1, 1, 1, 1]"
12a_0986,"[-1, 1, -1, -1, 1, 1, -1, -1, 1, -1, -1, 1, 1, 1]"
12a_0987,"[-1, 1, -1, -1, 1, -1, -1, -1, 1, -1, -1, -1, 1, 1]"
12a_0990,"[-1, -1, 1, -1, 1, -1, 1, 1, 1, -1, -1, -1, 1, 1]"
12a_0999,"[-1, 1, -1, -1, -1, -1, -1, 1, -1, 1, 1, 1]"
12a_1000,"[-1, -1, -1, -1, -1, 1, -1, 1, 1, 1, -1, 1, 1, 1]"
12a_1001,"[-1, 1, -1, -1, 1, 1, 1, -1, -1, 1, 1, -1, -1, 1, 1, 1]"
12a_1002,"[-1, -1, 1, -1, -1, -1, 1, 1, -1, 1, -1, 1]"
12a_1010,"[-1, 1, -1, 1, 1, -1, 1, -1, 1, 1, -1, 1, 1, -1, 1, 1]"
12a_1016,"[-1, 1, 1, -1, -1, -1, -1, 1, 1, 1, -1, 1, 1, -1]"
12a_1018,"[-1, -1, 1, 1, -1, -1, 1, -1, 1, 1, 1, -1, 1, 1]"
12a_1021,"[1, -1, 1, 1, -1, 1, 1, -1, 1, -1, 1, -1, 1, 1]"
12a_1022,"[-1, 1, 1, -1, -1, -1, 1, 1, 1, -1, 1, 1, 1, -1, 1, 1, 1, 1]"
12a_1025,"[-1, -1, -1, 1, -1, 1, 1, -1, -1, -1, 1, -1, 1, 1]"
12a_1026,"[-1, -1, 1, -1, 1, 1, -1, -1, -1, 1, -1, 1, 1, -1]"
12a_1029,"[-1, -1, -1, -1, -1, 1, 1, -1, -1, 1, 1, 1, 1, 1]"
12a_1036,"[-1, -1, 1, 1, 1, -1, 1, 1, 1, 1, 1, 1, 1, 1]"
12a_1043,"[-1, -1, 1, 1, -1, -1, 1, 1, 1, -1, -1, 1, 1, 1]"
12a_1044,"[-1, -1, 1, 1, 1, -1, -1, 1, 1, 1, -1, 1, 1, 1]"
12a_1050,"[-1, -1, 1, 1, -1, -1, 1, 1, 1, 1, -1, -1, 1, 1]"
12a_1057,"[-1, 1, -1, -1, 1, 1, 1, -1, -1, 1, 1, -1, -1, -1, 1, 1, 1, 1]"
12a_1059,"[-1, 1, 1, 1, 1, 1, -1, -1, 1, 1, 1, 1, 1, 1]"
12a_1060,"[-1, -1, 1, 1, 1, 1, -1, 1, -1, 1, -1, 1, 1, 1]"
12a_1061,"[-1, 1, 1, 1, 1, -1, -1, 1, 1, -1, -1, 1, 1, 1]"
12a_1062,"[-1, -1, 1, 1, 1, 1, 1, -1, -1, 1, 1, 1, 1, 1]"
12a_1073,"[-1, -1, 1, 1, -1, 1, 1, 1, -1, 1, 1, 1, -1, 1, 1, 1]"
12a_1076,"[-1, -1, -1, 1, 1, -1, -1, -1, 1, 1, -1, 1, 1, 1]"
12a_1077,"[-1, -1, 1, -1, 1, 1, -1, -1, -1, -1, -1, 1, 1, -1]"
12a_1079,"[-1, 1, 1, -1, 1, 1, 1, -1, -1, 1, -1, 1, 1, 1]"
12a_1080,"[-1, 1, 1, -1, -1, -1, 1, 1, 1, 1, -1, 1, 1, 1]"
12a_1087,"[-1, -1, -1, 1, 1, 1, -1, -1, 1, -1, 1, -1, 1, 1]"
12a_1091,"[-1, 1, 1, -1, 1, 1, -1, -1, -1, 1, -1, 1, 1, 1]"
12a_1092,"[-1, 1, -1, 1, 1, -1, 1, -1, -1, -1, 1, 1, 1, -1, 1, 1]"
12a_1093,"[-1, -1, 1, 1, 1, -1, -1, 1, 1, 1, -1, -1, 1, 1]"
12a_1094,"[-1, 1, 1, -1, -1, 1, 1, 1, 1, -1, -1, -1, 1, 1, 1, 1]"
12a_1095,"[-1, -1, 1, 1, 1, -1, -1, 1, -1, -1, -1, 1, 1, 1]"
12a_1100,"[1, 1, -1, -1, 1, -1, -1, -1, 1, -1, -1, 1, 1, 1]"
12a_1101,"[-1, 1, -1, -1, 1, -1, -1, -1, -1, -1, -1, 1, 1, 1]"
12a_1103,"[-1, -1, -1, -1, -1, -1, -1, 1, -1, 1, 1, -1, -1, 1, 1, 1]"
12a_1111,"[-1, 1, 1, -1, 1, -1, 1, -1, -1, -1, -1, 1, 1, 1]"
12a_1115,"[-1, -1, -1, -1, -1, -1, -1, 1, -1, 1, -1, 1, 1, 1]"
12a_1117,"[-1, 1, 1, 1, 1, -1, -1, 1, 1, 1, -1, 1, 1, 1, 1, 1]"
12a_1120,"[-1, -1, -1, 1, -1, -1, -1, 1, 1, 1, -1, 1]"
12a_1122,"[1, -1, 1, 1, -1, -1, 1, 1, -1, 1, -1, -1, 1, 1]"
12a_1123,"[-1, -1, 1, -1, -1, -1, 1, 1, 1, -1, 1, -1, -1, 1, 1, 1]"
12a_1129,"[1, -1, -1, -1, -1, 1, 1, 1, -1, -1, 1, -1, 1, 1]"
12a_1133,"[-1, 1, 1, -1, -1, -1, -1, 1, -1, 1, 1, -1, 1, -1]"
12a_1136,"[-1, -1, 1, 1, 1, 1, -1, -1, 1, 1, -1, 1, 1, 1]"
12a_1137,"[-1, -1, -1, 1, 1, 1, 1, -1, -1, 1, -1, 1, 1, -1, 1, 1]"
12a_1142,"[-1, -1, 1, 1, -1, -1, -1, 1, -1, -1, 1, 1, 1, 1, 1, -1]"
12a_1144,"[-1, 1, -1, -1, -1, 1, 1, -1, -1, 1, -1, -1, 1, 1, -1, 1, 1, 1]"
12a_1146,"[-1, -1, -1, -1, 1, 1, 1, 1, -1, -1, 1, 1, 1, 1]"
12a_1147,"[-1, -1, 1, 1, 1, 1, -1, -1, 1, -1, 1, 1, 1, 1]"
12a_1151,"[-1, -1, -1, 1, 1, -1, 1, 1, -1, -1, -1, -1, 1, 1, 1, 1]"
12a_1154,"[-1, 1, 1, -1, 1, 1, -1, 1, -1, -1, 1, -1, -1, 1, 1, 1, 1, 1]"
12a_1155,"[-1, -1, 1, 1, -1, 1, 1, 1, -1, 1, 1, -1, 1, 1, 1, 1]"
12a_1157,"[-1, 1, 1, 1, 1, -1, -1, 1, 1, 1, 1, -1, 1, 1]"
12a_1160,"[1, -1, 1, -1, 1, -1, -1, -1, 1, 1, 1, 1, -1, -1, 1, 1, 1, 1]"
12a_1161,"[-1, -1, -1, 1, 1, 1, 1, -1, 1, -1, 1, -1, 1, 1, 1, 1]"
12a_1162,"[-1, -1, -1, 1, 1, 1, 1, -1, -1, 1, 1, 1, 1, 1]"
12a_1164,"[-1, 1, 1, 1, 1, -1, -1, 1, -1, 1, 1, 1, -1, 1]"
12a_1166,"[-1, -1, -1, -1, 1, 1, 1, -1, 1, -1, -1, 1, 1, 1, 1, 1]"
12a_1170,"[-1, -1, 1, -1, -1, -1, 1, 1, 1, -1, -1, 1, 1, 1]"
12a_1173,"[-1, 1, -1, -1, 1, 1, 1, -1, -1, 1, 1, 1, -1, -1, 1, 1, 1, 1]"
12a_1177,"[-1, -1, 1, -1, 1, -1, -1, -1, 1, 1, 1, -1, 1, 1]"
12a_1180,"[-1, 1, 1, 1, 1, -1, -1, 1, -1, 1, -1, -1, 1, 1]"
12a_1181,"[-1, 1, 1, 1, 1, -1, -1, 1, -1, 1, -1, 1, -1, 1]"
12a_1184,"[-1, 1, 1, 1, 1, 1, -1, 1, 1, -1, -1, 1, 1, 1]"
12a_1187,"[-1, -1, -1, -1, 1, -1, 1, -1, 1, -1, -1, 1, 1, 1]"
12a_1189,"[-1, -1, 1, 1, -1, 1, 1, -1, 1, 1, -1, -1, 1, 1, 1, 1]"
12a_1190,"[-1, -1, 1, -1, 1, -1, -1, 1, 1, 1, 1, -1, 1, 1]"
12a_1191,"[-1, 1, -1, -1, -1, -1, 1, -1, -1, 1, -1, 1]"
12a_1196,"[-1, 1, 1, -1, 1, -1, 1, -1, 1, -1, -1, 1, 1, 1]"
12a_1197,"[-1, -1, 1, 1, -1, 1, 1, 1, -1, -1, -1, 1, 1, 1]"
12a_1200,"[-1, -1, -1, -1, 1, 1, -1, 1, -1, 1, -1, 1, 1, 1]"
12a_1201,"[-1, 1, 1, 1, 1, -1, -1, 1, -1, -1, -1, 1, 1, 1]"
12a_1207,"[-1, 1, 1, -1, 1, 1, 1, 1, -1, -1, 1, 1, 1, 1]"
12a_1210,"[-1, -1, 1, -1, -1, 1, -1, -1, 1, -1, -1, 1]"
12a_1212,"[-1, 1, -1, 1, -1, 1, 1, -1, 1, -1, 1, 1]"
12a_1214,"[1, 1, -1, 1, 1, 1, 1, 1, -1, 1, 1, 1]"
12a_1215,"[1, -1, -1, 1, 1, -1, 1, 1, -1, 1, 1, 1]"
12a_1216,"[-1, -1, 1, -1, 1, 1, -1, 1, -1, -1, -1, 1, 1, 1]"
12a_1217,"[-1, -1, 1, 1, -1, -1, 1, -1, -1, 1, 1, -1, 1, 1]"
12a_1219,"[1, -1, -1, -1, -1, 1, -1, -1, 1, 1, -1, 1]"
12a_1221,"[1, -1, 1, -1, -1, 1, 1, -1, 1, 1, -1, 1]"
12a_1224,"[-1, -1, 1, -1, 1, 1, 1, 1, -1, -1, 1, 1, 1, 1]"
12a_1225,"[-1, 1, 1, 1, -1, 1, -1, 1, -1, 1, -1, -1]"
12a_1226,"[1, -1, -1, -1, -1, -1, 1, -1, 1, 1, -1, 1]"
12a_1237,"[-1, 1, -1, -1, -1, 1, 1, -1, 1, -1, -1, 1, 1, 1]"
12a_1239,"[-1, -1, 1, 1, 1, 1, -1, -1, 1, -1, -1, 1, 1, 1]"
12a_1247,"[-1, 1, -1, 1, -1, -1, 1, 1, 1, 1, 1, -1, 1, 1]"
12a_1248,"[-1, 1, -1, -1, 1, -1, 1, -1, 1, -1, -1, 1]"
12a_1252,"[-1, 1, -1, 1, 1, 1, -1, -1, 1, 1, -1, 1, 1, 1]"
12a_1253,"[-1, 1, -1, -1, -1, -1, 1, -1, 1, 1, -1, 1]"
12a_1255,"[-1, 1, 1, 1, 1, -1, 1, -1, 1, 1, -1, 1]"
12a_1260,"[-1, 1, 1, 1, -1, -1, 1, -1, 1, 1, -1, -1]"
12a_1261,"[-1, -1, 1, 1, 1, 1, -1, -1, 1, 1, -1, 1, 1, 1]"
12a_1262,"[-1, -1, 1, -1, -1, 1, 1, 1, -1, -1, -1, 1, 1, 1]"
12a_1265,"[-1, -1, -1, -1, 1, 1, 1, -1, -1, 1, 1, -1, 1, 1]"
12a_1266,"[-1, 1, 1, 1, 1, -1, -1, 1, 1, -1, 1, 1, -1, 1]"
12a_1270,"[-1, 1, -1, 1, 1, 1, 1, -1, 1, -1, -1, 1, 1, 1]"
12a_1272,"[-1, -1, 1, 1, 1, 1, -1, 1, -1, -1, -1, 1, 1, 1]"
12a_1276,"[-1, -1, -1, -1, 1, 1, 1, -1, -1, -1, 1, 1, 1, 1]"
12a_1282,"[-1, 1, 1, 1, -1, -1, -1, 1, -1, -1, 1, 1, -1, -1, 1, 1]"
12a_1283,"[-1, -1, -1, 1, 1, 1, -1, -1, -1, 1, 1, 1]"
12a_1284,"[-1, 1, -1, -1, -1, 1, 1, 1, -1, -1, -1, 1, 1, 1]"
12a_1285,"[-1, -1, -1, -1, 1, 1, 1, -1, -1, -1, 1, 1, 1, 1]"
12a_1286,"[-1, -1, -1, -1, 1, 1, -1, 1, -1, -1, -1, 1, 1, 1]"
12a_1288,"[-1, -1, 1, 1, 1, -1, -1, -1, 1, 1, 1, -1]"
12n_0001,"[-1, 1, 1, -1, -1, -1, 1, 1, -1, 1, 1, 1]"
12n_0004,"[-1, -1, 1, -1, -1, -1, 1, -1, 1, 1, 1, 1]"
12n_0005,"[-1, 1, -1, -1, -1, 1, -1, -1, 1, -1, -1, -1, -1, 1]"
12n_0006,"[-1, 1, -1, -1, 1, 1, -1, -1, 1, 1, 1, 1, 1, 1]"
12n_0007,"[-1, 1, 1, -1, -1, 1, 1, -1, -1, 1, -1, 1]"
12n_0010,"[-1, -1, 1, -1, -1, -1, 1, -1, -1, 1, 1, 1]"
12n_0015,"[-1, -1, 1, -1, -1, -1, -1, -1, 1, -1, 1, 1]"
12n_0016,"[-1, 1, 1, -1, 1, 1, -1, 1, 1, -1, 1, 1]"
12n_0022,"[-1, 1, 1, -1, -1, 1, -1, 1, -1, -1, 1, 1]"
12n_0023,"[-1, 1, -1, -1, -1, 1, 1, -1, -1, 1, -1, 1, 1, 1]"
12n_0027,"[-1, 1, 1, -1, -1, 1, 1, 1, -1, 1, -1, 1, -1, 1]"
12n_0028,"[-1, -1, -1, -1, 1, -1, -1, 1, 1, 1, -1, 1]"
12n_0030,"[-1, 1, 1, -1, -1, 1, 1, -1, 1, -1, -1, 1, -1, 1]"
12n_0031,"[-1, -1, 1, -1, -1, -1, 1, 1, -1, 1, 1, 1]"
12n_0033,"[-1, 1, 1, -1, -1, 1, -1, 1, -1, 1, 1, 1]"
12n_0034,"[-1, 1, -1, -1, 1, -1, 1, -1, 1, -1, 1, -1, -1, 1]"
12n_0035,"[-1, 1, -1, -1, -1, 1, -1, 1, -1, 1, 1, 1]"
12n_0039,"[-1, 1, -1, -1, -1, 1, -1, -1, -1, 1, 1, 1]"
12n_0040,"[-1, 1, 1, -1, -1, 1, 1, 1, -1, -1, 1, 1]"
12n_0043,"[-1, 1, 1, -1, -1, -1, 1, 1, -1, -1, 1, 1]"
12n_0044,"[-1, 1, -1, -1, -1, 1, 1, -1, -1, 1, 1, 1]"
12n_0049,"[-1, -1, 1, 1, 1, -1, 1, 1, -1, -1, -1, 1, 1, 1]"
12n_0050,"[-1, 1, 1, -1, -1, -1, 1, 1, 1, -1, 1, -1, 1, 1, 1, 1]"
12n_0051,"[-1, 1, -1, -1, -1, -1, 1, -1, -1, 1, -1, 1, -1, 1, 1, 1]"
12n_0052,"[-1, 1, -1, -1, -1, -1, -1, -1, 1, -1, 1, -1, 1, 1]"
12n_0053,"[-1, 1, -1, -1, -1, 1, 1, 1, -1, -1, 1, 1, 1, 1]"
12n_0055,"[-1, 1, 1, -1, 1, -1, -1, 1, 1, 1, 1, 1]"
12n_0056,"[-1, -1, -1, 1, -1, 1, -1, -1, 1, 1, 1, -1]"
12n_0057,"[-1, 1, -1, -1, -1, 1, -1, -1, 1, 1, 1, -1, -1, 1]"
12n_0058,"[-1, 1, -1, -1, -1, -1, -1, -1, -1, -1, -1, -1, 1, 1]"
12n_0059,"[1, 1, 1, -1, 1, 1, -1, 1, 1, 1, 1, 1]"
12n_0060,"[-1, 1, -1, 1, -1, 1, 1, -1, 1, 1, 1, -1]"
12n_0061,"[-1, 1, 1, -1, -1, 1, 1, -1, 1, 1, 1, -1, -1, 1]"
12n_0062,"[-1, 1, 1, -1, -1, 1, -1, 1, -1, -1, 1, 1, 1, 1]"
12n_0063,"[-1, 1, -1, -1, -1, -1, 1, 1, -1, 1, -1, -1]"
12n_0064,"[-1, 1, -1, -1, 1, 1, 1, -1, -1, 1, 1, 1, 1, 1]"
12n_0066,"[1, 1, -1, -1, -1, 1, 1, -1, 1, -1, 1, 1]"
12n_0067,"[-1, -1, -1, -1, -1, -1, 1, -1, -1, 1, -1, -1]"
12n_0083,"[-1, 1, 1, -1, 1, 1, -1, -1, 1, 1, 1, 1, 1, 1]"
12n_0084,"[-1, -1, 1, 1, -1, 1, -1, 1, 1, 1, -1, -1, 1, 1]"
12n_0098,"[1, 1, -1, 1, -1, 1, 1, -1, 1, 1, 1, 1]"
12n_0099,"[1, 1, -1, 1, 1, -1, 1, -1, -1, 1, 1, 1]"
12n_0100,"[1, 1, 1, 1, 1, 1, 1, -1, 1, -1, -1, 1, 1, 1, 1, 1]"
12n_0101,"[1, 1, -1, -1, 1, -1, -1, -1, -1, 1, -1, 1, -1, 1, 1, 1]"
12n_0102,"[-1, 1, -1, 1, -1, 1, -1, 1, 1, 1, 1, -1, 1, 1, 1, 1]"
12n_0106,"[-1, -1, 1, -1, -1, -1, -1, 1, 1, 1, 1, 1, 1, 1]"
12n_0107,"[-1, 1, -1, 1, 1, 1, -1, 1, 1, 1, 1, 1, 1, 1]"
12n_0108,"[-1, 1, 1, 1, 1, -1, -1, 1, 1, -1, 1, 1, 1, 1]"
12n_0109,"[-1, 1, -1, -1, -1, -1, -1, -1, -1, 1, -1, 1, 1, 1]"
12n_0110,"[1, 1, 1, -1, 1, 1, 1, 1, 1, -1, 1, 1, 1, 1]"
12n_0125,"[-1, 1, 1, -1, 1, 1, -1, 1, 1, 1, 1, 1]"
12n_0126,"[-1, -1, 1, -1, -1, 1, 1, 1, 1, 1, 1, 1]"
12n_0139,"[1, 1, -1, 1, 1, 1, -1, -1, 1, -1, -1, 1, 1, 1]"
12n_0140,"[1, 1, -1, -1, 1, 1, -1, 1, 1, -1, 1, 1, 1, 1]"
12n_0141,"[-1, 1, -1, 1, 1, -1, -1, -1, 1, -1, -1, 1, 1, 1]"
12n_0144,"[-1, 1, -1, -1, -1, -1, 1, -1, -1, -1, 1, 1]"
12n_0147,"[-1, 1, -1, -1, 1, 1, 1, -1, 1, -1, -1, 1, 1, 1]"
12n_0150,"[1, 1, -1, 1, 1, 1, -1, 1, -1, 1, 1, 1]"
12n_0151,"[1, 1, -1, -1, 1, 1, -1, -1, 1, 1, 1, 1]"
12n_0152,"[-1, 1, -1, 1, -1, 1, -1, 1, -1, 1, 1, 1]"
12n_0156,"[-1, -1, 1, 1, -1, 1, 1, 1, -1, 1, 1, 1]"
12n_0157,"[-1, 1, 1, 1, 1, 1, 1, -1, 1, 1, -1, 1]"
12n_0158,"[-1, 1, -1, -1, -1, 1, -1, -1, 1, 1, -1, 1, 1, 1]"
12n_0169,"[1, 1, -1, 1, 1, 1, 1, 1, 1, -1, 1, 1, 1, 1]"
12n_0170,"[1, 1, -1, -1, -1, 1, -1, -1, -1, 1, -1, 1, 1, 1]"
12n_0171,"[-1, 1, -1, 1, 1, 1, -1, 1, 1, -1, 1, 1, 1, 1]"
12n_0173,"[-1, 1, -1, 1, -1, 1, -1, -1, 1, 1, -1, 1, 1, 1]"
12n_0174,"[-1, 1, -1, 1, -1, 1, -1, -1, 1, -1, -1, 1, 1, 1]"
12n_0175,"[1, 1, -1, -1, 1, 1, -1, 1, 1, -1, 1, 1, 1, 1]"
12n_0176,"[1, 1, -1, 1, -1, 1, -1, 1, 1, -1, 1, 1, 1, 1]"
12n_0198,"[-1, -1, -1, 1, -1, -1, 1, -1, 1, 1, 1, 1]"
12n_0200,"[-1, -1, -1, -1, -1, -1, 1, 1, -1, 1, -1, 1, 1, -1]"
12n_0201,"[-1, -1, 1, -1, 1, 1, 1, 1, 1, 1, -1, 1, 1, 1]"
12n_0202,"[-1, 1, -1, -1, -1, -1, -1, -1, 1, -1, -1, 1, 1, 1]"
12n_0203,"[1, 1, -1, 1, 1, 1, 1, 1, -1, 1, 1, 1, 1, 1]"
12n_0204,"[1, 1, -1, 1, 1, 1, -1, 1, -1, -1, 1, 1, 1, 1]"
12n_0211,"[-1, 1, -1, 1, -1, 1, 1, -1, -1, 1, 1, 1, -1, 1]"
12n_0219,"[-1, 1, -1, -1, 1, 1, 1, 1, 1, -1, -1, 1, 1, -1]"
12n_0220,"[-1, 1, 1, 1, 1, 1, -1, 1, 1, 1, 1, 1]"
12n_0221,"[-1, 1, 1, 1, 1, 1, -1, -1, -1, 1, -1, 1]"
12n_0222,"[1, 1, -1, 1, 1, -1, 1, 1, 1, -1, 1, 1, 1, 1]"
12n_0223,"[-1, 1, -1, 1, -1, 1, 1, 1, -1, -1, 1, 1, 1, 1]"
12n_0224,"[-1, 1, -1, 1, 1, 1, -1, -1, -1, -1, -1, 1]"
12n_0225,"[-1, 1, -1, -1, 1, 1, 1, -1, 1, -1, 1, 1, 1, 1]"
12n_0229,"[-1, 1, 1, 1, 1, 1, -1, 1, 1, 1, 1, 1]"
12n_0245,"[-1, 1, 1, 1, 1, 1, -1, 1, 1, 1, 1, 1, 1, 1]"
12n_0246,"[-1, -1, 1, -1, -1, -1, 1, -1, 1, 1, 1, 1, 1, -1]"
12n_0247,"[-1, 1, 1, 1, 1, -1, -1, 1, 1, -1, -1, 1, 1, 1, 1, 1]"
12n_0258,"[1, 1, -1, -1, 1, -1, -1, 1, -1, -1, -1, 1, 1, 1]"
12n_0260,"[-1, -1, -1, -1, -1, 1, -1, -1, 1, 1, 1, -1, -1, 1, 1, -1]"
12n_0261,"[-1, 1, -1, 1, 1, 1, -1, 1, -1, 1, 1, 1]"
12n_0265,"[-1, -1, -1, 1, -1, -1, 1, 1, -1, 1, 1, -1, 1, 1]"
12n_0266,"[-1, 1, -1, 1, 1, -1, -1, 1, -1, 1, -1, 1, 1, 1]"
12n_0267,"[1, 1, -1, -1, 1, 1, -1, -1, 1, -1, 1, 1, 1, 1]"
12n_0268,"[-1, 1, -1, -1, -1, -1, 1, -1, 1, -1, 1, -1, 1, 1, 1, 1]"
12n_0269,"[-1, 1, -1, -1, 1, 1, -1, -1, 1, -1, -1, 1, 1, 1]"
12n_0270,"[-1, 1, -1, -1, -1, -1, 1, -1, -1, -1, -1, 1, -1, 1]"
12n_0280,"[-1, 1, 1, 1, -1, -1, 1, 1, -1, 1, 1, 1]"
12n_0282,"[-1, -1, -1, 1, -1, -1, 1, -1, -1, -1, 1, 1]"
12n_0283,"[-1, -1, 1, 1, -1, -1, 1, 1, -1, 1, 1, 1]"
12n_0284,"[-1, 1, -1, 1, -1, 1, -1, -1, 1, 1, 1, -1, 1, 1]"
12n_0285,"[-1, 1, 1, 1, -1, -1, 1, 1, -1, 1, 1, 1]"
12n_0286,"[-1, -1, 1, 1, -1, -1, 1, 1, -1, 1, 1, 1]"
12n_0287,"[-1, -1, -1, 1, -1, -1, -1, 1, -1, -1, 1, 1]"
12n_0290,"[-1, 1, 1, 1, 1, -1, 1, 1, 1, -1, 1, 1, 1, 1]"
12n_0291,"[-1, -1, -1, -1, -1, -1, -1, 1, 1, 1, -1, 1, 1, 1]"
12n_0294,"[-1, 1, 1, 1, -1, -1, 1, 1, 1, -1, 1, 1]"
12n_0302,"[-1, 1, 1, 1, -1, -1, 1, 1, -1, 1, -1, -1, 1, 1]"
12n_0308,"[-1, 1, 1, 1, 1, 1, 1, 1, 1, 1, 1, -1, 1, 1]"
12n_0310,"[-1, 1, 1, 1, 1, 1, -1, -1, -1, 1, -1, -1, 1, 1]"
12n_0311,"[-1, -1, 1, -1, -1, -1, 1, 1, -1, 1, -1, 1, 1, -1]"
12n_0329,"[-1, -1, -1, -1, -1, 1, -1, -1, -1, -1, -1, -1, 1, 1]"
12n_0330,"[-1, -1, 1, -1, 1, 1, 1, 1, -1, 1, -1, 1, 1, 1]"
12n_0331,"[-1, -1, -1, -1, -1, 1, -1, -1, 1, 1, -1, 1, 1, -1]"
12n_0332,"[-1, -1, -1, -1, -1, -1, 1, -1, -1, -1, -1, 1, -1, 1]"
12n_0333,"[-1, 1, 1, 1, -1, -1, 1, -1, 1, -1, 1, -1, 1, 1]"
12n_0334,"[-1, -1, -1, 1, -1, -1, -1, 1, 1, -1, 1, 1, 1, -1]"
12n_0357,"[-1, -1, 1, 1, -1, 1, 1, -1, -1, 1, 1, -1, 1, 1]"
12n_0359,"[-1, -1, -1, 1, 1, -1, -1, -1, 1, 1, 1, -1, -1, 1, 1, 1]"
12n_0363,"[-1, -1, 1, -1, 1, -1, -1, -1, 1, -1, -1, 1]"
12n_0364,"[-1, 1, 1, -1, -1, -1, 1, 1, -1, 1, 1, -1, 1, 1]"
12n_0365,"[-1, 1, -1, 1, -1, -1, -1, 1, 1, -1, -1, 1, -1, 1]"
12n_0368,"[1, 1, 1, -1, 1, 1, 1, -1, -1, 1, 1, 1, 1, 1]"
12n_0369,"[1, 1, -1, -1, 1, 1, -1, -1, 1, 1, 1, -1, 1, 1]"
12n_0375,"[-1, 1, -1, 1, 1, 1, 1, 1, -1, 1, 1, 1, 1, 1]"
12n_0377,"[-1, 1, -1, -1, 1, -1, -1, 1, -1, -1, 1, 1, 1, 1]"
12n_0379,"[-1, -1, 1, -1, 1, -1, -1, -1, -1, 1, -1, -1, 1, 1]"
12n_0380,"[1, -1, -1, 1, 1, 1, -1, 1, -1, 1, -1, -1, 1, 1]"
12n_0383,"[-1, 1, 1, 1, -1, 1, 1, -1, 1, 1, 1, 1]"
12n_0386,"[1, 1, 1, 1, 1, 1, 1, -1, 1, 1, 1, 1, 1, 1]"
12n_0387,"[-1, 1, 1, 1, 1, 1, -1, 1, 1, 1, 1, 1]"
12n_0388,"[-1, 1, 1, 1, -1, -1, 1, -1, 1, -1, 1, 1]"
12n_0389,"[-1, -1, 1, 1, 1, -1, -1, 1, 1, 1, 1, 1]"
12n_0392,"[-1, 1, 1, -1, -1, -1, 1, 1, -1, 1, 1, -1, 1, 1]"
12n_0398,"[-1, -1, 1, -1, -1, -1, -1, -1, 1, -1, -1, 1]"
12n_0399,"[-1, -1, 1, 1, -1, -1, -1, 1, 1, -1, -1, 1]"
12n_0401,"[-1, -1, 1, 1, -1, -1, 1, 1, 1, 1, 1, 1]"
12n_0402,"[-1, -1, -1, -1, -1, 1, -1, -1, -1, -1, -1, -1, 1, 1]"
12n_0403,"[-1, -1, -1, 1, 1, -1, 1, -1, -1, -1, -1, 1, 1, 1]"
12n_0404,"[-1, -1, 1, -1, -1, -1, -1, -1, -1, -1, 1, -1, 1, -1]"
12n_0409,"[-1, -1, -1, -1, -1, -1, -1, 1, -1, -1, 1, 1, 1, 1]"
12n_0410,"[-1, 1, 1, -1, 1, 1, 1, 1, -1, -1, 1, 1, -1, 1]"
12n_0412,"[-1, -1, 1, 1, -1, 1, 1, -1, -1, -1, -1, -1, 1, 1]"
12n_0413,"[-1, -1, 1, 1, -1, 1, 1, 1, 1, -1, -1, -1, 1, 1]"
12n_0419,"[1, 1, 1, -1, 1, 1, -1, -1, 1, 1, 1, 1, 1, 1]"
12n_0420,"[-1, -1, -1, 1, -1, 1, 1, -1, 1, 1, 1, 1]"
12n_0421,"[-1, -1, 1, 1, -1, -1, -1, 1, -1, 1, 1, -1, 1, 1]"
12n_0422,"[-1, -1, -1, 1, 1, -1, 1, -1, 1, -1, 1, -1, 1, 1]"
12n_0423,"[-1, -1, 1, -1, -1, -1, -1, 1, -1, 1, 1, -1, 1, 1]"
12n_0425,"[-1, -1, 1, 1, -1, -1, -1, -1, -1, -1, -1, 1, 1, 1]"
12n_0426,"[1, 1, 1, 1, 1, 1, 1, 1, -1, 1, 1, 1, 1, 1]"
12n_0435,"[-1, -1, 1, -1, -1, -1, 1, -1, 1, -1, 1, 1]"
12n_0438,"[-1, 1, 1, 1, -1, -1, 1, 1, 1, -1, -1, 1, 1, 1]"
12n_0439,"[-1, -1, -1, 1, -1, 1, 1, 1, -1, 1, -1, -1, -1, 1]"
12n_0440,"[-1, 1, -1, 1, -1, -1, -1, 1, 1, -1, -1, 1, 1, 1]"
12n_0441,"[1, -1, 1, 1, 1, 1, 1, 1, 1, -1, -1, 1, 1, 1]"
12n_0442,"[-1, -1, -1, 1, 1, -1, -1, 1, 1, 1, -1, 1, 1, 1]"
12n_0443,"[-1, -1, -1, 1, -1, 1, 1, 1, -1, 1, -1, -1, 1, 1]"
12n_0444,"[-1, -1, 1, 1, -1, -1, 1, -1, -1, 1, 1, 1]"
12n_0445,"[-1, 1, 1, 1, 1, -1, -1, 1, 1, 1, -1, 1, 1, 1]"
12n_0458,"[-1, -1, 1, 1, -1, -1, 1, -1, -1, 1, 1, 1]"
12n_0459,"[-1, 1, 1, 1, -1, 1, 1, -1, 1, 1, 1, 1]"
12n_0460,"[-1, -1, 1, 1, -1, -1, -1, 1, -1, 1, -1, 1]"
12n_0464,"[-1, 1, 1, -1, 1, -1, 1, 1, -1, 1, -1, 1, 1, 1]"
12n_0480,"[-1, 1, 1, -1, -1, -1, 1, 1, -1, 1, -1, 1]"
12n_0483,"[-1, 1, -1, 1, 1, -1, 1, -1, 1, -1, -1, 1, 1, 1]"
12n_0484,"[-1, -1, 1, 1, 1, -1, 1, 1, 1, -1, -1, -1, 1, 1]"
12n_0491,"[-1, -1, -1, 1, 1, 1, -1, 1, -1, -1, 1, -1, -1, 1]"
12n_0493,"[-1, 1, -1, -1, 1, 1, -1, -1, 1, -1, -1, 1, 1, 1]"
12n_0494,"[-1, -1, 1, 1, 1, 1, -1, -1, 1, 1, 1, 1]"
12n_0495,"[-1, -1, 1, 1, -1, -1, 1, -1, 1, -1, -1, -1, 1, 1]"
12n_0496,"[-1, 1, 1, 1, 1, 1, 1, -1, 1, 1, 1, 1]"
12n_0497,"[-1, -1, 1, -1, -1, -1, 1, 1, -1, -1, 1, 1, 1, 1]"
12n_0499,"[-1, -1, 1, -1, -1, -1, 1, -1, 1, -1, 1, 1]"
12n_0500,"[-1, 1, 1, 1, -1, -1, -1, -1, -1, -1, -1, 1, 1, 1]"
12n_0502,"[1, 1, 1, 1, 1, 1, 1, 1, 1, -1, 1, 1, 1, 1]"
12n_0505,"[-1, -1, -1, 1, -1, -1, 1, -1, -1, -1, 1, 1]"
12n_0507,"[-1, -1, 1, -1, -1, -1, 1, -1, -1, -1, 1, 1]"
12n_0508,"[1, 1, 1, 1, -1, 1, -1, -1, 1, 1, 1, -1, 1, 1]"
12n_0518,"[-1, 1, 1, 1, 1, 1, 1, 1, 1, 1, 1, 1, 1, 1]"
12n_0525,"[-1, 1, 1, -1, -1, -1, -1, 1, 1, -1, 1, -1, -1, 1, 1, 1]"
12n_0527,"[-1, 1, 1, 1, -1, -1, 1, 1, 1, -1, 1, 1, 1, 1]"
12n_0533,"[-1, 1, -1, -1, 1, 1, -1, 1, 1, 1, -1, 1, 1, 1]"
12n_0535,"[-1, -1, 1, -1, -1, -1, -1, 1, 1, -1, -1, 1, 1, 1]"
12n_0536,"[-1, 1, 1, -1, 1, 1, -1, -1, 1, -1, 1, -1, 1, 1]"
12n_0543,"[-1, -1, 1, -1, -1, -1, -1, -1, 1, -1, -1, 1, 1, 1]"
12n_0546,"[-1, -1, 1, 1, -1, 1, -1, -1, -1, -1, -1, 1, 1, 1]"
12n_0547,"[-1, -1, 1, 1, -1, -1, -1, 1, 1, -1, -1, 1, -1, 1]"
12n_0549,"[-1, 1, 1, 1, -1, 1, -1, 1, -1, 1, 1, 1, 1, 1]"
12n_0550,"[-1, -1, -1, 1, -1, -1, 1, -1, -1, -1, 1, -1, 1, 1]"
12n_0551,"[-1, 1, 1, 1, 1, -1, -1, 1, 1, -1, 1, 1, 1, 1]"
12n_0552,"[-1, -1, 1, -1, 1, 1, -1, -1, -1, -1, 1, 1]"
12n_0553,"[-1, -1, 1, -1, -1, 1, 1, -1, -1, 1, -1, -1, 1, 1]"
12n_0554,"[-1, -1, -1, -1, 1, 1, 1, -1, -1, -1, -1, 1, -1, -1, 1, 1, 1, 1]"
12n_0555,"[-1, -1, -1, -1, 1, -1, -1, 1, -1, 1, -1, 1, -1, 1, 1, -1]"
12n_0556,"[1, -1, 1, -1, -1, 1, 1, -1, -1, 1, 1, -1, 1, 1]"
12n_0564,"[-1, -1, -1, 1, -1, -1, 1, -1, -1, -1, -1, -1, 1, 1]"
12n_0565,"[-1, -1, -1, 1, -1, 1, 1, -1, -1, -1, -1, 1, 1, 1]"
12n_0566,"[-1, -1, 1, -1, -1, -1, 1, 1, -1, 1, -1, 1, 1, -1]"
12n_0567,"[-1, 1, 1, -1, -1, -1, 1, 1, -1, -1, -1, 1, 1, 1]"
12n_0570,"[-1, -1, -1, -1, -1, 1, -1, -1, -1, 1, 1, -1]"
12n_0571,"[-1, -1, -1, 1, 1, -1, -1, -1, 1, 1, 1, 1]"
12n_0572,"[-1, -1, -1, 1, -1, 1, -1, -1, -1, -1, 1, -1, 1, 1]"
12n_0573,"[-1, 1, -1, -1, 1, 1, 1, -1, 1, -1, -1, 1, 1, 1]"
12n_0574,"[1, 1, 1, 1, 1, 1, 1, 1, 1, 1, 1, 1]"
12n_0575,"[1, 1, 1, 1, 1, -1, 1, 1, 1, 1, 1, 1, 1, 1]"
12n_0576,"[-1, 1, 1, 1, 1, 1, 1, 1, 1, 1, 1, 1, 1, 1]"
12n_0577,"[-1, 1, -1, 1, 1, 1, 1, 1, -1, 1, 1, -1, 1, 1]"
12n_0578,"[-1, 1, 1, 1, -1, -1, -1, 1, 1, 1, -1, -1, 1, 1]"
12n_0579,"[-1, 1, 1, -1, -1, 1, -1, -1, -1, 1, -1, 1]"
12n_0581,"[1, 1, 1, 1, 1, 1, -1, -1, 1, 1, 1, 1, 1, 1]"
12n_0582,"[-1, 1, -1, 1, 1, 1, 1, 1, -1, 1, -1, -1, 1, 1]"
12n_0583,"[-1, -1, 1, 1, 1, -1, -1, -1, 1, 1, 1, 1, -1, 1]"
12n_0587,"[-1, -1, -1, -1, 1, 1, -1, 1, -1, 1, 1, 1, 1, -1]"
12n_0597,"[-1, 1, 1, 1, 1, -1, 1, -1, -1, -1, -1, 1, 1, 1]"
12n_0598,"[-1, 1, 1, -1, 1, 1, 1, -1, -1, 1, -1, -1, 1, 1]"
12n_0600,"[-1, 1, 1, 1, 1, 1, 1, 1, 1, 1, -1, 1, 1, 1]"
12n_0601,"[1, 1, -1, 1, -1, 1, 1, -1, 1, -1, -1, 1, 1, 1, 1, -1]"
12n_0602,"[-1, 1, -1, 1, -1, -1, 1, 1, 1, -1, 1, 1, -1, 1]"
12n_0603,"[1, 1, 1, 1, -1, 1, 1, 1, -1, -1, 1, 1, 1, 1]"
12n_0604,"[-1, 1, -1, -1, -1, 1, 1, -1, -1, -1, -1, -1]"
12n_0605,"[-1, 1, 1, 1, -1, -1, -1, -1, 1, 1, -1, -1, 1, 1]"
12n_0611,"[-1, 1, 1, -1, -1, 1, 1, -1, -1, 1, 1, 1, -1, 1]"
12n_0613,"[-1, -1, -1, 1, -1, 1, -1, 1, -1, -1, 1, 1, 1, 1]"
12n_0615,"[1, 1, -1, -1, -1, 1, 1, -1, 1, 1, -1, 1, 1, -1]"
12n_0622,"[-1, -1, 1, -1, 1, -1, 1, -1, 1, 1, 1, 1, 1, -1]"
12n_0626,"[-1, -1, -1, -1, -1, 1, -1, -1, -1, -1, -1, 1, -1, 1]"
12n_0627,"[1, -1, -1, 1, -1, 1, -1, -1, -1, 1, 1, 1, 1, 1]"
12n_0628,"[-1, 1, -1, -1, 1, -1, -1, -1, 1, -1, 1, 1]"
12n_0629,"[-1, -1, -1, -1, 1, -1, -1, -1, 1, -1, 1, 1]"
12n_0630,"[-1, 1, -1, 1, 1, -1, -1, 1, 1, -1, 1, 1]"
12n_0631,"[-1, -1, 1, -1, 1, 1, -1, -1, 1, 1, 1, 1]"
12n_0632,"[-1, -1, 1, -1, -1, 1, -1, -1, -1, 1, -1, 1]"
12n_0636,"[-1, -1, 1, -1, 1, 1, -1, -1, 1, 1, 1, 1]"
12n_0637,"[-1, -1, 1, 1, 1, 1, -1, -1, 1, 1, -1, 1, 1, 1]"
12n_0638,"[1, 1, 1, 1, 1, -1, 1, -1, 1, 1, 1, 1, 1, 1]"
12n_0640,"[-1, 1, 1, 1, 1, 1, 1, 1, 1, 1, 1, 1]"
12n_0641,"[-1, -1, -1, 1, -1, -1, -1, 1, -1, -1, -1, 1, 1, 1]"
12n_0642,"[-1, -1, -1, -1, 1, 1, -1, -1, -1, -1, -1, -1, 1, 1, -1, -1]"
12n_0653,"[-1, 1, 1, -1, 1, -1, 1, 1, 1, 1, 1, 1, 1, 1]"
12n_0654,"[-1, 1, 1, 1, 1, -1, 1, 1, 1, -1, 1, -1, 1, 1]"
12n_0655,"[-1, 1, 1, 1, 1, 1, 1, 1, 1, -1, 1, 1, 1, 1]"
12n_0656,"[-1, -1, 1, -1, -1, -1, -1, 1, -1, 1, -1, -1, 1, 1]"
12n_0657,"[-1, 1, 1, 1, -1, -1, -1, 1, 1, 1, -1, -1, 1, 1]"
12n_0660,"[-1, -1, -1, -1, -1, -1, -1, -1, -1, 1, -1, 1, -1, 1]"
12n_0664,"[-1, -1, 1, -1, 1, 1, -1, -1, 1, -1, 1, 1]"
12n_0665,"[-1, -1, -1, -1, -1, 1, -1, -1, 1, 1, -1, 1, 1, -1]"
12n_0666,"[-1, 1, 1, 1, 1, -1, 1, 1, 1, 1, -1, 1]"
12n_0667,"[-1, 1, 1, 1, 1, -1, 1, -1, 1, -1, 1, 1, 1, 1]"
12n_0668,"[-1, 1, 1, 1, 1, -1, 1, -1, 1, 1, -1, 1, 1, 1]"
12n_0669,"[-1, -1, 1, -1, 1, 1, 1, 1, -1, 1, -1, 1, 1, 1]"
12n_0672,"[-1, 1, -1, -1, -1, -1, 1, -1, -1, -1, 1, -1, -1, 1, 1, 1]"
12n_0674,"[1, -1, 1, 1, 1, -1, 1, 1, 1, 1, 1, 1]"
12n_0675,"[1, 1, 1, -1, -1, -1, 1, -1, -1, 1, 1, 1]"
12n_0676,"[1, 1, -1, 1, -1, -1, -1, -1, -1, 1, -1, 1, 1, 1]"
12n_0690,"[1, 1, -1, -1, 1, -1, -1, -1, 1, -1, -1, 1, 1, 1]"
12n_0697,"[1, 1, -1, 1, 1, 1, -1, 1, -1, 1, -1, 1, 1, 1]"
12n_0700,"[-1, -1, 1, -1, -1, -1, -1, -1, -1, -1, 1, 1, -1, 1]"
12n_0701,"[-1, -1, -1, 1, -1, -1, -1, 1, -1, -1, -1, 1, 1, -1]"
12n_0717,"[1, -1, -1, -1, 1, -1, -1, -1, -1, -1, -1, 1, 1, 1]"
12n_0726,"[-1, -1, 1, 1, 1, 1, 1, 1, -1, 1, -1, 1, 1, 1]"
12n_0737,"[1, 1, -1, 1, -1, 1, -1, 1, -1, -1, 1, 1, 1, 1]"
12n_0738,"[-1, 1, 1, 1, 1, 1, -1, -1, 1, 1, 1, 1, 1, 1]"
12n_0740,"[-1, 1, 1, -1, -1, 1, -1, 1, -1, -1, -1, 1, 1, 1]"
12n_0744,"[-1, 1, 1, 1, -1, 1, 1, 1, -1, -1, 1, 1, 1, 1]"
12n_0750,"[-1, 1, 1, 1, 1, -1, 1, 1, 1, 1, 1, 1]"
12n_0751,"[-1, 1, 1, 1, -1, -1, -1, 1, -1, 1, 1, 1]"
12n_0752,"[-1, -1, 1, -1, -1, 1, 1, 1, -1, 1, 1, 1, 1, 1]"
12n_0753,"[-1, 1, 1, 1, 1, 1, -1, 1, 1, 1, -1, 1, 1, 1]"
12n_0754,"[-1, 1, -1, 1, 1, 1, -1, -1, 1, -1, -1, 1, 1, 1]"
12n_0756,"[-1, 1, -1, -1, -1, 1, 1, -1, 1, -1, 1, 1, 1, 1]"
12n_0759,"[-1, 1, 1, 1, -1, -1, 1, 1, -1, 1, -1, 1, 1, 1]"
12n_0762,"[-1, 1, 1, -1, -1, 1, 1, -1, 1, 1, 1, -1, 1, 1]"
12n_0767,"[-1, -1, 1, 1, -1, -1, -1, -1, 1, 1, -1, -1]"
12n_0769,"[-1, -1, -1, -1, -1, 1, 1, -1, -1, 1, -1, -1, 1, 1]"
12n_0770,"[-1, 1, 1, 1, 1, 1, -1, 1, 1, 1, -1, 1, 1, 1]"
12n_0774,"[-1, -1, 1, -1, -1, 1, -1, -1, 1, -1, 1, -1, -1, 1]"
12n_0779,"[-1, 1, 1, -1, 1, 1, -1, -1, 1, -1, 1, 1, 1, 1]"
12n_0780,"[-1, -1, 1, -1, 1, -1, 1, 1, 1, 1, -1, -1, 1, 1]"
12n_0781,"[-1, 1, 1, -1, -1, -1, 1, 1, -1, -1, 1, 1, 1, 1]"
12n_0782,"[-1, 1, -1, -1, 1, 1, -1, -1, 1, -1, -1, 1, 1, 1]"
12n_0784,"[-1, -1, 1, -1, 1, -1, 1, -1, 1, 1, 1, 1, -1, 1]"
12n_0791,"[1, 1, -1, 1, -1, 1, 1, 1, -1, -1, 1, 1, 1, 1]"
12n_0799,"[-1, -1, 1, 1, -1, 1, 1, -1, 1, 1, -1, 1, 1, 1]"
12n_0803,"[-1, 1, 1, 1, 1, 1, -1, 1, -1, 1, -1, 1, 1, 1]"
12n_0806,"[1, 1, -1, 1, 1, 1, 1, 1, 1, 1, 1, -1, -1, 1, 1, 1]"
12n_0807,"[-1, 1, 1, 1, 1, 1, 1, 1, -1, -1, 1, 1, 1, 1]"
12n_0809,"[-1, 1, 1, 1, -1, 1, -1, -1, 1, 1, 1, -1, 1, 1, -1, 1]"
12n_0811,"[-1, -1, 1, -1, 1, 1, 1, 1, 1, -1, 1, 1, 1, 1]"
12n_0812,"[-1, -1, -1, 1, -1, 1, 1, 1, 1, -1, -1, 1, 1, 1]"
12n_0813,"[-1, -1, 1, 1, -1, -1, -1, -1, -1, 1, -1, 1, 1, 1]"
12n_0823,"[-1, -1, -1, -1, -1, -1, -1, 1, -1, -1, -1, 1, 1, 1]"
12n_0825,"[-1, -1, 1, 1, 1, 1, -1, 1, -1, 1, -1, 1, 1, 1]"
12n_0826,"[-1, -1, 1, 1, 1, -1, 1, 1, -1, -1, 1, 1, 1, 1]"
12n_0831,"[-1, 1, 1, -1, -1, 1, 1, 1, -1, 1, 1, 1]"
12n_0832,"[-1, 1, -1, -1, 1, -1, -1, -1, -1, 1, -1, -1, 1, 1]"
12n_0833,"[-1, 1, 1, 1, -1, 1, -1, -1, 1, -1, -1, -1, 1, 1]"
12n_0836,"[1, -1, 1, 1, 1, 1, 1, -1, 1, 1, -1, 1, 1, 1]"
12n_0841,"[-1, 1, -1, -1, 1, -1, -1, -1, 1, -1, 1, -1, 1, 1]"
12n_0843,"[-1, -1, 1, 1, 1, -1, 1, -1, 1, 1, -1, 1, 1, 1]"
12n_0844,"[-1, -1, 1, -1, -1, -1, 1, 1, -1, -1, 1, 1, 1, -1, -1, 1, 1, 1]"
12n_0845,"[-1, 1, 1, 1, -1, -1, -1, 1, 1, -1, -1, 1, 1, 1]"
12n_0846,"[-1, -1, 1, 1, -1, 1, 1, -1, -1, -1, 1, -1, 1, 1]"
12n_0847,"[-1, -1, 1, 1, -1, 1, 1, -1, 1, -1, 1, -1, 1, 1]"
12n_0850,"[-1, 1, 1, 1, 1, 1, 1, 1, 1, 1, 1, 1]"
12n_0858,"[-1, 1, -1, -1, 1, -1, -1, -1, 1, -1, -1, -1, 1, 1]"
12n_0865,"[-1, -1, 1, -1, -1, 1, 1, -1, -1, -1, 1, 1, 1, 1]"
12n_0866,"[-1, 1, 1, -1, 1, -1, 1, -1, -1, -1, 1, 1, 1, 1]"
12n_0868,"[-1, 1, -1, 1, 1, -1, -1, 1, 1, -1, 1, -1, 1, 1]"
12n_0869,"[-1, 1, 1, 1, 1, -1, 1, -1, 1, -1, 1, -1, 1, 1]"
12n_0874,"[1, 1, -1, -1, 1, -1, 1, 1, -1, 1, -1, 1, 1, 1]"
12n_0875,"[-1, 1, -1, -1, 1, 1, 1, -1, 1, -1, 1, 1, 1, 1]"
12n_0876,"[-1, 1, -1, -1, 1, 1, 1, -1, 1, -1, -1, 1, 1, 1]"
12n_0882,"[-1, -1, 1, -1, -1, -1, -1, -1, -1, 1, -1, -1]"
12n_0883,"[-1, -1, 1, -1, 1, 1, 1, 1, -1, -1, 1, 1, 1, 1]"
12n_0884,"[-1, 1, -1, -1, 1, 1, 1, 1, -1, -1, 1, 1, -1, 1]"
12n_0886,"[-1, 1, -1, 1, 1, 1, 1, -1, -1, 1, 1, -1, 1, 1]"
12n_0888,"[1, 1, 1, 1, 1, 1, 1, 1, 1, 1, 1, 1]"
