Name,Overstrand List
3_1,"[2, 0, 1, 3]"
6_1,"[5, 0, 6, 2, 0, 3, 5, 7]"
7_4,"[6, 0, 7, 5, 7, 0, 2, 4, 6, 9]"
7_7,"[4, 5, 6, 2, 0, 3, 1, 7]"
8_5,"[3, 6, 0, 1, 7, 2, 4, 5]"
8_10,"[6, 7, 5, 2, 0, 3, 1, 4]"
8_11,"[6, 0, 7, 8, 3, 0, 2, 4, 6, 9]"
8_15,"[6, 4, 7, 1, 2, 0, 8, 2, 1, 9]"
8_18,"[3, 4, 5, 6, 7, 0, 1, 2]"
8_19,"[3, 5, 0, 1, 7, 1, 4, 5]"
8_20,"[3, 7, 0, 1, 7, 0, 2, 5]"
8_21,"[6, 4, 1, 0, 2, 0, 1, 3]"
9_1,"[5, 6, 7, 8, 0, 1, 2, 3, 4, 9]"
9_2,"[6, 8, 5, 10, 8, 0, 1, 0, 3, 11, 3, 1]"
9_4,"[6, 7, 9, 5, 9, 0, 1, 2, 0, 4, 2, 11]"
9_6,"[6, 7, 8, 0, 9, 0, 1, 2, 4, 8]"
9_10,"[7, 0, 8, 9, 6, 9, 0, 2, 3, 5, 7, 11]"
9_11,"[5, 6, 0, 8, 3, 1, 2, 4, 7, 9]"
9_15,"[5, 6, 9, 8, 3, 1, 5, 4, 7, 6]"
9_16,"[8, 9, 0, 6, 9, 3, 4, 0, 1, 5]"
9_17,"[5, 6, 7, 8, 3, 0, 2, 4, 1, 9]"
9_23,"[5, 7, 9, 2, 0, 1, 0, 2, 4, 3, 1, 11]"
9_24,"[6, 4, 5, 7, 2, 0, 8, 3, 1, 9]"
9_28,"[3, 6, 0, 8, 7, 4, 2, 5, 1, 9]"
9_29,"[3, 8, 5, 1, 7, 0, 2, 4, 6, 9]"
9_34,"[3, 4, 7, 6, 8, 1, 0, 5, 2, 9]"
9_35,"[10, 0, 11, 5, 11, 4, 8, 11, 4, 0, 2, 7, 4, 10]"
9_37,"[9, 0, 6, 1, 0, 8, 11, 2, 0, 3, 7, 10]"
9_38,"[5, 0, 10, 7, 0, 8, 2, 5, 10, 2, 6, 11]"
9_40,"[5, 4, 0, 8, 7, 3, 2, 1, 6, 9]"
9_46,"[3, 4, 8, 6, 8, 1, 3, 5, 6, 9]"
9_47,"[3, 4, 7, 6, 7, 1, 0, 4, 2, 9]"
9_48,"[6, 8, 9, 1, 8, 10, 1, 3, 6, 2, 8, 11]"
10_4,"[6, 7, 8, 6, 10, 8, 1, 0, 4, 11, 4, 2]"
10_5,"[5, 6, 7, 0, 9, 1, 2, 3, 4, 8]"
10_9,"[5, 6, 9, 8, 0, 1, 2, 3, 4, 7]"
10_10,"[6, 7, 9, 10, 2, 0, 11, 2, 4, 4, 9, 1]"
10_14,"[6, 7, 9, 10, 3, 0, 1, 2, 0, 4, 2, 11]"
10_19,"[6, 7, 8, 10, 3, 0, 1, 10, 3, 4, 2, 11]"
10_21,"[7, 0, 8, 9, 10, 4, 0, 2, 3, 5, 7, 11]"
10_29,"[5, 9, 8, 2, 0, 1, 4, 3, 7, 6]"
10_31,"[6, 4, 9, 10, 8, 0, 1, 0, 2, 4, 9, 1]"
10_32,"[5, 6, 7, 9, 3, 1, 0, 3, 5, 4, 2, 11]"
10_36,"[6, 8, 5, 10, 8, 0, 1, 0, 3, 4, 9, 1]"
10_40,"[6, 7, 10, 8, 9, 4, 1, 3, 6, 5, 7, 11]"
10_42,"[5, 6, 8, 2, 0, 9, 4, 3, 7, 1]"
10_59,"[3, 4, 7, 0, 6, 8, 2, 9, 5, 1]"
10_61,"[5, 9, 9, 2, 0, 1, 10, 2, 3, 6, 7, 11]"
10_62,"[5, 6, 9, 0, 8, 1, 2, 4, 7, 3]"
10_63,"[7, 5, 10, 8, 1, 2, 0, 11, 2, 11, 2, 1]"
10_64,"[4, 8, 7, 0, 1, 9, 2, 3, 5, 6]"
10_65,"[5, 7, 9, 2, 8, 1, 10, 4, 5, 3, 1, 11]"
10_66,"[7, 10, 9, 2, 8, 9, 0, 1, 5, 3, 8, 11]"
10_67,"[9, 11, 4, 11, 3, 12, 5, 3, 0, 1, 0, 6, 3, 1]"
10_68,"[9, 10, 6, 8, 13, 2, 13, 6, 0, 13, 2, 5, 7, 1]"
10_69,"[8, 0, 6, 1, 0, 8, 11, 2, 1, 3, 7, 10]"
10_74,"[10, 0, 11, 5, 11, 4, 12, 6, 4, 0, 2, 7, 4, 10]"
10_75,"[8, 9, 6, 8, 11, 2, 11, 6, 0, 5, 7, 1]"
10_76,"[8, 9, 0, 6, 10, 3, 4, 0, 1, 5, 9, 11]"
10_77,"[3, 4, 8, 1, 2, 10, 9, 6, 3, 7, 2, 11]"
10_78,"[10, 6, 8, 7, 3, 10, 5, 4, 6, 0, 2, 6]"
10_82,"[7, 8, 9, 6, 2, 3, 0, 1, 4, 5]"
10_84,"[4, 8, 7, 0, 1, 0, 9, 10, 6, 2, 1, 11]"
10_85,"[7, 8, 5, 0, 9, 3, 4, 1, 2, 6]"
10_87,"[4, 8, 9, 0, 1, 0, 2, 10, 6, 7, 1, 11]"
10_89,"[9, 10, 0, 8, 1, 0, 4, 11, 6, 5, 8, 10]"
10_96,"[3, 10, 5, 0, 7, 11, 2, 0, 3, 0, 6, 1]"
10_97,"[9, 7, 13, 12, 13, 4, 9, 12, 0, 2, 7, 0, 5, 7]"
10_98,"[7, 0, 9, 7, 10, 3, 0, 4, 2, 5, 8, 11]"
10_99,"[4, 8, 6, 0, 7, 9, 3, 1, 5, 2]"
10_103,"[3, 8, 6, 1, 10, 9, 3, 5, 2, 7, 1, 11]"
10_106,"[5, 8, 9, 7, 0, 1, 2, 4, 6, 3]"
10_107,"[6, 9, 11, 8, 2, 0, 11, 9, 3, 2, 4, 1]"
10_108,"[7, 5, 6, 8, 1, 10, 0, 4, 4, 8, 2, 11]"
10_112,"[7, 8, 9, 0, 2, 3, 4, 1, 5, 6]"
10_113,"[4, 10, 9, 0, 1, 0, 2, 1, 6, 7, 8, 11]"
10_114,"[3, 8, 9, 1, 10, 2, 3, 5, 6, 7, 1, 11]"
10_120,"[11, 9, 13, 7, 12, 3, 9, 4, 11, 7, 0, 13, 4, 9]"
10_122,"[5, 8, 9, 10, 2, 1, 3, 4, 5, 7, 1, 11]"
10_136,"[3, 8, 7, 1, 7, 9, 2, 10, 2, 5, 1, 11]"
10_139,"[5, 6, 9, 7, 0, 1, 3, 6, 2, 3]"
10_140,"[5, 6, 7, 5, 7, 1, 10, 4, 2, 6, 7, 11]"
10_141,"[4, 5, 9, 7, 1, 2, 3, 6, 2, 3]"
10_142,"[5, 7, 4, 7, 0, 1, 10, 3, 1, 6, 7, 11]"
10_143,"[4, 5, 9, 7, 1, 2, 8, 4, 2, 3]"
10_144,"[4, 8, 9, 0, 2, 8, 3, 4, 3, 8, 6, 11]"
10_145,"[6, 8, 10, 1, 8, 10, 1, 3, 6, 3, 8, 11]"
10_146,"[5, 4, 10, 6, 9, 1, 2, 4, 0, 3, 4, 11]"
10_147,"[4, 7, 9, 0, 1, 2, 10, 5, 0, 7, 2, 11]"
10_158,"[6, 7, 4, 9, 7, 9, 1, 5, 0, 3, 5, 11]"
10_159,"[5, 7, 0, 8, 0, 1, 9, 3, 1, 2]"
10_160,"[6, 10, 1, 7, 9, 0, 1, 4, 0, 2, 4, 11]"
10_163,"[5, 7, 0, 9, 0, 7, 9, 2, 3, 6, 8, 11]"
10_164,"[4, 5, 9, 0, 7, 2, 10, 1, 0, 7, 2, 11]"
10_165,"[6, 10, 6, 1, 2, 8, 1, 3, 6, 8, 4, 11]"
11a_6,"[3, 4, 8, 0, 2, 3, 10, 2, 6, 7, 9, 1]"
11a_8,"[3, 5, 8, 1, 11, 3, 10, 2, 6, 7, 9, 1]"
11a_16,"[10, 5, 4, 7, 11, 2, 8, 3, 2, 0, 4, 1]"
11a_17,"[3, 11, 0, 12, 6, 8, 12, 9, 5, 4, 1, 6, 1, 13]"
11a_21,"[3, 10, 0, 12, 10, 12, 11, 6, 4, 1, 7, 10, 1, 13]"
11a_37,"[9, 0, 10, 6, 3, 11, 4, 2, 0, 7, 5, 9]"
11a_38,"[7, 10, 4, 1, 6, 11, 3, 1, 3, 12, 2, 5, 1, 4]"
11a_43,"[12, 8, 10, 9, 3, 8, 9, 12, 6, 4, 8, 0, 2, 8]"
11a_44,"[9, 10, 8, 6, 12, 3, 5, 2, 3, 1, 2, 4, 2, 13]"
11a_45,"[3, 9, 0, 12, 11, 11, 5, 4, 1, 5, 6, 9, 1, 13]"
11a_46,"[9, 10, 7, 6, 3, 11, 4, 10, 0, 11, 5, 1]"
11a_47,"[9, 7, 8, 6, 10, 3, 5, 2, 0, 4, 1, 11]"
11a_49,"[10, 7, 6, 2, 8, 3, 5, 11, 5, 0, 1, 8]"
11a_57,"[9, 10, 8, 9, 7, 11, 4, 6, 3, 1, 2, 6, 2, 13]"
11a_58,"[6, 7, 4, 9, 7, 0, 11, 10, 11, 3, 8, 1]"
11a_63,"[3, 5, 8, 1, 11, 2, 10, 6, 3, 7, 9, 1]"
11a_69,"[5, 0, 6, 7, 0, 2, 9, 4, 12, 3, 4, 9, 11, 5]"
11a_71,"[9, 10, 8, 7, 1, 2, 3, 6, 0, 4, 5, 11]"
11a_72,"[4, 5, 9, 0, 10, 8, 3, 2, 6, 7, 1, 11]"
11a_73,"[9, 10, 0, 8, 1, 2, 3, 4, 7, 5, 6, 11]"
11a_78,"[9, 11, 6, 8, 13, 2, 13, 6, 0, 1, 0, 5, 7, 1]"
11a_90,"[6, 7, 8, 6, 10, 8, 1, 0, 4, 5, 9, 2]"
11a_91,"[6, 0, 8, 6, 10, 8, 1, 2, 4, 5, 9, 7]"
11a_93,"[6, 7, 11, 8, 10, 3, 1, 6, 4, 5, 9, 7]"
11a_99,"[4, 5, 9, 7, 0, 8, 3, 10, 2, 6, 1, 11]"
11a_100,"[7, 5, 10, 8, 1, 2, 0, 11, 2, 3, 9, 1]"
11a_102,"[11, 0, 7, 8, 1, 0, 10, 3, 13, 2, 0, 4, 9, 12]"
11a_103,"[6, 0, 10, 13, 3, 0, 2, 11, 5, 14, 7, 5, 4, 12, 6, 15]"
11a_106,"[4, 7, 8, 0, 10, 9, 5, 2, 3, 6, 1, 11]"
11a_107,"[5, 7, 12, 10, 2, 1, 13, 2, 4, 3, 9, 2, 3, 1]"
11a_108,"[5, 7, 4, 8, 0, 9, 10, 2, 3, 6, 1, 11]"
11a_109,"[6, 7, 9, 2, 8, 0, 10, 4, 5, 3, 1, 11]"
11a_117,"[6, 8, 11, 10, 2, 0, 1, 0, 4, 3, 9, 1]"
11a_118,"[5, 6, 5, 9, 6, 0, 3, 10, 4, 7, 8, 1]"
11a_123,"[7, 9, 14, 5, 12, 14, 0, 1, 0, 3, 14, 6, 5, 9, 12, 1]"
11a_128,"[8, 5, 0, 8, 0, 7, 11, 10, 0, 2, 12, 6, 1, 13]"
11a_130,"[7, 4, 7, 9, 2, 10, 5, 1, 11, 6, 3, 1]"
11a_132,"[4, 10, 12, 0, 1, 11, 0, 3, 13, 8, 5, 0, 9, 2]"
11a_134,"[7, 5, 9, 8, 1, 2, 0, 11, 10, 3, 2, 1]"
11a_135,"[3, 4, 10, 9, 11, 10, 11, 6, 1, 0, 7, 2]"
11a_137,"[8, 5, 7, 13, 9, 0, 3, 6, 1, 2, 5, 0, 8, 2]"
11a_139,"[6, 10, 9, 2, 8, 0, 1, 4, 5, 3, 7, 11]"
11a_146,"[6, 7, 10, 2, 0, 9, 1, 4, 5, 3, 8, 11]"
11a_152,"[4, 9, 7, 2, 1, 11, 3, 10, 6, 4, 8, 1]"
11a_155,"[9, 4, 6, 12, 8, 2, 1, 0, 5, 1, 6, 4, 11, 1]"
11a_157,"[5, 9, 0, 8, 3, 1, 10, 4, 6, 2, 7, 11]"
11a_159,"[6, 5, 4, 8, 7, 0, 10, 9, 3, 2, 1, 11]"
11a_161,"[10, 11, 8, 10, 9, 4, 2, 0, 5, 8, 1, 7]"
11a_165,"[7, 5, 6, 10, 8, 2, 0, 11, 3, 11, 3, 1]"
11a_171,"[4, 8, 9, 0, 10, 2, 3, 5, 6, 7, 1, 11]"
11a_173,"[10, 4, 8, 13, 11, 0, 9, 3, 12, 0, 1, 0, 7, 2]"
11a_175,"[6, 7, 8, 9, 3, 0, 10, 2, 5, 4, 1, 11]"
11a_176,"[6, 10, 8, 9, 3, 0, 1, 2, 5, 4, 7, 11]"
11a_178,"[6, 7, 8, 10, 2, 0, 11, 5, 3, 11, 3, 1]"
11a_179,"[6, 7, 8, 9, 10, 4, 0, 2, 3, 5, 1, 11]"
11a_181,"[10, 0, 11, 7, 9, 13, 3, 13, 7, 0, 2, 6, 8, 10]"
11a_184,"[6, 7, 0, 9, 10, 4, 1, 2, 3, 5, 8, 11]"
11a_187,"[9, 10, 4, 11, 3, 12, 5, 3, 0, 13, 2, 6, 3, 1]"
11a_194,"[5, 6, 8, 9, 3, 1, 10, 0, 4, 2, 7, 11]"
11a_196,"[5, 10, 8, 9, 3, 1, 2, 0, 4, 6, 7, 11]"
11a_199,"[9, 10, 11, 7, 9, 13, 3, 9, 12, 1, 0, 6, 8, 2]"
11a_201,"[10, 0, 6, 1, 0, 9, 12, 13, 2, 0, 3, 8, 8, 12, 11, 15]"
11a_202,"[10, 11, 0, 7, 2, 0, 9, 13, 3, 0, 1, 4, 8, 12]"
11a_203,"[6, 7, 10, 9, 3, 0, 1, 2, 5, 4, 8, 11]"
11a_208,"[5, 6, 8, 10, 3, 1, 2, 11, 5, 4, 9, 2]"
11a_209,"[4, 4, 12, 6, 1, 13, 2, 5, 1, 4, 7, 3, 11, 1, 9, 15]"
11a_212,"[6, 11, 1, 8, 12, 0, 1, 0, 4, 5, 2, 4, 10, 1]"
11a_214,"[6, 0, 9, 13, 3, 0, 2, 5, 12, 7, 5, 14, 4, 8, 6, 15]"
11a_216,"[7, 10, 6, 9, 1, 2, 0, 4, 3, 8, 5, 11]"
11a_219,"[5, 7, 10, 13, 3, 1, 14, 11, 5, 14, 7, 5, 4, 12, 1, 15]"
11a_223,"[5, 9, 8, 2, 0, 1, 10, 4, 3, 6, 7, 11]"
11a_230,"[7, 0, 11, 10, 3, 2, 0, 2, 6, 5, 4, 9, 7, 13]"
11a_231,"[6, 4, 5, 8, 2, 0, 9, 10, 3, 7, 1, 11]"
11a_232,"[6, 8, 5, 7, 9, 0, 3, 10, 2, 4, 1, 11]"
11a_236,"[7, 8, 0, 9, 11, 4, 0, 1, 3, 4, 6, 5, 8, 13]"
11a_237,"[10, 12, 13, 5, 13, 4, 8, 13, 4, 0, 1, 0, 2, 7, 4, 1]"
11a_239,"[6, 8, 9, 10, 2, 0, 3, 4, 5, 7, 1, 11]"
11a_243,"[7, 9, 6, 10, 12, 9, 0, 1, 0, 3, 4, 13, 4, 1]"
11a_244,"[6, 10, 8, 12, 9, 0, 1, 0, 3, 1, 12, 3, 2, 13]"
11a_245,"[5, 6, 0, 10, 0, 1, 3, 4, 11, 3, 8, 9, 6, 13]"
11a_248,"[4, 5, 10, 9, 1, 0, 3, 2, 6, 7, 8, 11]"
11a_249,"[7, 7, 10, 9, 2, 3, 4, 1, 11, 6, 5, 1]"
11a_258,"[4, 4, 9, 6, 1, 11, 2, 10, 3, 7, 8, 1]"
11a_260,"[10, 5, 7, 5, 7, 11, 9, 4, 2, 0, 1, 6]"
11a_261,"[4, 5, 8, 9, 1, 0, 3, 10, 6, 7, 2, 11]"
11a_263,"[11, 12, 0, 9, 7, 12, 4, 6, 3, 4, 0, 1, 6, 13]"
11a_264,"[4, 10, 9, 0, 1, 8, 3, 2, 6, 7, 5, 11]"
11a_271,"[10, 11, 7, 13, 1, 0, 8, 2, 13, 0, 4, 5, 0, 2]"
11a_273,"[8, 7, 12, 8, 12, 4, 9, 3, 1, 2, 3, 5, 10, 7]"
11a_274,"[6, 8, 9, 7, 10, 3, 1, 4, 0, 5, 2, 11]"
11a_275,"[8, 4, 11, 13, 9, 0, 13, 0, 1, 0, 12, 2, 6, 2]"
11a_277,"[4, 7, 10, 0, 1, 2, 9, 5, 3, 6, 8, 11]"
11a_278,"[9, 0, 10, 6, 2, 11, 3, 5, 0, 4, 7, 9]"
11a_280,"[6, 12, 11, 15, 2, 0, 13, 16, 4, 15, 9, 6, 2, 4, 10, 13, 2, 17]"
11a_283,"[5, 6, 7, 9, 3, 1, 10, 12, 4, 2, 5, 9, 3, 10]"
11a_286,"[6, 7, 10, 1, 0, 9, 4, 2, 5, 3, 8, 11]"
11a_290,"[5, 10, 7, 9, 3, 1, 2, 12, 4, 6, 5, 9, 3, 10]"
11a_291,"[5, 0, 12, 8, 0, 9, 10, 2, 5, 6, 12, 2, 7, 13]"
11a_292,"[10, 8, 15, 13, 14, 7, 14, 10, 13, 0, 2, 8, 0, 4, 6, 8]"
11a_293,"[4, 5, 10, 7, 1, 2, 9, 0, 3, 6, 8, 11]"
11a_294,"[9, 11, 7, 13, 2, 11, 12, 2, 6, 1, 13, 8, 3, 1]"
11a_296,"[6, 8, 9, 13, 3, 8, 1, 14, 13, 8, 6, 9, 4, 11, 1, 15]"
11a_300,"[4, 8, 9, 7, 1, 10, 3, 5, 0, 6, 2, 11]"
11a_304,"[10, 4, 7, 13, 11, 0, 8, 2, 13, 0, 1, 5, 0, 2]"
11a_305,"[3, 9, 5, 8, 7, 2, 10, 0, 1, 6, 4, 11]"
11a_306,"[6, 7, 8, 9, 10, 3, 1, 0, 5, 4, 2, 11]"
11a_309,"[6, 11, 8, 10, 2, 0, 1, 5, 3, 11, 3, 7]"
11a_314,"[6, 7, 9, 1, 10, 0, 3, 4, 5, 2, 8, 11]"
11a_318,"[5, 0, 7, 9, 0, 10, 2, 12, 3, 5, 12, 7, 6, 13]"
11a_324,"[5, 11, 8, 13, 2, 1, 14, 4, 12, 14, 7, 5, 4, 12, 1, 15]"
11a_332,"[6, 5, 8, 1, 10, 3, 9, 2, 0, 4, 7, 11]"
11a_335,"[7, 8, 10, 11, 6, 11, 0, 1, 2, 0, 3, 5, 2, 13]"
11a_338,"[6, 7, 11, 9, 10, 0, 1, 2, 0, 4, 2, 3]"
11a_340,"[7, 8, 0, 10, 6, 10, 0, 1, 12, 3, 5, 8, 9, 13]"
11a_344,"[8, 9, 0, 12, 7, 10, 12, 0, 1, 6, 9, 3, 5, 9]"
11a_346,"[4, 7, 10, 6, 0, 9, 1, 2, 5, 3, 8, 11]"
11a_347,"[7, 10, 13, 11, 9, 3, 0, 10, 5, 12, 6, 4, 8, 10]"
11a_351,"[6, 5, 8, 0, 10, 9, 4, 2, 3, 1, 7, 11]"
11a_352,"[5, 11, 8, 7, 2, 1, 13, 12, 6, 1, 0, 4, 3, 1]"
11a_353,"[9, 0, 6, 9, 10, 2, 12, 3, 0, 4, 12, 6, 5, 13]"
11a_354,"[10, 12, 8, 0, 14, 7, 14, 1, 4, 0, 1, 8, 15, 4, 6, 8]"
11a_355,"[6, 7, 8, 10, 11, 0, 1, 2, 3, 0, 4, 3]"
11a_360,"[8, 9, 0, 10, 7, 12, 10, 0, 1, 3, 5, 13, 5, 9]"
11a_361,"[11, 12, 0, 13, 6, 13, 5, 9, 13, 5, 0, 1, 3, 8, 5, 12]"
11a_362,"[11, 0, 12, 5, 12, 4, 9, 14, 12, 4, 0, 2, 7, 15, 7, 4, 11, 17]"
11a_365,"[8, 0, 9, 10, 11, 7, 11, 0, 2, 3, 4, 6, 8, 13]"
11a_366,"[11, 0, 12, 13, 6, 13, 5, 9, 13, 5, 0, 2, 3, 8, 5, 11]"
11n_1,"[4, 5, 11, 7, 1, 4, 10, 5, 4, 7, 9, 5]"
11n_2,"[4, 6, 9, 0, 1, 0, 10, 6, 2, 7, 9, 1]"
11n_13,"[8, 9, 6, 2, 10, 3, 5, 0, 1, 2, 5, 11]"
11n_14,"[8, 9, 0, 7, 2, 0, 4, 6, 1, 2, 4, 11]"
11n_18,"[5, 0, 6, 8, 0, 2, 10, 6, 4, 7, 9, 5]"
11n_28,"[10, 7, 9, 8, 3, 1, 0, 4, 7, 0, 1, 6]"
11n_29,"[10, 5, 4, 7, 10, 2, 8, 3, 2, 0, 6, 2]"
11n_30,"[10, 7, 9, 8, 3, 1, 11, 4, 7, 0, 1, 7]"
11n_31,"[10, 8, 6, 2, 8, 3, 5, 10, 5, 0, 2, 8]"
11n_32,"[10, 3, 5, 9, 6, 2, 1, 0, 3, 0, 1, 7]"
11n_33,"[10, 7, 6, 2, 8, 3, 5, 0, 5, 0, 1, 7]"
11n_38,"[4, 8, 10, 0, 1, 8, 9, 3, 0, 3, 6, 11]"
11n_62,"[10, 8, 8, 2, 1, 0, 2, 3, 6, 0, 1, 5]"
11n_63,"[10, 6, 7, 5, 7, 10, 9, 4, 2, 0, 2, 6]"
11n_64,"[10, 8, 8, 2, 1, 11, 2, 3, 6, 0, 1, 6]"
11n_65,"[7, 4, 8, 10, 7, 0, 9, 2, 6, 4, 8, 11]"
11n_66,"[8, 10, 6, 0, 11, 1, 4, 0, 1, 6, 12, 5, 6, 13]"
11n_67,"[12, 9, 6, 1, 0, 7, 1, 6, 2, 8, 6, 0, 1, 4]"
11n_68,"[7, 4, 9, 1, 6, 9, 2, 1, 11, 5, 2, 1]"
11n_69,"[9, 0, 5, 9, 2, 10, 5, 3, 0, 6, 3, 9]"
11n_71,"[9, 7, 8, 6, 9, 3, 5, 2, 0, 5, 1, 11]"
11n_72,"[9, 7, 5, 10, 2, 4, 1, 2, 0, 3, 1, 11]"
11n_73,"[9, 7, 5, 10, 6, 3, 1, 2, 0, 3, 1, 11]"
11n_74,"[11, 12, 0, 9, 10, 8, 0, 5, 7, 4, 0, 1, 6, 13]"
11n_75,"[6, 0, 5, 6, 9, 3, 1, 10, 5, 7, 8, 11]"
11n_76,"[9, 7, 8, 6, 10, 7, 4, 2, 0, 4, 1, 11]"
11n_77,"[9, 7, 5, 9, 2, 4, 1, 2, 0, 4, 1, 11]"
11n_78,"[6, 0, 5, 8, 2, 3, 1, 10, 3, 7, 8, 11]"
11n_79,"[10, 5, 7, 5, 7, 0, 9, 4, 2, 0, 1, 5]"
11n_80,"[10, 11, 8, 7, 3, 9, 4, 6, 0, 6, 1, 8]"
11n_81,"[6, 4, 8, 1, 2, 0, 9, 3, 6, 7, 1, 11]"
11n_85,"[5, 6, 7, 8, 3, 1, 10, 4, 2, 6, 7, 11]"
11n_86,"[5, 7, 0, 9, 0, 10, 5, 2, 3, 6, 8, 11]"
11n_87,"[4, 6, 10, 7, 1, 7, 0, 1, 6, 3, 9, 11]"
11n_92,"[6, 7, 10, 2, 7, 9, 1, 5, 0, 3, 5, 11]"
11n_94,"[7, 4, 8, 7, 0, 9, 0, 10, 5, 3, 2, 11]"
11n_95,"[4, 6, 9, 0, 1, 8, 9, 1, 0, 6, 2, 11]"
11n_97,"[12, 13, 9, 11, 2, 13, 10, 12, 4, 6, 12, 3, 1, 6]"
11n_98,"[8, 4, 7, 10, 9, 2, 12, 0, 1, 2, 4, 10, 2, 13]"
11n_99,"[4, 7, 5, 9, 2, 3, 10, 4, 0, 7, 3, 11]"
11n_100,"[7, 6, 8, 1, 2, 9, 4, 1, 10, 5, 1, 4]"
11n_101,"[7, 5, 7, 1, 0, 10, 5, 1, 3, 6, 9, 1]"
11n_102,"[8, 5, 8, 5, 10, 8, 2, 11, 2, 11, 4, 2]"
11n_104,"[5, 7, 8, 2, 0, 1, 10, 3, 1, 6, 7, 11]"
11n_105,"[7, 8, 9, 2, 8, 9, 0, 10, 5, 3, 1, 11]"
11n_106,"[5, 6, 4, 8, 7, 1, 10, 3, 2, 6, 7, 11]"
11n_107,"[5, 3, 8, 7, 0, 1, 10, 2, 1, 6, 7, 11]"
11n_109,"[6, 7, 10, 2, 8, 10, 1, 4, 6, 3, 8, 11]"
11n_118,"[4, 9, 6, 0, 1, 10, 1, 5, 6, 1, 8, 11]"
11n_119,"[6, 10, 6, 1, 2, 9, 1, 3, 5, 8, 4, 11]"
11n_121,"[7, 5, 7, 10, 3, 2, 11, 1, 5, 4, 9, 2]"
11n_122,"[4, 5, 6, 10, 1, 8, 10, 2, 4, 7, 8, 11]"
11n_123,"[9, 0, 7, 1, 0, 3, 11, 5, 0, 3, 7, 10]"
11n_125,"[6, 10, 1, 0, 9, 0, 1, 3, 4, 2, 8, 11]"
11n_126,"[4, 10, 7, 0, 1, 10, 0, 12, 1, 5, 12, 7, 2, 13]"
11n_136,"[5, 8, 10, 11, 0, 1, 12, 9, 1, 12, 3, 1, 10, 13]"
11n_137,"[7, 8, 10, 11, 2, 10, 12, 1, 2, 4, 7, 3, 10, 13]"
11n_138,"[4, 6, 8, 9, 2, 10, 4, 0, 3, 6, 2, 11]"
11n_139,"[9, 0, 5, 6, 9, 11, 3, 5, 0, 3, 7, 9]"
11n_140,"[6, 8, 10, 13, 9, 3, 1, 13, 3, 4, 8, 3, 5, 1]"
11n_141,"[7, 0, 10, 13, 10, 3, 0, 2, 3, 5, 8, 3, 5, 7]"
11n_142,"[9, 0, 5, 6, 11, 8, 11, 3, 0, 5, 7, 9]"
11n_143,"[6, 7, 10, 1, 9, 0, 3, 4, 0, 3, 4, 11]"
11n_145,"[6, 7, 6, 1, 7, 0, 9, 5, 2, 1, 4, 11]"
11n_146,"[6, 8, 9, 6, 2, 0, 4, 10, 5, 4, 1, 11]"
11n_148,"[6, 4, 6, 7, 8, 0, 9, 1, 2, 3, 1, 11]"
11n_149,"[4, 9, 8, 0, 1, 2, 1, 5, 6, 5, 8, 11]"
11n_150,"[9, 0, 10, 9, 2, 3, 2, 5, 0, 6, 5, 9]"
11n_153,"[4, 5, 6, 9, 1, 8, 9, 2, 0, 6, 3, 11]"
11n_155,"[7, 4, 5, 9, 7, 2, 10, 1, 11, 2, 5, 1]"
11n_158,"[4, 5, 8, 9, 7, 9, 1, 0, 3, 5, 2, 11]"
11n_161,"[9, 13, 6, 1, 10, 12, 2, 5, 0, 1, 13, 7, 3, 5]"
11n_164,"[8, 5, 11, 6, 12, 0, 4, 0, 1, 5, 0, 4, 2, 13]"
11n_167,"[4, 6, 9, 0, 1, 8, 10, 1, 0, 7, 2, 11]"
11n_168,"[9, 0, 5, 7, 9, 8, 4, 10, 0, 3, 6, 9]"
11n_170,"[7, 9, 10, 12, 1, 0, 11, 1, 4, 3, 9, 7, 2, 9]"
11n_173,"[9, 5, 8, 1, 10, 3, 1, 0, 3, 7, 5, 11]"
11n_176,"[6, 4, 10, 7, 8, 10, 1, 2, 6, 3, 8, 11]"
11n_181,"[10, 8, 0, 12, 6, 12, 10, 1, 3, 0, 13, 3, 5, 8]"
11n_182,"[6, 7, 10, 1, 10, 0, 3, 4, 5, 3, 8, 11]"
11n_183,"[6, 5, 7, 1, 9, 3, 9, 3, 0, 5, 7, 11]"
11n_184,"[6, 5, 7, 1, 10, 3, 9, 3, 0, 4, 7, 11]"
11n_185,"[7, 6, 8, 9, 0, 10, 9, 5, 3, 1, 8, 11]"
12a_0001,"[3, 4, 6, 0, 9, 11, 3, 13, 4, 12, 5, 13, 10, 1]"
12a_0002,"[3, 4, 6, 0, 11, 13, 3, 13, 4, 12, 5, 9, 10, 1]"
12a_0010,"[3, 4, 6, 0, 12, 9, 3, 14, 4, 14, 13, 4, 10, 12, 1, 15]"
12a_0011,"[3, 4, 6, 0, 11, 9, 3, 13, 4, 12, 13, 5, 10, 1]"
12a_0016,"[3, 4, 7, 0, 8, 9, 2, 11, 10, 5, 6, 1]"
12a_0023,"[5, 14, 12, 12, 6, 16, 1, 5, 5, 1, 7, 15, 11, 4, 12, 13, 8, 17]"
12a_0029,"[3, 4, 7, 0, 8, 11, 2, 9, 6, 13, 8, 6, 8, 1]"
12a_0030,"[3, 4, 7, 0, 12, 10, 11, 3, 13, 4, 6, 13, 5, 1]"
12a_0033,"[3, 4, 7, 0, 12, 10, 13, 3, 13, 11, 6, 4, 5, 1]"
12a_0035,"[3, 4, 8, 0, 10, 12, 13, 2, 13, 4, 5, 13, 5, 1]"
12a_0036,"[3, 4, 8, 0, 12, 10, 11, 2, 13, 4, 6, 4, 11, 1]"
12a_0048,"[4, 11, 7, 8, 1, 9, 5, 10, 6, 3, 0, 2]"
12a_0049,"[4, 15, 7, 14, 1, 10, 12, 3, 13, 12, 7, 8, 7, 12, 0, 2]"
12a_0051,"[5, 6, 12, 0, 6, 0, 3, 12, 11, 8, 13, 9, 3, 11, 7, 15]"
12a_0057,"[12, 9, 0, 2, 9, 8, 5, 11, 6, 2, 7, 4, 3, 13]"
12a_0060,"[3, 4, 5, 0, 9, 3, 10, 13, 4, 12, 7, 9, 11, 1]"
12a_0062,"[4, 10, 7, 5, 0, 12, 1, 12, 11, 8, 2, 9, 1, 13]"
12a_0066,"[4, 13, 11, 6, 1, 10, 4, 5, 2, 3, 5, 9, 0, 2]"
12a_0067,"[3, 4, 5, 0, 12, 3, 9, 10, 12, 7, 13, 4, 8, 1]"
12a_0071,"[3, 7, 9, 0, 8, 2, 10, 4, 5, 11, 6, 1]"
12a_0074,"[3, 8, 11, 0, 10, 3, 13, 1, 12, 2, 5, 13, 9, 1]"
12a_0077,"[5, 11, 6, 8, 9, 1, 10, 4, 7, 3, 0, 2]"
12a_0079,"[5, 13, 6, 7, 11, 1, 10, 11, 11, 3, 12, 4, 0, 2]"
12a_0081,"[9, 13, 14, 10, 0, 14, 0, 6, 4, 14, 13, 10, 1, 11, 7, 15]"
12a_0086,"[5, 13, 6, 8, 9, 1, 12, 3, 5, 8, 5, 3, 0, 2]"
12a_0088,"[6, 13, 6, 8, 7, 0, 9, 10, 11, 5, 4, 6, 0, 2]"
12a_0095,"[3, 10, 6, 12, 0, 4, 11, 10, 7, 1, 8, 1, 5, 13]"
12a_0097,"[12, 8, 6, 0, 3, 0, 13, 0, 13, 12, 9, 0, 10, 3, 4, 15]"
12a_0100,"[9, 4, 9, 1, 10, 15, 12, 10, 3, 13, 15, 7, 11, 8, 10, 2, 9, 17]"
12a_0103,"[7, 6, 13, 6, 8, 14, 5, 0, 6, 14, 13, 10, 2, 11, 1, 15]"
12a_0113,"[6, 13, 4, 11, 9, 12, 1, 11, 2, 12, 7, 3, 0, 2]"
12a_0114,"[6, 12, 4, 1, 3, 7, 0, 14, 3, 12, 9, 1, 10, 3, 1, 15]"
12a_0116,"[6, 13, 11, 2, 9, 12, 1, 3, 2, 5, 3, 10, 0, 2]"
12a_0117,"[14, 10, 5, 0, 11, 10, 9, 6, 12, 7, 4, 2, 9, 5, 4, 15]"
12a_0119,"[5, 13, 12, 11, 9, 1, 10, 2, 12, 6, 3, 10, 0, 2]"
12a_0121,"[6, 4, 10, 7, 0, 7, 0, 12, 11, 8, 3, 9, 2, 13]"
12a_0122,"[6, 11, 9, 10, 8, 4, 1, 5, 7, 3, 0, 2]"
12a_0127,"[3, 8, 4, 0, 12, 10, 5, 1, 11, 6, 8, 9, 1, 13]"
12a_0130,"[12, 4, 6, 0, 9, 2, 12, 11, 7, 5, 8, 10, 4, 13]"
12a_0136,"[3, 6, 7, 0, 2, 9, 4, 10, 11, 5, 8, 1]"
12a_0150,"[6, 15, 11, 7, 12, 14, 1, 12, 5, 12, 7, 5, 5, 12, 0, 2]"
12a_0151,"[8, 12, 13, 9, 0, 0, 5, 4, 13, 12, 9, 1, 10, 5, 6, 15]"
12a_0155,"[8, 4, 8, 1, 9, 10, 14, 3, 7, 13, 14, 14, 5, 7, 13, 2, 8, 17]"
12a_0156,"[10, 0, 7, 6, 3, 14, 4, 14, 12, 0, 2, 13, 2, 12, 6, 12, 10, 17]"
12a_0157,"[7, 13, 7, 9, 10, 8, 0, 5, 6, 11, 4, 7, 0, 2]"
12a_0163,"[13, 6, 12, 8, 0, 1, 0, 6, 13, 12, 9, 2, 10, 5, 7, 15]"
12a_0164,"[7, 13, 7, 11, 10, 8, 0, 5, 6, 4, 9, 7, 0, 2]"
12a_0165,"[6, 9, 13, 14, 10, 9, 8, 0, 14, 14, 13, 10, 2, 11, 7, 15]"
12a_0166,"[7, 13, 7, 10, 11, 9, 0, 6, 5, 8, 4, 7, 0, 2]"
12a_0167,"[8, 6, 7, 11, 0, 9, 2, 0, 1, 12, 9, 4, 10, 13]"
12a_0168,"[2, 7, 0, 1, 8, 11, 9, 2, 6, 7, 5, 10, 8, 1]"
12a_0172,"[3, 7, 4, 0, 8, 9, 10, 2, 5, 11, 6, 1]"
12a_0175,"[5, 7, 13, 7, 6, 0, 14, 13, 12, 8, 14, 8, 2, 10, 1, 15]"
12a_0177,"[3, 7, 4, 0, 8, 9, 13, 2, 12, 13, 13, 5, 7, 12, 1, 15]"
12a_0179,"[3, 7, 4, 0, 11, 9, 10, 2, 5, 6, 8, 1]"
12a_0181,"[3, 5, 9, 0, 9, 12, 11, 6, 1, 8, 7, 10, 9, 1]"
12a_0182,"[3, 4, 7, 0, 8, 11, 9, 3, 6, 7, 5, 10, 8, 1]"
12a_0189,"[3, 4, 5, 0, 8, 3, 10, 12, 5, 6, 7, 8, 11, 1]"
12a_0193,"[4, 3, 8, 5, 0, 9, 10, 11, 2, 6, 7, 1]"
12a_0195,"[3, 5, 9, 0, 9, 11, 12, 10, 1, 7, 8, 6, 9, 1]"
12a_0197,"[6, 5, 9, 10, 9, 7, 0, 13, 11, 11, 3, 5, 2, 1]"
12a_0203,"[4, 6, 8, 11, 0, 3, 9, 10, 2, 7, 5, 1]"
12a_0206,"[13, 4, 8, 0, 10, 12, 13, 2, 13, 4, 5, 6, 11, 4]"
12a_0207,"[4, 8, 11, 13, 0, 2, 11, 11, 5, 12, 3, 9, 10, 1]"
12a_0208,"[5, 11, 13, 7, 14, 0, 14, 1, 2, 13, 13, 8, 3, 12, 1, 15]"
12a_0209,"[4, 7, 10, 11, 0, 2, 9, 5, 3, 6, 8, 1]"
12a_0210,"[15, 5, 15, 7, 1, 10, 12, 4, 14, 5, 14, 6, 14, 10, 4, 3]"
12a_0212,"[2, 5, 0, 1, 8, 2, 10, 4, 12, 6, 12, 8, 7, 1]"
12a_0215,"[4, 5, 7, 8, 0, 12, 13, 3, 4, 13, 5, 6, 11, 1]"
12a_0223,"[6, 11, 12, 14, 14, 15, 0, 11, 14, 5, 12, 6, 8, 9, 13, 12, 1, 17]"
12a_0224,"[4, 7, 9, 11, 0, 8, 3, 5, 10, 2, 6, 1]"
12a_0229,"[4, 10, 12, 14, 0, 3, 1, 2, 12, 12, 7, 3, 11, 5, 1, 15]"
12a_0231,"[4, 5, 6, 9, 0, 2, 14, 11, 3, 11, 6, 15, 10, 6, 10, 1]"
12a_0233,"[11, 9, 10, 0, 7, 3, 1, 5, 2, 8, 6, 4]"
12a_0234,"[4, 5, 11, 0, 1, 3, 8, 9, 12, 8, 2, 6, 9, 13]"
12a_0236,"[5, 11, 6, 7, 8, 0, 3, 4, 10, 11, 1, 10, 2, 13]"
12a_0239,"[6, 5, 12, 9, 7, 7, 0, 2, 14, 11, 12, 2, 11, 3, 5, 15]"
12a_0244,"[4, 7, 15, 14, 1, 12, 9, 2, 13, 12, 7, 8, 7, 12, 0, 3]"
12a_0245,"[6, 9, 8, 9, 13, 12, 3, 10, 6, 2, 7, 9, 0, 5]"
12a_0246,"[4, 10, 8, 11, 0, 3, 9, 2, 6, 7, 5, 1]"
12a_0251,"[4, 10, 9, 12, 0, 3, 1, 3, 2, 8, 7, 5, 1, 13]"
12a_0256,"[4, 5, 9, 11, 0, 10, 8, 12, 2, 13, 2, 10, 7, 11, 1, 15]"
12a_0260,"[6, 10, 8, 11, 10, 13, 0, 10, 12, 4, 13, 9, 3, 1]"
12a_0265,"[4, 7, 6, 11, 0, 8, 9, 10, 3, 2, 5, 1]"
12a_0269,"[4, 5, 7, 10, 0, 7, 2, 12, 13, 2, 15, 5, 8, 6, 7, 1]"
12a_0270,"[16, 4, 8, 0, 11, 13, 16, 2, 16, 4, 5, 10, 16, 11, 11, 5, 4, 17]"
12a_0280,"[5, 6, 13, 12, 11, 9, 11, 11, 1, 2, 4, 10, 0, 3]"
12a_0281,"[5, 7, 13, 12, 9, 2, 1, 6, 4, 6, 7, 6, 0, 3]"
12a_0287,"[5, 6, 11, 9, 3, 0, 10, 11, 4, 12, 7, 5, 10, 1]"
12a_0288,"[4, 8, 11, 12, 0, 2, 11, 11, 5, 3, 13, 9, 10, 1]"
12a_0290,"[5, 11, 6, 7, 8, 2, 0, 4, 10, 11, 1, 10, 3, 13]"
12a_0291,"[15, 5, 15, 7, 1, 12, 13, 4, 13, 14, 5, 13, 5, 9, 4, 3]"
12a_0292,"[13, 6, 8, 0, 6, 9, 2, 11, 3, 5, 7, 9, 4, 3]"
12a_0295,"[13, 8, 13, 12, 11, 9, 10, 1, 3, 6, 4, 10, 9, 3]"
12a_0296,"[14, 12, 9, 2, 7, 0, 12, 11, 3, 7, 13, 8, 5, 11, 6, 15]"
12a_0297,"[4, 5, 10, 12, 1, 7, 0, 2, 12, 8, 3, 8, 6, 13]"
12a_0298,"[6, 8, 1, 11, 9, 10, 3, 2, 7, 5, 0, 4]"
12a_0302,"[6, 0, 7, 10, 9, 12, 1, 5, 4, 8, 5, 8, 0, 1]"
12a_0303,"[5, 7, 10, 9, 6, 0, 12, 4, 3, 8, 4, 8, 1, 13]"
12a_0306,"[4, 6, 8, 5, 0, 12, 11, 9, 2, 3, 2, 3, 1, 13]"
12a_0308,"[4, 7, 10, 12, 0, 3, 13, 3, 13, 13, 7, 5, 14, 6, 1, 15]"
12a_0311,"[4, 5, 8, 9, 0, 14, 11, 2, 3, 11, 5, 15, 10, 5, 10, 1]"
12a_0312,"[8, 0, 10, 15, 7, 13, 15, 0, 2, 15, 6, 5, 6, 12, 2, 5, 8, 17]"
12a_0313,"[15, 5, 15, 8, 1, 12, 10, 3, 10, 5, 14, 9, 6, 9, 4, 3]"
12a_0319,"[15, 7, 15, 13, 11, 12, 1, 13, 3, 14, 12, 4, 7, 9, 10, 3]"
12a_0321,"[3, 6, 9, 12, 8, 2, 10, 4, 5, 1, 7, 3, 4, 13]"
12a_0325,"[5, 9, 13, 8, 12, 2, 8, 10, 4, 2, 7, 9, 0, 3]"
12a_0329,"[4, 9, 6, 13, 0, 13, 11, 12, 1, 12, 6, 7, 2, 1]"
12a_0331,"[4, 11, 8, 6, 0, 11, 9, 10, 3, 7, 12, 4, 11, 1]"
12a_0332,"[2, 7, 0, 1, 9, 13, 5, 2, 12, 7, 8, 14, 6, 8, 1, 15]"
12a_0334,"[4, 11, 8, 7, 0, 11, 9, 10, 6, 3, 12, 4, 11, 1]"
12a_0336,"[15, 5, 15, 10, 1, 11, 14, 5, 12, 3, 6, 8, 10, 6, 4, 3]"
12a_0342,"[5, 3, 8, 6, 10, 0, 9, 11, 2, 4, 7, 1]"
12a_0345,"[14, 4, 6, 0, 9, 2, 14, 11, 4, 13, 7, 9, 14, 9, 4, 15]"
12a_0346,"[3, 10, 8, 12, 2, 9, 1, 4, 5, 6, 7, 3, 4, 13]"
12a_0347,"[3, 5, 10, 0, 9, 11, 10, 11, 1, 12, 7, 2, 3, 1]"
12a_0348,"[4, 9, 11, 14, 0, 14, 2, 12, 13, 14, 6, 8, 11, 2, 1, 15]"
12a_0358,"[3, 9, 8, 11, 10, 2, 1, 5, 6, 7, 0, 4]"
12a_0360,"[14, 5, 11, 12, 0, 3, 4, 14, 13, 8, 5, 6, 9, 12, 5, 15]"
12a_0362,"[4, 10, 8, 7, 0, 10, 9, 12, 11, 4, 6, 3, 10, 1]"
12a_0373,"[7, 8, 13, 8, 11, 10, 0, 1, 6, 5, 9, 8, 0, 3]"
12a_0374,"[3, 7, 8, 11, 9, 10, 2, 6, 1, 5, 0, 4]"
12a_0375,"[6, 7, 10, 11, 0, 8, 1, 0, 12, 8, 3, 4, 9, 13]"
12a_0376,"[6, 8, 9, 6, 13, 12, 11, 12, 3, 8, 3, 7, 0, 5]"
12a_0377,"[3, 7, 8, 11, 10, 2, 9, 5, 6, 1, 0, 4]"
12a_0386,"[4, 5, 6, 9, 0, 10, 3, 12, 7, 4, 6, 8, 10, 1]"
12a_0389,"[4, 10, 8, 9, 0, 10, 4, 12, 11, 7, 6, 3, 10, 1]"
12a_0390,"[3, 6, 8, 12, 2, 9, 10, 4, 5, 1, 7, 3, 4, 13]"
12a_0392,"[10, 0, 8, 7, 3, 13, 15, 4, 15, 0, 2, 15, 8, 7, 2, 7, 10, 17]"
12a_0393,"[15, 4, 7, 11, 10, 15, 10, 12, 2, 4, 14, 8, 3, 10, 11, 6]"
12a_0395,"[6, 10, 15, 11, 12, 10, 2, 3, 13, 14, 2, 5, 11, 9, 0, 3]"
12a_0396,"[2, 9, 8, 13, 8, 10, 11, 0, 7, 1, 6, 8, 0, 4]"
12a_0401,"[14, 10, 0, 0, 1, 12, 11, 6, 0, 4, 8, 7, 8, 11, 9, 15]"
12a_0404,"[14, 5, 11, 6, 0, 12, 4, 14, 13, 8, 5, 3, 9, 12, 5, 15]"
12a_0408,"[15, 4, 8, 11, 10, 15, 10, 3, 12, 4, 14, 2, 7, 10, 11, 6]"
12a_0409,"[3, 5, 8, 12, 2, 9, 10, 4, 1, 6, 7, 3, 4, 13]"
12a_0411,"[10, 6, 12, 7, 8, 0, 3, 4, 10, 0, 5, 2, 11, 13]"
12a_0413,"[3, 5, 8, 11, 7, 9, 1, 10, 6, 2, 0, 4]"
12a_0414,"[9, 7, 16, 12, 15, 4, 9, 12, 0, 2, 7, 0, 4, 6, 5, 14, 7, 17]"
12a_0415,"[4, 7, 10, 5, 0, 8, 9, 3, 11, 2, 6, 1]"
12a_0416,"[4, 7, 10, 5, 0, 11, 9, 3, 6, 2, 8, 1]"
12a_0419,"[4, 7, 10, 8, 0, 3, 9, 5, 11, 2, 6, 1]"
12a_0420,"[13, 4, 6, 0, 10, 2, 13, 11, 12, 4, 7, 8, 10, 4]"
12a_0422,"[12, 4, 6, 0, 9, 2, 10, 11, 12, 5, 7, 8, 4, 13]"
12a_0425,"[14, 4, 6, 0, 9, 2, 10, 13, 11, 5, 9, 10, 9, 10, 4, 15]"
12a_0426,"[5, 10, 13, 6, 9, 2, 12, 5, 4, 8, 2, 4, 0, 3]"
12a_0427,"[4, 9, 5, 8, 0, 7, 10, 3, 11, 2, 6, 1]"
12a_0428,"[5, 11, 6, 0, 8, 2, 3, 4, 10, 11, 1, 10, 7, 13]"
12a_0429,"[13, 5, 13, 7, 1, 9, 10, 12, 4, 7, 9, 3, 8, 3]"
12a_0433,"[12, 11, 10, 8, 9, 1, 0, 6, 4, 2, 9, 8, 7, 13]"
12a_0434,"[13, 8, 12, 6, 0, 8, 10, 13, 4, 6, 7, 2, 11, 5]"
12a_0435,"[13, 12, 11, 9, 10, 1, 0, 12, 13, 4, 2, 10, 8, 6]"
12a_0439,"[4, 9, 10, 8, 0, 3, 2, 5, 11, 7, 6, 1]"
12a_0444,"[14, 13, 12, 10, 14, 0, 4, 11, 1, 13, 7, 2, 11, 6, 6, 15]"
12a_0445,"[3, 7, 6, 11, 9, 10, 8, 2, 1, 5, 0, 4]"
12a_0446,"[3, 6, 5, 11, 10, 8, 9, 2, 1, 7, 0, 4]"
12a_0448,"[4, 12, 10, 5, 0, 10, 14, 13, 7, 1, 9, 1, 8, 12, 10, 1]"
12a_0450,"[6, 8, 11, 12, 8, 9, 0, 13, 7, 14, 8, 4, 11, 5, 1, 15]"
12a_0451,"[4, 9, 8, 6, 0, 10, 11, 2, 7, 5, 3, 1]"
12a_0456,"[5, 4, 7, 9, 6, 0, 10, 3, 11, 2, 8, 1]"
12a_0459,"[4, 7, 12, 8, 0, 3, 10, 5, 14, 7, 9, 7, 5, 3, 1, 15]"
12a_0463,"[12, 10, 8, 2, 0, 4, 9, 3, 6, 7, 5, 4, 5, 13]"
12a_0464,"[4, 8, 10, 12, 0, 8, 11, 4, 7, 3, 6, 9, 8, 1]"
12a_0472,"[4, 7, 12, 5, 0, 8, 10, 3, 14, 7, 9, 7, 3, 6, 1, 15]"
12a_0475,"[10, 8, 13, 12, 10, 4, 0, 11, 12, 5, 7, 1, 0, 3]"
12a_0482,"[5, 4, 10, 8, 6, 0, 13, 11, 2, 11, 2, 4, 2, 1]"
12a_0485,"[4, 9, 10, 5, 0, 8, 2, 3, 11, 7, 6, 1]"
12a_0486,"[4, 9, 10, 5, 0, 11, 2, 3, 6, 7, 8, 1]"
12a_0490,"[15, 7, 15, 10, 9, 11, 1, 9, 4, 12, 14, 7, 4, 10, 11, 3]"
12a_0491,"[6, 11, 12, 11, 8, 14, 0, 14, 11, 13, 3, 14, 10, 2, 1, 15]"
12a_0493,"[4, 12, 8, 6, 0, 9, 13, 2, 3, 4, 13, 1, 7, 1]"
12a_0494,"[16, 14, 9, 9, 10, 0, 0, 15, 13, 8, 1, 16, 9, 4, 12, 5, 12, 17]"
12a_0496,"[7, 8, 11, 0, 1, 3, 4, 5, 10, 11, 2, 10, 6, 13]"
12a_0498,"[5, 6, 7, 9, 11, 0, 10, 4, 3, 8, 2, 1]"
12a_0503,"[5, 6, 10, 12, 13, 0, 2, 3, 12, 12, 7, 4, 11, 1]"
12a_0504,"[15, 7, 15, 9, 14, 10, 1, 3, 4, 8, 14, 7, 3, 10, 6, 3]"
12a_0505,"[5, 10, 12, 8, 13, 0, 2, 12, 11, 4, 6, 4, 11, 1]"
12a_0508,"[13, 8, 13, 9, 12, 11, 12, 1, 3, 4, 6, 10, 10, 3]"
12a_0509,"[4, 6, 11, 7, 1, 8, 0, 5, 10, 11, 2, 10, 3, 13]"
12a_0515,"[5, 6, 11, 13, 12, 7, 1, 2, 12, 1, 5, 8, 0, 4]"
12a_0519,"[5, 9, 10, 12, 6, 0, 8, 10, 1, 2, 8, 3, 4, 13]"
12a_0523,"[4, 8, 11, 0, 7, 3, 1, 5, 10, 11, 2, 10, 6, 13]"
12a_0524,"[14, 11, 9, 10, 0, 4, 1, 11, 10, 2, 12, 4, 11, 6, 5, 15]"
12a_0525,"[4, 10, 12, 6, 0, 13, 1, 2, 12, 12, 7, 3, 11, 4, 1, 15]"
12a_0528,"[5, 7, 6, 11, 10, 9, 8, 2, 1, 3, 0, 4]"
12a_0529,"[5, 7, 8, 12, 14, 0, 4, 11, 12, 12, 2, 4, 11, 6, 1, 15]"
12a_0540,"[13, 9, 10, 11, 13, 12, 1, 11, 2, 8, 1, 5, 6, 5]"
12a_0541,"[6, 4, 8, 9, 7, 11, 0, 10, 3, 2, 5, 1]"
12a_0542,"[7, 8, 16, 10, 14, 15, 16, 0, 3, 13, 14, 14, 3, 15, 4, 8, 1, 17]"
12a_0546,"[14, 8, 13, 10, 0, 3, 1, 2, 7, 5, 14, 1, 9, 6, 5, 15]"
12a_0549,"[7, 5, 13, 10, 8, 0, 8, 0, 2, 0, 12, 13, 2, 12, 3, 15]"
12a_0554,"[10, 14, 16, 7, 9, 13, 3, 13, 7, 0, 14, 6, 8, 15, 9, 11, 14, 17]"
12a_0561,"[4, 9, 12, 11, 13, 2, 11, 11, 1, 6, 3, 10, 0, 5]"
12a_0562,"[14, 9, 13, 12, 14, 0, 13, 10, 4, 6, 4, 3, 11, 10, 6, 15]"
12a_0563,"[15, 7, 8, 15, 10, 12, 1, 2, 4, 5, 9, 15, 10, 10, 5, 4]"
12a_0564,"[16, 7, 10, 12, 15, 16, 0, 15, 2, 3, 9, 15, 10, 10, 3, 2, 7, 17]"
12a_0567,"[4, 5, 8, 9, 7, 11, 1, 2, 0, 6, 5, 6, 3, 13]"
12a_0569,"[5, 11, 8, 9, 7, 0, 11, 10, 3, 4, 12, 5, 11, 1]"
12a_0570,"[5, 9, 11, 12, 10, 0, 13, 4, 11, 6, 14, 4, 11, 4, 1, 15]"
12a_0571,"[5, 12, 7, 11, 0, 1, 0, 10, 1, 2, 3, 8, 9, 13]"
12a_0574,"[9, 10, 11, 5, 0, 12, 11, 6, 0, 1, 2, 7, 4, 13]"
12a_0575,"[4, 6, 8, 9, 13, 11, 2, 9, 2, 1, 5, 6, 0, 5]"
12a_0576,"[6, 7, 8, 11, 9, 10, 1, 2, 3, 5, 0, 4]"
12a_0577,"[7, 8, 11, 9, 12, 0, 8, 0, 3, 4, 2, 10, 5, 13]"
12a_0578,"[7, 8, 9, 12, 10, 0, 9, 1, 0, 4, 5, 3, 11, 13]"
12a_0579,"[4, 7, 8, 9, 11, 10, 3, 2, 6, 1, 0, 5]"
12a_0580,"[4, 7, 8, 9, 0, 1, 11, 2, 3, 4, 6, 10, 1, 13]"
12a_0588,"[3, 7, 10, 11, 0, 2, 1, 2, 12, 5, 1, 4, 9, 13]"
12a_0594,"[6, 9, 7, 13, 11, 12, 3, 6, 3, 6, 3, 5, 0, 4]"
12a_0596,"[10, 8, 11, 14, 0, 3, 0, 11, 0, 11, 0, 6, 4, 3, 13, 15]"
12a_0597,"[5, 7, 9, 10, 6, 0, 12, 11, 10, 2, 2, 4, 1, 13]"
12a_0611,"[15, 6, 9, 13, 15, 11, 4, 9, 2, 14, 5, 14, 2, 7, 6, 5]"
12a_0615,"[15, 6, 15, 8, 11, 1, 14, 3, 14, 13, 4, 13, 9, 6, 4, 3]"
12a_0617,"[5, 10, 6, 12, 0, 2, 4, 9, 10, 1, 9, 3, 7, 13]"
12a_0623,"[15, 6, 15, 9, 11, 1, 3, 4, 13, 7, 15, 9, 8, 9, 4, 3]"
12a_0626,"[5, 12, 8, 9, 0, 1, 0, 2, 11, 1, 7, 3, 10, 13]"
12a_0628,"[13, 6, 13, 12, 11, 1, 3, 13, 4, 3, 8, 9, 10, 3]"
12a_0629,"[11, 10, 0, 8, 13, 12, 2, 1, 4, 12, 7, 8, 0, 5]"
12a_0631,"[13, 6, 13, 12, 7, 1, 11, 5, 7, 3, 5, 9, 10, 3]"
12a_0633,"[15, 6, 15, 14, 13, 1, 3, 15, 13, 5, 4, 7, 15, 10, 11, 3]"
12a_0634,"[6, 9, 11, 15, 13, 14, 11, 3, 11, 6, 3, 3, 11, 5, 0, 4]"
12a_0635,"[14, 8, 11, 10, 7, 0, 12, 14, 4, 3, 9, 8, 5, 7, 6, 15]"
12a_0636,"[9, 11, 6, 9, 16, 2, 16, 15, 6, 1, 16, 2, 5, 8, 7, 14, 1, 17]"
12a_0637,"[13, 11, 8, 6, 9, 0, 12, 2, 7, 5, 13, 3, 9, 6]"
12a_0643,"[13, 4, 7, 0, 9, 10, 2, 11, 12, 5, 6, 9, 11, 4]"
12a_0647,"[9, 7, 12, 11, 9, 10, 1, 2, 0, 5, 3, 10, 8, 13]"
12a_0648,"[13, 10, 8, 13, 0, 12, 3, 2, 7, 1, 2, 5, 6, 5]"
12a_0650,"[8, 6, 12, 11, 2, 0, 8, 0, 5, 4, 3, 10, 9, 13]"
12a_0654,"[13, 6, 13, 9, 11, 1, 3, 13, 4, 12, 8, 3, 10, 3]"
12a_0655,"[13, 4, 7, 0, 9, 11, 2, 10, 13, 6, 8, 6, 11, 4]"
12a_0665,"[6, 11, 11, 8, 2, 0, 11, 15, 13, 11, 13, 2, 4, 10, 3, 12, 2, 17]"
12a_0666,"[3, 9, 11, 0, 2, 13, 12, 13, 1, 2, 4, 7, 11, 11, 1, 15]"
12a_0668,"[4, 10, 6, 0, 2, 12, 3, 9, 10, 1, 9, 5, 7, 13]"
12a_0670,"[7, 5, 11, 0, 8, 3, 4, 1, 10, 11, 2, 10, 6, 13]"
12a_0672,"[4, 10, 6, 7, 2, 12, 0, 9, 10, 1, 9, 5, 3, 13]"
12a_0679,"[12, 11, 9, 10, 0, 0, 5, 4, 0, 3, 1, 10, 9, 5, 6, 15]"
12a_0683,"[6, 5, 10, 8, 9, 7, 0, 11, 4, 2, 3, 1]"
12a_0684,"[12, 10, 9, 2, 12, 0, 11, 4, 3, 8, 6, 7, 6, 13]"
12a_0685,"[15, 6, 15, 8, 9, 1, 3, 14, 13, 14, 5, 13, 8, 3, 10, 3]"
12a_0689,"[12, 11, 9, 2, 12, 0, 4, 10, 3, 7, 8, 6, 6, 13]"
12a_0692,"[7, 12, 0, 11, 1, 8, 0, 5, 6, 1, 3, 10, 2, 13]"
12a_0693,"[6, 4, 5, 9, 2, 7, 0, 10, 11, 3, 8, 1]"
12a_0694,"[6, 13, 11, 8, 9, 0, 2, 12, 4, 2, 3, 10, 0, 2]"
12a_0699,"[6, 7, 11, 8, 10, 3, 0, 4, 13, 7, 5, 6, 8, 1]"
12a_0701,"[6, 7, 9, 12, 8, 11, 1, 4, 6, 3, 5, 10, 7, 13]"
12a_0702,"[6, 4, 8, 11, 9, 7, 0, 10, 2, 5, 3, 1]"
12a_0703,"[6, 10, 5, 9, 12, 11, 0, 10, 6, 4, 8, 3, 10, 1]"
12a_0705,"[6, 9, 10, 11, 8, 3, 0, 2, 4, 7, 5, 1]"
12a_0706,"[3, 10, 8, 9, 13, 9, 11, 2, 0, 7, 1, 9, 0, 5]"
12a_0708,"[6, 7, 10, 11, 9, 3, 0, 10, 5, 12, 6, 4, 10, 1]"
12a_0711,"[6, 4, 10, 11, 9, 7, 0, 3, 2, 5, 8, 1]"
12a_0712,"[6, 10, 8, 6, 12, 11, 0, 10, 5, 4, 3, 9, 10, 1]"
12a_0718,"[5, 9, 8, 11, 12, 7, 0, 2, 3, 2, 9, 4, 6, 13]"
12a_0719,"[6, 7, 10, 12, 15, 14, 1, 12, 4, 12, 7, 4, 4, 12, 0, 5]"
12a_0721,"[7, 8, 11, 10, 8, 0, 12, 1, 12, 3, 9, 4, 0, 5]"
12a_0723,"[6, 10, 8, 11, 12, 7, 0, 1, 10, 1, 3, 4, 5, 13]"
12a_0725,"[15, 7, 11, 14, 12, 15, 1, 2, 14, 3, 13, 8, 14, 3, 6, 6]"
12a_0730,"[15, 10, 13, 11, 15, 14, 1, 13, 2, 12, 7, 13, 2, 5, 6, 5]"
12a_0731,"[13, 7, 13, 8, 12, 10, 1, 3, 4, 6, 9, 6, 9, 3]"
12a_0735,"[16, 8, 16, 10, 12, 15, 16, 0, 3, 4, 9, 15, 10, 10, 4, 8, 8, 17]"
12a_0736,"[13, 7, 13, 12, 9, 10, 1, 3, 6, 5, 8, 6, 8, 3]"
12a_0737,"[9, 7, 8, 10, 12, 0, 10, 2, 0, 1, 5, 4, 11, 13]"
12a_0739,"[6, 7, 11, 9, 10, 12, 0, 2, 12, 4, 2, 3, 1, 13]"
12a_0741,"[15, 8, 9, 13, 15, 10, 1, 2, 7, 5, 14, 1, 7, 9, 6, 5]"
12a_0742,"[7, 5, 6, 11, 8, 2, 0, 1, 10, 11, 3, 10, 4, 13]"
12a_0750,"[7, 0, 9, 11, 18, 14, 0, 2, 3, 8, 14, 9, 9, 3, 6, 0, 0, 14, 7, 19]"
12a_0760,"[13, 4, 8, 0, 9, 10, 11, 2, 13, 5, 7, 10, 7, 4]"
12a_0762,"[12, 8, 12, 0, 9, 10, 11, 2, 4, 5, 6, 7, 4, 13]"
12a_0766,"[5, 10, 9, 7, 11, 0, 10, 12, 2, 8, 4, 5, 8, 1]"
12a_0767,"[7, 0, 8, 14, 3, 10, 0, 2, 3, 11, 3, 10, 5, 4, 13, 10, 7, 17]"
12a_0768,"[13, 10, 9, 7, 0, 10, 11, 13, 2, 8, 6, 4, 7, 5]"
12a_0769,"[11, 6, 9, 16, 11, 14, 3, 13, 2, 7, 12, 4, 14, 7, 1, 3, 11, 17]"
12a_0771,"[6, 12, 9, 0, 11, 14, 12, 3, 2, 8, 13, 5, 3, 12, 0, 3]"
12a_0772,"[3, 8, 5, 0, 12, 10, 11, 1, 11, 5, 6, 2, 3, 1]"
12a_0775,"[8, 7, 5, 12, 10, 10, 9, 9, 0, 2, 12, 3, 5, 6, 7, 15]"
12a_0777,"[4, 10, 9, 6, 0, 10, 11, 12, 2, 8, 4, 7, 8, 1]"
12a_0780,"[15, 7, 13, 15, 12, 14, 10, 3, 4, 15, 12, 4, 2, 4, 6, 4]"
12a_0785,"[8, 7, 0, 9, 13, 9, 11, 10, 3, 2, 1, 9, 0, 5]"
12a_0787,"[16, 4, 8, 0, 9, 10, 14, 2, 16, 6, 9, 7, 10, 10, 11, 7, 4, 17]"
12a_0791,"[13, 4, 8, 0, 11, 12, 10, 2, 13, 4, 13, 5, 6, 4]"
12a_0793,"[6, 9, 10, 11, 2, 7, 0, 3, 4, 5, 8, 1]"
12a_0796,"[13, 9, 13, 0, 2, 1, 10, 11, 2, 6, 7, 8, 4, 4]"
12a_0798,"[6, 10, 8, 12, 9, 13, 0, 13, 3, 1, 12, 3, 2, 1]"
12a_0800,"[13, 9, 13, 0, 12, 2, 1, 10, 2, 7, 8, 4, 5, 4]"
12a_0801,"[6, 12, 10, 8, 9, 11, 0, 11, 4, 2, 3, 1, 2, 13]"
12a_0803,"[15, 13, 11, 13, 15, 0, 4, 1, 3, 2, 3, 10, 8, 8, 6, 6]"
12a_0804,"[5, 13, 11, 10, 0, 2, 12, 3, 2, 7, 8, 9, 0, 2]"
12a_0805,"[5, 6, 7, 8, 9, 10, 11, 3, 4, 0, 1, 2]"
12a_0806,"[5, 9, 11, 6, 7, 8, 12, 0, 2, 2, 9, 3, 4, 13]"
12a_0807,"[5, 10, 9, 6, 7, 8, 12, 0, 2, 3, 2, 10, 4, 13]"
12a_0808,"[5, 10, 11, 12, 7, 0, 12, 2, 3, 7, 8, 9, 5, 1]"
12a_0809,"[3, 4, 8, 7, 10, 11, 1, 0, 6, 4, 5, 6, 2, 13]"
12a_0810,"[13, 6, 12, 11, 13, 0, 2, 13, 3, 2, 8, 9, 10, 6]"
12a_0812,"[15, 8, 10, 15, 13, 12, 1, 10, 13, 1, 4, 14, 9, 11, 12, 4]"
12a_0814,"[13, 8, 5, 13, 1, 12, 10, 1, 11, 6, 8, 9, 4, 4]"
12a_0818,"[4, 13, 11, 6, 0, 8, 12, 3, 4, 12, 2, 7, 1, 2]"
12a_0823,"[13, 6, 11, 8, 13, 0, 2, 13, 2, 12, 3, 9, 10, 6]"
12a_0827,"[5, 10, 8, 0, 12, 3, 9, 2, 6, 7, 3, 6, 0, 3]"
12a_0828,"[15, 11, 6, 8, 15, 0, 3, 15, 13, 14, 1, 14, 8, 9, 3, 6]"
12a_0841,"[15, 10, 14, 12, 15, 1, 11, 14, 2, 13, 6, 7, 14, 2, 5, 5]"
12a_0845,"[4, 10, 6, 13, 0, 1, 13, 3, 12, 6, 4, 14, 3, 11, 12, 1]"
12a_0847,"[4, 11, 9, 6, 0, 11, 12, 10, 2, 7, 8, 4, 7, 1]"
12a_0852,"[5, 12, 9, 10, 7, 8, 0, 1, 6, 3, 12, 1, 4, 13]"
12a_0853,"[15, 9, 13, 7, 15, 0, 8, 1, 7, 12, 2, 3, 10, 11, 7, 6]"
12a_0855,"[8, 5, 10, 9, 12, 3, 4, 0, 1, 6, 3, 10, 7, 13]"
12a_0858,"[6, 10, 8, 6, 0, 12, 9, 2, 11, 12, 3, 7, 0, 4]"
12a_0861,"[5, 10, 9, 12, 7, 8, 4, 0, 2, 3, 2, 10, 6, 13]"
12a_0862,"[4, 6, 7, 9, 0, 1, 3, 6, 13, 14, 15, 6, 1, 3, 10, 1]"
12a_0864,"[5, 6, 11, 8, 9, 10, 2, 3, 4, 0, 1, 7]"
12a_0873,"[15, 8, 11, 15, 14, 12, 1, 11, 13, 14, 1, 4, 10, 9, 12, 4]"
12a_0876,"[4, 10, 5, 0, 1, 12, 10, 11, 6, 1, 7, 8, 3, 13]"
12a_0878,"[6, 10, 11, 7, 8, 9, 1, 4, 5, 0, 2, 3]"
12a_0882,"[3, 5, 8, 0, 1, 2, 11, 12, 3, 6, 12, 6, 9, 1]"
12a_0886,"[5, 11, 0, 9, 10, 0, 4, 13, 12, 6, 1, 8, 9, 11]"
12a_0888,"[5, 7, 8, 1, 10, 0, 4, 11, 12, 4, 3, 2, 10, 1]"
12a_0893,"[13, 8, 10, 6, 0, 8, 13, 11, 6, 12, 7, 2, 3, 5]"
12a_0894,"[8, 12, 6, 0, 1, 9, 10, 4, 5, 3, 12, 1, 7, 13]"
12a_0895,"[5, 10, 6, 11, 7, 2, 0, 9, 11, 1, 3, 9, 4, 13]"
12a_0902,"[12, 14, 15, 8, 16, 7, 9, 2, 16, 6, 8, 4, 1, 16, 8, 10, 1, 17]"
12a_0903,"[15, 12, 9, 15, 9, 10, 13, 5, 1, 8, 6, 1, 7, 11, 8, 4]"
12a_0904,"[12, 5, 6, 8, 0, 9, 10, 11, 12, 2, 7, 3, 5, 13]"
12a_0905,"[15, 5, 6, 10, 0, 11, 3, 14, 15, 3, 15, 6, 7, 15, 7, 5]"
12a_0907,"[9, 12, 6, 0, 8, 1, 10, 4, 5, 3, 12, 1, 7, 13]"
12a_0909,"[3, 9, 0, 8, 1, 10, 11, 2, 4, 5, 6, 7]"
12a_0912,"[13, 10, 8, 13, 0, 3, 1, 2, 11, 3, 7, 9, 5, 5]"
12a_0913,"[6, 13, 8, 1, 7, 9, 0, 12, 3, 0, 0, 5, 2, 4]"
12a_0914,"[7, 11, 8, 7, 0, 10, 13, 12, 3, 8, 6, 3, 5, 7, 0, 4]"
12a_0916,"[6, 10, 7, 8, 11, 9, 1, 3, 4, 0, 2, 5]"
12a_0919,"[14, 8, 5, 10, 0, 9, 13, 11, 2, 3, 8, 10, 8, 10, 5, 15]"
12a_0923,"[6, 10, 7, 8, 12, 9, 0, 3, 4, 1, 12, 4, 2, 13]"
12a_0924,"[15, 10, 14, 11, 15, 1, 14, 2, 12, 13, 6, 14, 9, 2, 5, 5]"
12a_0927,"[15, 6, 9, 14, 10, 0, 2, 3, 15, 7, 15, 6, 2, 10, 8, 6]"
12a_0928,"[6, 7, 10, 8, 13, 3, 9, 4, 1, 0, 5, 8, 8, 2]"
12a_0930,"[6, 10, 7, 12, 8, 9, 0, 3, 5, 1, 12, 3, 2, 13]"
12a_0931,"[15, 5, 10, 8, 0, 10, 13, 3, 11, 14, 4, 13, 6, 9, 10, 5]"
12a_0936,"[6, 9, 0, 7, 11, 8, 2, 12, 1, 4, 12, 4, 0, 2]"
12a_0939,"[10, 8, 16, 13, 14, 15, 4, 10, 13, 0, 2, 8, 0, 6, 6, 14, 8, 17]"
12a_0940,"[14, 12, 7, 14, 0, 3, 11, 3, 6, 1, 2, 6, 10, 5, 5, 15]"
12a_0941,"[12, 8, 11, 12, 0, 9, 10, 3, 5, 6, 2, 7, 5, 13]"
12a_0944,"[8, 9, 12, 6, 10, 2, 4, 0, 1, 7, 12, 2, 5, 13]"
12a_0949,"[9, 12, 6, 7, 8, 1, 3, 10, 0, 4, 12, 1, 5, 13]"
12a_0952,"[5, 11, 6, 9, 10, 0, 8, 11, 3, 4, 1, 8, 2, 13]"
12a_0964,"[13, 11, 1, 7, 8, 12, 0, 11, 5, 13, 2, 4, 9, 7]"
12a_0965,"[5, 7, 12, 1, 10, 0, 4, 11, 2, 4, 3, 8, 10, 1]"
12a_0970,"[12, 5, 6, 10, 0, 9, 3, 11, 12, 2, 7, 8, 5, 13]"
12a_0972,"[9, 12, 6, 7, 8, 1, 10, 4, 0, 3, 12, 1, 5, 13]"
12a_0973,"[15, 11, 7, 15, 0, 11, 15, 13, 14, 1, 5, 14, 7, 8, 2, 5]"
12a_0974,"[6, 0, 13, 10, 2, 0, 2, 5, 13, 16, 15, 2, 8, 15, 10, 3, 6, 17]"
12a_0975,"[5, 9, 13, 2, 7, 0, 9, 10, 13, 5, 8, 9, 3, 11, 1, 15]"
12a_0976,"[4, 9, 12, 13, 0, 9, 4, 12, 7, 6, 3, 8, 10, 7, 1, 15]"
12a_0979,"[4, 10, 6, 12, 8, 2, 9, 0, 5, 3, 2, 10, 7, 13]"
12a_0981,"[5, 10, 6, 8, 9, 1, 11, 3, 4, 0, 2, 7]"
12a_0982,"[4, 6, 10, 8, 0, 1, 3, 11, 4, 2, 7, 9, 1, 13]"
12a_0986,"[8, 6, 7, 10, 0, 9, 12, 4, 5, 1, 4, 10, 2, 13]"
12a_0987,"[10, 5, 6, 9, 0, 12, 3, 12, 7, 4, 1, 7, 2, 13]"
12a_0990,"[3, 11, 5, 0, 8, 12, 1, 4, 5, 3, 6, 2, 10, 1]"
12a_0999,"[5, 10, 6, 7, 9, 1, 3, 11, 4, 0, 2, 8]"
12a_1000,"[3, 6, 10, 0, 1, 9, 2, 11, 5, 7, 3, 8, 1, 13]"
12a_1001,"[15, 5, 7, 11, 0, 10, 14, 3, 10, 5, 15, 4, 15, 5, 8, 5]"
12a_1002,"[5, 6, 7, 11, 9, 1, 10, 3, 4, 0, 2, 8]"
12a_1010,"[15, 5, 10, 11, 0, 10, 3, 4, 12, 14, 7, 8, 9, 15, 9, 5]"
12a_1016,"[5, 7, 8, 0, 12, 10, 8, 1, 11, 1, 3, 9, 0, 3]"
12a_1018,"[4, 11, 9, 7, 0, 1, 2, 9, 2, 12, 6, 4, 10, 1]"
12a_1021,"[9, 6, 5, 0, 11, 10, 4, 3, 0, 12, 2, 3, 1, 4]"
12a_1022,"[15, 14, 0, 2, 8, 14, 14, 10, 1, 2, 5, 8, 0, 9, 8, 13, 3, 17]"
12a_1025,"[8, 9, 11, 12, 0, 3, 9, 0, 1, 4, 5, 6, 10, 13]"
12a_1026,"[8, 10, 11, 12, 2, 8, 0, 12, 3, 4, 5, 9, 0, 6]"
12a_1029,"[3, 7, 8, 0, 1, 10, 11, 2, 3, 5, 6, 9, 1, 13]"
12a_1036,"[3, 6, 8, 11, 12, 2, 9, 5, 1, 7, 3, 4, 5, 13]"
12a_1043,"[13, 6, 7, 13, 10, 11, 9, 4, 1, 2, 6, 10, 8, 4]"
12a_1044,"[13, 7, 8, 13, 1, 3, 11, 10, 6, 1, 2, 9, 4, 4]"
12a_1050,"[5, 11, 6, 8, 9, 12, 2, 5, 11, 0, 4, 7, 8, 10]"
12a_1057,"[5, 11, 12, 9, 9, 11, 0, 6, 13, 8, 0, 14, 9, 5, 2, 6, 7, 17]"
12a_1059,"[6, 9, 10, 12, 7, 11, 0, 10, 1, 2, 5, 1, 4, 13]"
12a_1060,"[8, 6, 7, 12, 9, 10, 0, 3, 1, 5, 12, 3, 2, 13]"
12a_1061,"[5, 10, 7, 12, 8, 9, 0, 3, 1, 6, 12, 3, 2, 13]"
12a_1062,"[13, 9, 11, 1, 10, 13, 1, 5, 2, 4, 8, 3, 6, 6]"
12a_1073,"[15, 8, 12, 15, 14, 10, 14, 11, 3, 4, 6, 2, 14, 6, 10, 4]"
12a_1076,"[5, 11, 8, 1, 10, 0, 4, 2, 12, 4, 3, 7, 10, 1]"
12a_1077,"[8, 10, 11, 9, 2, 8, 0, 12, 3, 12, 5, 4, 0, 6]"
12a_1079,"[8, 12, 6, 7, 10, 1, 9, 0, 3, 4, 12, 1, 5, 13]"
12a_1080,"[3, 7, 10, 0, 2, 11, 1, 5, 12, 2, 6, 8, 10, 1]"
12a_1087,"[13, 8, 10, 11, 0, 9, 3, 12, 5, 2, 6, 8, 11, 5]"
12a_1091,"[8, 12, 9, 7, 10, 1, 3, 0, 6, 4, 12, 1, 5, 13]"
12a_1092,"[15, 5, 7, 12, 0, 10, 11, 3, 11, 14, 13, 3, 5, 6, 12, 5]"
12a_1093,"[13, 10, 8, 6, 0, 10, 13, 2, 12, 7, 4, 6, 9, 5]"
12a_1094,"[3, 8, 5, 0, 9, 12, 13, 1, 2, 3, 14, 13, 5, 5, 1, 15]"
12a_1095,"[13, 10, 8, 13, 0, 3, 9, 1, 11, 7, 2, 3, 5, 5]"
12a_1100,"[5, 9, 7, 10, 0, 8, 12, 4, 1, 6, 4, 10, 2, 13]"
12a_1101,"[8, 5, 7, 10, 0, 9, 12, 4, 1, 6, 4, 10, 2, 13]"
12a_1103,"[4, 12, 10, 8, 0, 1, 12, 13, 4, 7, 12, 4, 3, 9, 12, 1]"
12a_1111,"[8, 12, 6, 7, 1, 9, 10, 0, 5, 3, 12, 1, 4, 13]"
12a_1115,"[4, 6, 10, 8, 0, 1, 2, 11, 4, 7, 3, 9, 1, 13]"
12a_1117,"[14, 13, 5, 0, 10, 14, 8, 11, 1, 4, 2, 7, 1, 11, 4, 15]"
12a_1120,"[5, 6, 7, 8, 11, 1, 2, 10, 4, 0, 3, 9]"
12a_1122,"[5, 10, 8, 0, 8, 12, 9, 0, 11, 6, 2, 7, 1, 8]"
12a_1123,"[3, 11, 9, 0, 1, 11, 14, 2, 11, 12, 13, 2, 15, 6, 10, 1]"
12a_1129,"[7, 5, 9, 11, 12, 8, 0, 1, 3, 3, 9, 4, 6, 13]"
12a_1133,"[6, 9, 10, 0, 11, 12, 3, 1, 10, 1, 7, 5, 0, 3]"
12a_1136,"[6, 7, 12, 9, 10, 8, 1, 0, 2, 4, 12, 2, 5, 13]"
12a_1137,"[15, 8, 9, 10, 13, 15, 1, 3, 2, 7, 14, 1, 7, 10, 6, 6]"
12a_1142,"[6, 7, 12, 13, 0, 14, 2, 6, 4, 7, 2, 6, 3, 9, 0, 4]"
12a_1144,"[16, 7, 8, 9, 13, 16, 0, 15, 4, 8, 5, 9, 9, 10, 5, 2, 7, 17]"
12a_1146,"[13, 11, 9, 10, 11, 12, 13, 1, 4, 3, 8, 8, 7, 7]"
12a_1147,"[6, 7, 12, 11, 8, 9, 1, 0, 5, 11, 3, 2, 3, 13]"
12a_1151,"[14, 8, 9, 6, 0, 9, 12, 13, 2, 4, 14, 13, 6, 6, 5, 15]"
12a_1154,"[10, 12, 0, 10, 11, 0, 5, 0, 4, 1, 8, 15, 10, 10, 1, 5, 6, 17]"
12a_1155,"[15, 8, 11, 15, 14, 13, 10, 14, 3, 5, 2, 13, 5, 9, 8, 4]"
12a_1157,"[5, 8, 9, 10, 7, 0, 11, 1, 2, 3, 4, 5, 1, 13]"
12a_1160,"[11, 0, 12, 5, 12, 4, 13, 14, 6, 4, 0, 2, 8, 8, 13, 4, 11, 17]"
12a_1161,"[9, 7, 5, 13, 11, 11, 10, 0, 10, 0, 2, 13, 3, 5, 6, 15]"
12a_1162,"[13, 8, 9, 13, 0, 11, 12, 3, 3, 8, 5, 6, 7, 5]"
12a_1164,"[5, 11, 9, 10, 7, 0, 12, 1, 12, 3, 1, 2, 5, 1]"
12a_1166,"[15, 13, 10, 11, 13, 15, 0, 5, 1, 4, 4, 10, 9, 9, 7, 7]"
12a_1170,"[4, 9, 7, 10, 0, 1, 2, 11, 6, 3, 4, 8, 1, 13]"
12a_1173,"[5, 11, 14, 9, 9, 11, 0, 6, 13, 8, 0, 2, 9, 5, 12, 6, 7, 17]"
12a_1177,"[5, 7, 10, 11, 9, 0, 1, 3, 4, 2, 8, 5, 1, 13]"
12a_1180,"[12, 5, 10, 8, 0, 9, 11, 3, 12, 2, 6, 7, 5, 13]"
12a_1181,"[13, 5, 10, 8, 0, 9, 11, 3, 13, 2, 7, 10, 7, 5]"
12a_1184,"[9, 10, 7, 8, 12, 1, 0, 3, 4, 6, 12, 4, 2, 13]"
12a_1187,"[8, 10, 6, 12, 0, 2, 9, 4, 5, 3, 2, 10, 7, 13]"
12a_1189,"[15, 10, 11, 15, 14, 13, 2, 3, 14, 4, 7, 13, 5, 8, 10, 4]"
12a_1190,"[3, 7, 8, 0, 11, 3, 12, 11, 6, 1, 4, 2, 9, 1]"
12a_1191,"[5, 10, 11, 8, 9, 1, 2, 3, 4, 0, 6, 7]"
12a_1196,"[5, 12, 6, 7, 8, 9, 10, 0, 1, 3, 12, 1, 4, 13]"
12a_1197,"[8, 9, 12, 6, 0, 2, 10, 5, 1, 4, 12, 2, 7, 13]"
12a_1200,"[12, 9, 7, 11, 12, 0, 2, 10, 4, 6, 3, 8, 6, 13]"
12a_1201,"[8, 10, 7, 12, 1, 9, 0, 3, 5, 6, 12, 3, 2, 13]"
12a_1207,"[8, 11, 5, 0, 1, 9, 12, 4, 3, 11, 1, 6, 7, 13]"
12a_1210,"[5, 10, 6, 7, 8, 9, 11, 4, 0, 1, 2, 3]"
12a_1212,"[8, 9, 10, 0, 1, 2, 11, 3, 4, 5, 6, 7]"
12a_1214,"[4, 5, 9, 0, 1, 2, 10, 11, 3, 6, 7, 8]"
12a_1215,"[4, 9, 6, 0, 1, 2, 10, 11, 3, 5, 7, 8]"
12a_1216,"[8, 9, 10, 0, 12, 2, 3, 4, 1, 6, 12, 4, 7, 13]"
12a_1217,"[4, 11, 10, 12, 0, 1, 2, 4, 10, 2, 6, 7, 8, 1]"
12a_1219,"[9, 5, 11, 7, 8, 10, 3, 4, 0, 1, 2, 6]"
12a_1221,"[9, 5, 6, 11, 8, 10, 3, 4, 0, 1, 2, 7]"
12a_1224,"[12, 9, 6, 10, 12, 0, 3, 11, 4, 2, 7, 8, 6, 13]"
12a_1225,"[4, 5, 7, 9, 10, 2, 11, 3, 0, 1, 6, 8]"
12a_1226,"[9, 5, 6, 11, 8, 2, 10, 4, 0, 1, 3, 7]"
12a_1237,"[5, 6, 12, 8, 10, 9, 2, 3, 0, 1, 5, 10, 7, 13]"
12a_1239,"[7, 9, 12, 10, 8, 2, 0, 1, 5, 6, 12, 2, 4, 13]"
12a_1247,"[4, 9, 11, 8, 0, 2, 10, 3, 1, 6, 7, 4, 1, 13]"
12a_1248,"[4, 5, 11, 8, 9, 10, 2, 3, 0, 1, 6, 7]"
12a_1252,"[6, 10, 7, 8, 12, 9, 2, 0, 4, 1, 12, 4, 3, 13]"
12a_1253,"[5, 9, 6, 11, 8, 1, 10, 4, 0, 2, 3, 7]"
12a_1255,"[8, 10, 7, 0, 9, 1, 2, 11, 4, 5, 6, 3]"
12a_1260,"[4, 6, 8, 9, 10, 11, 2, 0, 3, 1, 5, 7]"
12a_1261,"[6, 7, 10, 8, 12, 9, 1, 0, 4, 2, 12, 4, 3, 13]"
12a_1262,"[12, 9, 7, 10, 11, 12, 0, 3, 5, 2, 4, 8, 7, 13]"
12a_1265,"[13, 8, 9, 12, 13, 0, 11, 4, 3, 8, 6, 3, 7, 6]"
12a_1266,"[5, 9, 7, 11, 8, 0, 12, 3, 1, 11, 3, 2, 5, 1]"
12a_1270,"[9, 6, 7, 8, 12, 1, 10, 0, 4, 2, 12, 4, 3, 13]"
12a_1272,"[8, 9, 10, 7, 12, 2, 0, 4, 1, 6, 12, 4, 3, 13]"
12a_1276,"[12, 8, 9, 10, 12, 0, 11, 4, 2, 3, 6, 7, 6, 13]"
12a_1282,"[4, 10, 11, 7, 0, 12, 13, 1, 12, 11, 1, 1, 6, 4, 1, 15]"
12a_1283,"[8, 9, 7, 0, 10, 11, 2, 3, 1, 4, 5, 6]"
12a_1284,"[12, 7, 10, 11, 9, 12, 0, 2, 4, 5, 3, 8, 7, 13]"
12a_1285,"[12, 9, 10, 8, 12, 0, 11, 3, 4, 2, 6, 7, 6, 13]"
12a_1286,"[13, 10, 11, 9, 13, 0, 4, 1, 3, 4, 2, 8, 6, 6]"
12a_1288,"[5, 6, 10, 8, 9, 1, 11, 0, 4, 2, 3, 7]"
12n_0001,"[4, 11, 8, 10, 1, 9, 5, 2, 6, 8, 0, 2]"
12n_0004,"[3, 6, 11, 0, 2, 8, 9, 2, 1, 7, 4, 1]"
12n_0005,"[3, 4, 6, 0, 11, 10, 3, 13, 4, 11, 13, 6, 10, 1]"
12n_0006,"[3, 4, 6, 0, 9, 12, 3, 13, 4, 12, 4, 9, 10, 1]"
12n_0007,"[3, 7, 4, 0, 7, 9, 1, 10, 11, 5, 8, 1]"
12n_0010,"[3, 9, 11, 0, 2, 8, 1, 2, 6, 7, 4, 1]"
12n_0015,"[11, 5, 0, 1, 7, 2, 10, 5, 6, 7, 9, 3]"
12n_0016,"[3, 4, 6, 0, 8, 2, 10, 4, 6, 7, 9, 1]"
12n_0022,"[3, 6, 4, 0, 10, 1, 9, 4, 5, 7, 8, 1]"
12n_0023,"[3, 4, 7, 0, 10, 11, 13, 3, 13, 12, 13, 9, 5, 1]"
12n_0027,"[3, 4, 6, 0, 10, 2, 9, 6, 13, 7, 5, 6, 8, 1]"
12n_0028,"[10, 0, 5, 7, 9, 10, 4, 6, 11, 3, 1, 9]"
12n_0030,"[3, 4, 6, 0, 7, 2, 11, 5, 6, 12, 13, 6, 10, 1]"
12n_0031,"[3, 6, 7, 0, 2, 9, 4, 10, 6, 7, 8, 1]"
12n_0033,"[3, 6, 4, 0, 7, 1, 9, 10, 5, 4, 8, 1]"
12n_0034,"[3, 4, 5, 0, 9, 3, 11, 13, 4, 12, 6, 13, 10, 1]"
12n_0035,"[3, 4, 6, 0, 9, 10, 3, 4, 5, 8, 7, 1]"
12n_0039,"[3, 4, 6, 0, 8, 10, 3, 11, 6, 5, 9, 1]"
12n_0040,"[3, 4, 7, 0, 9, 8, 2, 4, 10, 5, 7, 1]"
12n_0043,"[3, 4, 8, 0, 10, 9, 4, 2, 5, 6, 8, 1]"
12n_0044,"[3, 4, 7, 0, 7, 9, 10, 3, 11, 6, 5, 1]"
12n_0049,"[12, 11, 1, 6, 0, 8, 10, 1, 4, 12, 2, 6, 5, 13]"
12n_0050,"[3, 4, 8, 0, 9, 7, 12, 2, 12, 7, 8, 14, 6, 8, 1, 15]"
12n_0051,"[3, 4, 7, 0, 10, 7, 13, 3, 14, 13, 7, 8, 14, 6, 1, 15]"
12n_0052,"[3, 4, 6, 0, 9, 11, 3, 12, 11, 6, 7, 6, 11, 1]"
12n_0053,"[3, 4, 8, 0, 7, 10, 12, 12, 3, 12, 5, 7, 7, 1]"
12n_0055,"[5, 11, 9, 7, 3, 1, 4, 6, 2, 3, 0, 2]"
12n_0056,"[11, 6, 0, 10, 8, 4, 2, 5, 7, 3, 4, 2]"
12n_0057,"[3, 4, 6, 0, 12, 10, 3, 13, 12, 4, 7, 13, 5, 1]"
12n_0058,"[3, 4, 6, 0, 8, 11, 3, 9, 6, 13, 8, 6, 8, 1]"
12n_0059,"[6, 11, 9, 7, 3, 0, 4, 6, 2, 3, 0, 2]"
12n_0060,"[11, 7, 0, 10, 8, 4, 1, 5, 7, 3, 4, 2]"
12n_0061,"[3, 4, 7, 0, 12, 10, 2, 13, 12, 4, 7, 13, 5, 1]"
12n_0062,"[3, 4, 8, 0, 8, 11, 9, 2, 6, 7, 5, 10, 8, 1]"
12n_0063,"[11, 8, 0, 10, 11, 9, 5, 1, 6, 8, 4, 2]"
12n_0064,"[3, 4, 7, 0, 12, 10, 11, 3, 13, 4, 6, 4, 11, 1]"
12n_0066,"[7, 11, 9, 10, 8, 4, 0, 5, 7, 3, 0, 2]"
12n_0067,"[11, 7, 0, 10, 11, 9, 5, 2, 6, 8, 4, 2]"
12n_0083,"[13, 5, 13, 6, 1, 10, 4, 12, 11, 5, 8, 10, 4, 3]"
12n_0084,"[5, 11, 8, 10, 12, 10, 5, 1, 3, 5, 12, 2, 6, 13]"
12n_0098,"[4, 11, 9, 0, 6, 8, 2, 3, 5, 7, 0, 2]"
12n_0099,"[5, 11, 7, 8, 0, 9, 5, 10, 6, 3, 0, 2]"
12n_0100,"[4, 15, 7, 0, 12, 9, 2, 9, 4, 13, 8, 4, 8, 3, 0, 2]"
12n_0101,"[5, 15, 7, 14, 0, 10, 12, 3, 13, 12, 7, 8, 7, 12, 0, 2]"
12n_0102,"[11, 15, 4, 9, 8, 9, 4, 3, 13, 4, 6, 1, 2, 9, 0, 2]"
12n_0106,"[4, 5, 12, 0, 1, 3, 12, 10, 7, 12, 8, 2, 10, 13]"
12n_0107,"[6, 12, 0, 7, 8, 9, 0, 4, 5, 12, 9, 1, 10, 13]"
12n_0108,"[13, 6, 8, 13, 1, 8, 10, 1, 11, 7, 8, 9, 4, 4]"
12n_0109,"[3, 13, 6, 1, 8, 9, 3, 11, 6, 8, 6, 3, 0, 2]"
12n_0110,"[5, 13, 8, 12, 0, 10, 11, 2, 5, 11, 5, 8, 0, 2]"
12n_0125,"[11, 4, 0, 6, 8, 1, 2, 10, 4, 7, 8, 3]"
12n_0126,"[3, 6, 7, 0, 2, 8, 4, 10, 5, 7, 8, 1]"
12n_0139,"[6, 13, 9, 10, 9, 0, 9, 11, 4, 12, 8, 3, 0, 2]"
12n_0140,"[5, 13, 11, 6, 0, 10, 4, 5, 2, 3, 5, 9, 0, 2]"
12n_0141,"[5, 13, 9, 10, 9, 1, 9, 11, 4, 12, 8, 3, 0, 2]"
12n_0144,"[2, 5, 0, 7, 8, 10, 1, 4, 2, 6, 9, 1]"
12n_0147,"[4, 12, 8, 12, 7, 9, 0, 2, 5, 3, 12, 1, 6, 13]"
12n_0150,"[5, 11, 9, 7, 0, 2, 8, 3, 4, 6, 0, 2]"
12n_0151,"[6, 11, 6, 8, 9, 0, 10, 4, 7, 3, 0, 2]"
12n_0152,"[4, 11, 9, 7, 1, 2, 8, 3, 4, 6, 0, 2]"
12n_0156,"[4, 9, 6, 11, 0, 8, 1, 5, 2, 5, 8, 1]"
12n_0157,"[11, 8, 5, 0, 7, 1, 4, 9, 1, 5, 3, 4]"
12n_0158,"[4, 13, 9, 11, 1, 2, 3, 11, 11, 6, 4, 10, 0, 2]"
12n_0169,"[7, 13, 11, 8, 10, 11, 0, 2, 4, 11, 4, 8, 0, 2]"
12n_0170,"[6, 13, 6, 8, 9, 0, 12, 3, 5, 8, 5, 3, 0, 2]"
12n_0171,"[6, 13, 11, 8, 10, 11, 1, 2, 4, 11, 4, 8, 0, 2]"
12n_0173,"[4, 13, 11, 10, 1, 2, 12, 3, 2, 7, 8, 9, 0, 2]"
12n_0174,"[4, 13, 9, 8, 1, 2, 9, 12, 11, 12, 4, 3, 0, 2]"
12n_0175,"[6, 13, 6, 10, 9, 0, 4, 3, 6, 7, 6, 9, 0, 2]"
12n_0176,"[6, 13, 6, 7, 11, 0, 9, 10, 3, 5, 7, 9, 0, 2]"
12n_0198,"[4, 6, 8, 11, 0, 3, 9, 3, 6, 7, 5, 1]"
12n_0200,"[5, 7, 9, 0, 12, 3, 9, 5, 3, 5, 3, 9, 0, 3]"
12n_0201,"[13, 4, 7, 11, 7, 9, 0, 3, 5, 12, 4, 9, 10, 7]"
12n_0202,"[4, 13, 6, 8, 1, 10, 12, 4, 7, 4, 6, 3, 0, 2]"
12n_0203,"[6, 13, 11, 9, 10, 0, 11, 2, 10, 3, 6, 8, 0, 2]"
12n_0204,"[6, 13, 12, 11, 8, 0, 8, 3, 12, 7, 3, 7, 0, 2]"
12n_0211,"[13, 5, 10, 0, 6, 1, 11, 3, 5, 5, 6, 7, 3, 4]"
12n_0219,"[13, 6, 0, 9, 7, 1, 4, 11, 6, 5, 12, 7, 5, 2]"
12n_0220,"[6, 4, 8, 1, 2, 7, 0, 10, 2, 7, 8, 1]"
12n_0221,"[11, 4, 9, 1, 2, 0, 5, 10, 11, 2, 8, 6]"
12n_0222,"[7, 13, 4, 11, 9, 12, 0, 11, 2, 12, 7, 3, 0, 2]"
12n_0223,"[4, 13, 8, 6, 1, 3, 10, 5, 4, 11, 6, 4, 0, 2]"
12n_0224,"[11, 4, 10, 1, 2, 0, 5, 10, 11, 3, 8, 6]"
12n_0225,"[7, 13, 6, 8, 10, 8, 9, 1, 6, 11, 4, 7, 0, 2]"
12n_0229,"[11, 4, 8, 1, 2, 0, 5, 10, 2, 7, 8, 6]"
12n_0245,"[13, 7, 8, 11, 13, 1, 8, 1, 11, 1, 6, 9, 5, 5]"
12n_0246,"[5, 6, 11, 0, 12, 2, 5, 2, 11, 1, 5, 9, 0, 3]"
12n_0247,"[5, 15, 8, 13, 9, 1, 8, 2, 2, 13, 8, 2, 8, 5, 0, 2]"
12n_0258,"[8, 13, 12, 9, 2, 12, 9, 0, 4, 7, 4, 9, 0, 2]"
12n_0260,"[5, 9, 12, 0, 14, 10, 12, 3, 12, 5, 6, 3, 3, 12, 0, 3]"
12n_0261,"[6, 4, 9, 1, 2, 7, 0, 10, 3, 7, 8, 1]"
12n_0265,"[4, 7, 9, 6, 0, 11, 12, 10, 3, 7, 8, 4, 7, 1]"
12n_0266,"[5, 13, 11, 9, 10, 1, 10, 2, 10, 3, 7, 8, 0, 2]"
12n_0267,"[5, 13, 6, 8, 0, 11, 12, 4, 7, 4, 5, 3, 0, 2]"
12n_0268,"[3, 4, 7, 0, 9, 7, 12, 3, 12, 7, 8, 14, 6, 8, 1, 15]"
12n_0269,"[3, 4, 6, 0, 12, 9, 3, 9, 4, 13, 8, 4, 8, 1]"
12n_0270,"[3, 4, 8, 0, 10, 13, 4, 10, 3, 5, 8, 9, 5, 1]"
12n_0280,"[4, 9, 6, 11, 0, 10, 1, 5, 6, 1, 8, 1]"
12n_0282,"[4, 8, 10, 11, 0, 8, 9, 3, 11, 3, 6, 1]"
12n_0283,"[4, 9, 8, 11, 0, 2, 1, 5, 6, 5, 8, 1]"
12n_0284,"[4, 10, 6, 7, 2, 11, 0, 12, 7, 1, 5, 7, 3, 13]"
12n_0285,"[4, 6, 9, 11, 0, 8, 9, 1, 11, 6, 2, 1]"
12n_0286,"[4, 7, 9, 11, 0, 2, 9, 5, 11, 6, 2, 1]"
12n_0287,"[4, 7, 10, 11, 0, 2, 10, 5, 3, 7, 8, 1]"
12n_0290,"[9, 4, 5, 0, 2, 7, 8, 11, 7, 1, 5, 8, 3, 13]"
12n_0291,"[4, 10, 5, 0, 2, 3, 8, 9, 12, 8, 2, 6, 9, 13]"
12n_0294,"[4, 5, 8, 9, 0, 10, 5, 2, 3, 6, 9, 1]"
12n_0302,"[4, 5, 11, 8, 0, 9, 13, 2, 13, 2, 8, 13, 6, 1]"
12n_0308,"[13, 4, 6, 0, 9, 2, 10, 12, 4, 6, 7, 13, 7, 4]"
12n_0310,"[13, 4, 6, 0, 10, 2, 10, 11, 12, 4, 7, 9, 11, 4]"
12n_0311,"[5, 9, 8, 0, 12, 2, 1, 5, 6, 5, 2, 8, 0, 3]"
12n_0329,"[6, 9, 7, 9, 11, 9, 2, 0, 3, 2, 12, 5, 3, 13]"
12n_0330,"[4, 10, 4, 12, 9, 10, 3, 0, 3, 5, 2, 10, 7, 13]"
12n_0331,"[13, 6, 0, 7, 9, 11, 2, 5, 11, 7, 13, 8, 5, 2]"
12n_0332,"[2, 8, 0, 1, 10, 13, 4, 10, 2, 5, 8, 9, 5, 1]"
12n_0333,"[13, 4, 7, 0, 9, 11, 2, 12, 11, 6, 7, 6, 11, 4]"
12n_0334,"[5, 0, 6, 7, 11, 1, 9, 10, 3, 5, 7, 9, 0, 1]"
12n_0357,"[13, 9, 10, 13, 12, 11, 1, 2, 12, 7, 4, 9, 11, 4]"
12n_0359,"[5, 12, 4, 8, 7, 0, 12, 12, 3, 7, 13, 7, 5, 11, 1, 15]"
12n_0363,"[6, 4, 8, 11, 7, 9, 0, 9, 2, 6, 3, 1]"
12n_0364,"[3, 5, 9, 0, 8, 10, 10, 1, 11, 12, 2, 3, 10, 1]"
12n_0365,"[4, 6, 11, 12, 0, 9, 11, 11, 1, 3, 13, 9, 10, 1]"
12n_0368,"[5, 11, 6, 12, 0, 1, 3, 4, 10, 11, 1, 10, 7, 13]"
12n_0369,"[10, 5, 11, 12, 0, 2, 4, 9, 10, 0, 9, 3, 6, 13]"
12n_0375,"[12, 5, 10, 11, 0, 3, 10, 11, 4, 5, 7, 9, 5, 13]"
12n_0377,"[9, 11, 7, 12, 0, 9, 2, 9, 4, 3, 1, 10, 8, 13]"
12n_0379,"[6, 10, 5, 6, 1, 12, 5, 1, 12, 8, 2, 8, 3, 13]"
12n_0380,"[4, 10, 12, 0, 8, 1, 3, 4, 12, 8, 2, 8, 6, 13]"
12n_0383,"[3, 5, 7, 11, 9, 1, 4, 5, 1, 7, 0, 4]"
12n_0386,"[7, 5, 10, 6, 0, 2, 0, 9, 10, 2, 9, 3, 6, 13]"
12n_0387,"[2, 7, 6, 11, 9, 0, 8, 1, 4, 5, 0, 4]"
12n_0388,"[2, 8, 7, 11, 9, 10, 0, 9, 1, 5, 0, 4]"
12n_0389,"[5, 7, 1, 11, 9, 3, 2, 6, 4, 5, 0, 4]"
12n_0392,"[3, 8, 11, 0, 2, 9, 12, 1, 12, 13, 2, 13, 5, 1]"
12n_0398,"[3, 7, 5, 0, 9, 11, 8, 2, 1, 3, 5, 1]"
12n_0399,"[4, 9, 8, 6, 0, 9, 11, 2, 7, 4, 6, 1]"
12n_0401,"[4, 9, 8, 10, 0, 3, 10, 2, 7, 5, 7, 1]"
12n_0402,"[7, 8, 10, 0, 10, 3, 0, 1, 6, 3, 6, 3, 10, 13]"
12n_0403,"[8, 9, 10, 9, 2, 3, 4, 0, 1, 6, 3, 10, 4, 13]"
12n_0404,"[11, 8, 0, 11, 8, 0, 12, 2, 5, 2, 8, 5, 0, 5]"
12n_0409,"[3, 6, 8, 0, 1, 9, 2, 11, 3, 6, 7, 9, 1, 13]"
12n_0410,"[13, 7, 13, 12, 10, 11, 1, 4, 13, 11, 4, 7, 8, 3]"
12n_0412,"[10, 12, 6, 7, 9, 0, 3, 9, 12, 5, 1, 8, 6, 13]"
12n_0413,"[5, 11, 6, 10, 12, 8, 3, 0, 6, 7, 12, 2, 7, 13]"
12n_0419,"[10, 5, 11, 12, 0, 2, 4, 9, 11, 0, 2, 9, 6, 13]"
12n_0420,"[3, 6, 9, 11, 2, 8, 4, 3, 5, 7, 0, 4]"
12n_0421,"[13, 11, 9, 0, 11, 8, 3, 2, 6, 7, 12, 3, 11, 4]"
12n_0422,"[13, 11, 8, 7, 0, 11, 9, 10, 6, 3, 12, 4, 11, 5]"
12n_0423,"[3, 11, 9, 0, 11, 8, 3, 2, 6, 7, 12, 3, 11, 1]"
12n_0425,"[6, 10, 12, 10, 8, 0, 10, 3, 0, 6, 8, 2, 11, 13]"
12n_0426,"[10, 4, 6, 0, 9, 2, 0, 4, 2, 0, 9, 2, 6, 13]"
12n_0435,"[4, 8, 1, 9, 0, 3, 10, 2, 6, 4, 7, 1]"
12n_0438,"[6, 12, 6, 7, 8, 12, 3, 10, 0, 4, 12, 1, 8, 13]"
12n_0439,"[6, 9, 12, 6, 0, 9, 11, 4, 0, 6, 4, 0, 3, 13]"
12n_0440,"[5, 12, 6, 9, 12, 2, 3, 4, 0, 7, 12, 1, 8, 13]"
12n_0441,"[9, 12, 6, 12, 7, 1, 3, 5, 0, 5, 12, 3, 6, 13]"
12n_0442,"[13, 9, 12, 13, 0, 2, 12, 11, 12, 5, 3, 8, 10, 5]"
12n_0443,"[6, 9, 11, 6, 0, 9, 11, 4, 0, 6, 4, 3, 11, 13]"
12n_0444,"[3, 9, 6, 11, 10, 7, 1, 3, 6, 7, 0, 4]"
12n_0445,"[13, 6, 11, 13, 0, 10, 12, 11, 12, 1, 13, 8, 2, 5]"
12n_0458,"[3, 7, 6, 11, 10, 8, 9, 10, 3, 2, 0, 4]"
12n_0459,"[3, 5, 8, 11, 7, 8, 1, 10, 1, 5, 0, 4]"
12n_0460,"[4, 7, 6, 8, 0, 8, 11, 10, 11, 1, 2, 1]"
12n_0464,"[6, 12, 6, 7, 10, 12, 9, 0, 3, 4, 12, 1, 7, 13]"
12n_0480,"[3, 10, 8, 0, 2, 11, 5, 2, 11, 1, 6, 1]"
12n_0483,"[4, 12, 8, 6, 9, 0, 1, 2, 4, 3, 12, 1, 3, 13]"
12n_0484,"[6, 11, 6, 7, 9, 12, 3, 5, 0, 7, 12, 2, 8, 13]"
12n_0491,"[13, 9, 10, 7, 8, 0, 11, 4, 13, 3, 9, 4, 7, 6]"
12n_0493,"[9, 5, 10, 12, 0, 2, 4, 9, 11, 1, 3, 9, 6, 13]"
12n_0494,"[6, 8, 10, 1, 7, 10, 0, 2, 7, 5, 3, 1]"
12n_0495,"[7, 11, 1, 13, 11, 12, 10, 3, 4, 12, 2, 5, 0, 4]"
12n_0496,"[11, 8, 10, 1, 7, 10, 0, 9, 1, 5, 3, 7]"
12n_0497,"[5, 7, 13, 9, 11, 2, 10, 5, 2, 5, 6, 9, 0, 3]"
12n_0499,"[3, 6, 5, 0, 7, 10, 9, 3, 1, 2, 8, 1]"
12n_0500,"[8, 12, 10, 0, 8, 9, 0, 3, 5, 6, 12, 1, 3, 13]"
12n_0502,"[11, 9, 6, 0, 8, 9, 0, 4, 5, 11, 0, 2, 6, 13]"
12n_0505,"[4, 7, 9, 5, 0, 8, 9, 3, 11, 3, 6, 1]"
12n_0507,"[3, 9, 5, 0, 7, 10, 1, 3, 6, 2, 8, 1]"
12n_0508,"[10, 4, 6, 0, 11, 2, 12, 9, 10, 0, 9, 5, 3, 13]"
12n_0518,"[4, 9, 4, 8, 11, 9, 5, 3, 1, 6, 4, 5, 3, 13]"
12n_0525,"[3, 9, 11, 0, 1, 10, 13, 6, 1, 13, 1, 10, 7, 11, 1, 15]"
12n_0527,"[13, 12, 8, 13, 12, 10, 11, 1, 4, 6, 9, 1, 9, 4]"
12n_0533,"[12, 5, 6, 10, 0, 9, 3, 11, 5, 7, 4, 8, 5, 13]"
12n_0535,"[4, 6, 5, 9, 0, 12, 2, 12, 5, 4, 6, 7, 10, 1]"
12n_0536,"[9, 5, 11, 12, 0, 2, 4, 12, 7, 1, 2, 7, 6, 13]"
12n_0543,"[6, 10, 9, 7, 8, 12, 2, 4, 0, 7, 2, 10, 8, 13]"
12n_0546,"[8, 9, 12, 9, 7, 2, 3, 0, 1, 7, 12, 2, 5, 13]"
12n_0547,"[4, 12, 11, 8, 0, 9, 1, 2, 1, 12, 8, 7, 4, 1]"
12n_0549,"[5, 8, 11, 6, 7, 8, 12, 0, 10, 11, 2, 10, 4, 13]"
12n_0550,"[13, 7, 9, 13, 8, 12, 9, 3, 13, 3, 5, 6, 11, 4]"
12n_0551,"[5, 9, 6, 11, 13, 0, 10, 11, 1, 11, 3, 2, 6, 1]"
12n_0552,"[6, 8, 7, 8, 7, 3, 0, 10, 2, 4, 3, 1]"
12n_0553,"[3, 6, 8, 2, 12, 9, 3, 0, 10, 4, 6, 9, 10, 2]"
12n_0554,"[7, 9, 9, 11, 13, 3, 9, 0, 2, 2, 4, 10, 16, 11, 11, 4, 2, 17]"
12n_0555,"[6, 12, 9, 0, 8, 14, 3, 4, 13, 12, 3, 8, 3, 12, 0, 3]"
12n_0556,"[4, 13, 0, 7, 12, 9, 0, 2, 11, 12, 4, 6, 11, 7]"
12n_0564,"[13, 7, 9, 13, 8, 11, 9, 3, 13, 3, 12, 6, 5, 4]"
12n_0565,"[8, 9, 10, 6, 7, 2, 10, 0, 1, 4, 3, 10, 5, 13]"
12n_0566,"[5, 9, 6, 0, 12, 8, 9, 1, 3, 6, 3, 9, 0, 3]"
12n_0567,"[5, 12, 8, 9, 12, 2, 3, 0, 6, 4, 12, 1, 7, 13]"
12n_0570,"[11, 6, 7, 8, 0, 10, 2, 3, 4, 5, 6, 4]"
12n_0571,"[5, 6, 7, 11, 9, 1, 2, 3, 4, 5, 0, 4]"
12n_0572,"[7, 9, 11, 6, 7, 1, 12, 6, 2, 2, 9, 3, 4, 13]"
12n_0573,"[8, 5, 10, 12, 0, 2, 9, 4, 5, 3, 3, 10, 7, 13]"
12n_0574,"[6, 7, 8, 11, 9, 0, 1, 2, 4, 5, 0, 4]"
12n_0575,"[9, 7, 8, 11, 0, 4, 0, 2, 0, 8, 3, 4, 5, 13]"
12n_0576,"[12, 9, 7, 8, 12, 0, 11, 3, 1, 2, 6, 7, 6, 13]"
12n_0577,"[12, 5, 10, 8, 0, 3, 10, 11, 12, 5, 7, 3, 5, 13]"
12n_0578,"[4, 10, 4, 9, 11, 12, 11, 6, 3, 1, 6, 5, 3, 13]"
12n_0579,"[6, 10, 7, 11, 9, 3, 0, 5, 11, 1, 5, 1]"
12n_0581,"[8, 9, 10, 13, 11, 0, 10, 9, 0, 0, 4, 5, 0, 4]"
12n_0582,"[13, 5, 10, 8, 0, 13, 3, 10, 13, 5, 3, 13, 5, 5]"
12n_0583,"[5, 7, 8, 10, 7, 0, 12, 11, 3, 11, 2, 10, 5, 1]"
12n_0587,"[6, 8, 0, 11, 10, 8, 2, 3, 2, 4, 9, 8, 0, 2]"
12n_0597,"[9, 12, 6, 10, 0, 9, 3, 0, 4, 7, 12, 1, 4, 13]"
12n_0598,"[13, 6, 13, 10, 9, 1, 3, 10, 13, 12, 13, 5, 4, 3]"
12n_0600,"[13, 9, 7, 11, 8, 13, 0, 3, 1, 3, 12, 3, 8, 7]"
12n_0601,"[9, 6, 0, 12, 10, 0, 3, 5, 0, 11, 5, 3, 4, 7, 0, 2]"
12n_0602,"[4, 6, 10, 8, 0, 9, 2, 9, 1, 3, 7, 9, 4, 1]"
12n_0603,"[11, 8, 6, 0, 1, 2, 0, 4, 5, 11, 0, 2, 6, 13]"
12n_0604,"[10, 6, 11, 9, 10, 1, 3, 0, 3, 4, 2, 7]"
12n_0605,"[4, 10, 4, 9, 11, 12, 8, 11, 3, 1, 7, 5, 3, 13]"
12n_0611,"[3, 9, 6, 0, 7, 11, 1, 12, 6, 1, 5, 6, 3, 1]"
12n_0613,"[13, 6, 9, 13, 12, 11, 3, 4, 6, 3, 5, 10, 8, 4]"
12n_0615,"[9, 7, 0, 7, 11, 8, 0, 12, 0, 4, 5, 10, 0, 2]"
12n_0622,"[5, 8, 1, 0, 10, 3, 10, 2, 6, 4, 7, 5, 0, 3]"
12n_0626,"[6, 4, 10, 13, 10, 11, 0, 10, 6, 3, 8, 9, 3, 1]"
12n_0627,"[10, 6, 8, 11, 9, 10, 0, 2, 4, 0, 3, 10, 2, 13]"
12n_0628,"[5, 7, 5, 8, 10, 0, 9, 4, 1, 2, 3, 1]"
12n_0629,"[5, 8, 5, 8, 10, 0, 2, 4, 6, 2, 3, 1]"
12n_0630,"[5, 7, 5, 7, 10, 0, 9, 3, 1, 2, 3, 1]"
12n_0631,"[6, 9, 10, 6, 8, 10, 0, 2, 4, 7, 4, 1]"
12n_0632,"[6, 9, 10, 11, 9, 3, 0, 2, 5, 7, 5, 1]"
12n_0636,"[6, 4, 10, 11, 10, 7, 0, 3, 2, 4, 8, 1]"
12n_0637,"[6, 11, 8, 1, 12, 7, 0, 12, 3, 12, 3, 4, 10, 1]"
12n_0638,"[7, 4, 10, 0, 2, 3, 0, 9, 10, 2, 9, 3, 5, 13]"
12n_0640,"[10, 7, 10, 8, 9, 11, 1, 3, 4, 6, 3, 6]"
12n_0641,"[5, 8, 9, 7, 10, 0, 9, 11, 2, 4, 5, 8, 1, 13]"
12n_0642,"[8, 10, 13, 10, 2, 8, 0, 13, 0, 2, 5, 2, 10, 0, 8, 5]"
12n_0653,"[3, 8, 11, 0, 10, 2, 11, 1, 2, 4, 5, 7, 1, 13]"
12n_0654,"[13, 5, 11, 9, 0, 10, 13, 2, 11, 13, 2, 13, 6, 5]"
12n_0655,"[12, 5, 7, 9, 0, 11, 2, 12, 3, 12, 5, 7, 5, 13]"
12n_0656,"[3, 10, 8, 0, 1, 10, 11, 2, 12, 11, 3, 7, 11, 1]"
12n_0657,"[12, 8, 10, 0, 2, 11, 12, 1, 2, 4, 5, 6, 4, 13]"
12n_0660,"[5, 7, 0, 8, 10, 0, 4, 2, 4, 7, 5, 1, 2, 13]"
12n_0664,"[6, 4, 7, 8, 9, 7, 0, 10, 1, 2, 3, 1]"
12n_0665,"[13, 6, 0, 7, 11, 10, 2, 5, 4, 7, 8, 7, 10, 2]"
12n_0666,"[4, 5, 7, 8, 10, 11, 2, 3, 4, 0, 1, 2]"
12n_0667,"[6, 11, 9, 12, 7, 8, 9, 12, 0, 11, 1, 3, 5, 13]"
12n_0668,"[6, 12, 9, 10, 7, 8, 9, 12, 0, 3, 12, 1, 5, 13]"
12n_0669,"[13, 9, 7, 12, 11, 13, 0, 4, 5, 7, 8, 7, 10, 7]"
12n_0672,"[3, 15, 8, 1, 10, 13, 4, 10, 3, 5, 2, 3, 5, 3, 0, 2]"
12n_0674,"[10, 5, 11, 7, 8, 2, 3, 4, 5, 0, 1, 3]"
12n_0675,"[10, 7, 11, 7, 8, 9, 1, 4, 5, 0, 1, 3]"
12n_0676,"[4, 13, 6, 0, 8, 9, 3, 11, 6, 8, 6, 3, 0, 2]"
12n_0690,"[5, 13, 6, 8, 0, 10, 12, 4, 7, 4, 6, 3, 0, 2]"
12n_0697,"[6, 13, 11, 9, 10, 0, 10, 2, 10, 3, 7, 8, 0, 2]"
12n_0700,"[11, 6, 0, 1, 8, 9, 0, 2, 5, 6, 8, 3, 6, 13]"
12n_0701,"[6, 10, 7, 6, 0, 12, 9, 10, 3, 12, 3, 7, 0, 4]"
12n_0717,"[5, 6, 8, 10, 0, 9, 0, 2, 4, 6, 4, 10, 2, 13]"
12n_0726,"[13, 7, 5, 13, 1, 9, 11, 5, 3, 6, 12, 6, 4, 4]"
12n_0737,"[11, 5, 6, 0, 8, 9, 3, 0, 2, 11, 0, 3, 6, 13]"
12n_0738,"[5, 10, 5, 11, 7, 3, 0, 9, 11, 1, 3, 9, 4, 13]"
12n_0740,"[9, 12, 7, 8, 12, 0, 9, 10, 5, 3, 12, 1, 8, 13]"
12n_0744,"[13, 12, 8, 13, 8, 10, 11, 1, 13, 11, 5, 1, 5, 4]"
12n_0750,"[5, 10, 7, 11, 8, 1, 2, 4, 5, 0, 2, 4]"
12n_0751,"[6, 10, 8, 11, 8, 9, 1, 2, 5, 0, 2, 4]"
12n_0752,"[3, 10, 11, 0, 1, 2, 10, 11, 3, 5, 7, 9, 1, 13]"
12n_0753,"[5, 10, 7, 12, 8, 10, 0, 3, 1, 5, 12, 3, 2, 13]"
12n_0754,"[12, 5, 9, 11, 0, 3, 10, 4, 5, 6, 7, 8, 5, 13]"
12n_0756,"[3, 7, 9, 0, 1, 11, 1, 9, 11, 3, 5, 8, 10, 1]"
12n_0759,"[13, 12, 7, 13, 12, 9, 1, 4, 6, 8, 6, 1, 8, 4]"
12n_0762,"[3, 7, 10, 0, 1, 11, 1, 12, 7, 2, 5, 8, 10, 1]"
12n_0767,"[8, 5, 0, 9, 1, 11, 0, 2, 3, 4, 5, 6]"
12n_0769,"[6, 8, 11, 9, 0, 8, 10, 0, 3, 6, 4, 3, 11, 13]"
12n_0770,"[5, 12, 8, 10, 7, 10, 0, 1, 3, 5, 12, 1, 4, 13]"
12n_0774,"[3, 7, 10, 0, 12, 10, 3, 11, 4, 12, 2, 8, 3, 1]"
12n_0779,"[9, 11, 9, 7, 8, 1, 2, 0, 5, 7, 1, 10, 4, 13]"
12n_0780,"[3, 11, 9, 0, 9, 3, 11, 1, 4, 6, 13, 2, 6, 1]"
12n_0781,"[4, 12, 9, 0, 8, 3, 1, 12, 5, 12, 6, 1, 6, 13]"
12n_0782,"[10, 5, 12, 9, 0, 2, 3, 9, 11, 4, 1, 9, 6, 13]"
12n_0784,"[3, 6, 5, 0, 10, 8, 10, 2, 1, 4, 7, 5, 3, 1]"
12n_0791,"[11, 7, 5, 0, 1, 8, 0, 2, 3, 11, 0, 3, 6, 13]"
12n_0799,"[13, 9, 10, 13, 10, 11, 1, 2, 11, 7, 13, 8, 5, 4]"
12n_0803,"[12, 7, 11, 9, 12, 0, 10, 2, 12, 1, 8, 3, 6, 13]"
12n_0806,"[9, 11, 0, 14, 7, 9, 3, 5, 0, 6, 1, 6, 14, 3, 6, 15]"
12n_0807,"[7, 4, 6, 0, 2, 9, 11, 4, 0, 2, 6, 4, 2, 13]"
12n_0809,"[4, 12, 8, 15, 0, 10, 13, 15, 1, 5, 6, 7, 1, 11, 7, 1]"
12n_0811,"[3, 12, 6, 1, 2, 9, 11, 1, 3, 2, 6, 4, 9, 13]"
12n_0812,"[4, 8, 0, 7, 2, 3, 10, 12, 4, 0, 3, 7, 5, 13]"
12n_0813,"[4, 8, 12, 9, 0, 8, 4, 12, 6, 7, 8, 2, 10, 1]"
12n_0823,"[3, 8, 6, 0, 1, 10, 3, 5, 2, 5, 6, 7, 1, 13]"
12n_0825,"[9, 7, 12, 10, 9, 0, 1, 10, 0, 6, 12, 2, 4, 13]"
12n_0826,"[13, 9, 11, 13, 0, 9, 10, 11, 3, 13, 7, 2, 6, 5]"
12n_0831,"[4, 10, 6, 9, 1, 2, 3, 11, 3, 0, 2, 8]"
12n_0832,"[12, 5, 6, 10, 0, 8, 3, 12, 6, 7, 4, 7, 5, 13]"
12n_0833,"[9, 4, 7, 0, 10, 2, 0, 12, 7, 1, 5, 7, 2, 13]"
12n_0836,"[6, 7, 8, 12, 9, 0, 10, 0, 3, 6, 12, 3, 2, 13]"
12n_0841,"[13, 5, 9, 6, 0, 8, 4, 12, 11, 4, 5, 6, 10, 5]"
12n_0843,"[13, 8, 7, 13, 0, 12, 10, 11, 12, 5, 2, 1, 10, 5]"
12n_0844,"[8, 15, 0, 2, 8, 15, 15, 10, 15, 2, 5, 8, 0, 9, 2, 13, 3, 17]"
12n_0845,"[5, 12, 8, 9, 7, 2, 12, 0, 3, 6, 12, 1, 4, 13]"
12n_0846,"[13, 9, 10, 13, 8, 12, 2, 3, 13, 7, 5, 13, 5, 4]"
12n_0847,"[13, 6, 7, 13, 7, 12, 9, 13, 1, 2, 5, 13, 5, 4]"
12n_0850,"[10, 7, 8, 10, 9, 11, 1, 2, 4, 6, 4, 6]"
12n_0858,"[13, 5, 9, 6, 0, 11, 4, 12, 5, 4, 8, 6, 10, 5]"
12n_0865,"[11, 8, 11, 9, 10, 11, 0, 5, 2, 4, 7, 3, 7, 13]"
12n_0866,"[9, 10, 5, 8, 0, 8, 1, 2, 4, 7, 8, 2, 5, 13]"
12n_0868,"[4, 12, 0, 6, 9, 0, 10, 1, 4, 2, 1, 8, 10, 13]"
12n_0869,"[13, 12, 5, 0, 9, 13, 1, 11, 4, 2, 1, 8, 10, 4]"
12n_0874,"[11, 8, 12, 9, 0, 1, 2, 0, 6, 0, 5, 9, 7, 13]"
12n_0875,"[12, 5, 9, 7, 0, 10, 11, 4, 5, 3, 6, 8, 5, 13]"
12n_0876,"[13, 5, 9, 7, 0, 11, 12, 4, 5, 3, 12, 5, 8, 5]"
12n_0882,"[6, 7, 8, 0, 8, 9, 1, 11, 5, 0, 7, 3]"
12n_0883,"[8, 9, 5, 0, 1, 9, 12, 4, 3, 2, 9, 6, 7, 13]"
12n_0884,"[13, 6, 12, 9, 8, 0, 3, 12, 13, 4, 9, 6, 4, 6]"
12n_0886,"[13, 6, 11, 10, 12, 0, 3, 5, 10, 3, 6, 7, 8, 6]"
12n_0888,"[5, 9, 7, 8, 0, 1, 11, 3, 1, 2, 6, 7]"
