Name,Dihedral Linking Numbers
3_1,"[[[1, -2], [-2, 0]]]"
6_1,"[[[-5, 2], [2, -1]]]"
7_4,"[[[-7, 2], [2, -3]]]"
7_7,"[[[-10, 6], [6, -2]]]"
8_5,"[[[2, -4], [-4, 0]]]"
8_10,"[[[0, 0], [0, 1]]]"
8_11,"[[[-13, 6], [6, -4]]]"
8_15,"[[[2, -4], [-4, -1]]]"
8_18,"[[[-2, 2], [2, -1]], [[2, -2], [-2, 1]], [[2, -2], [-2, 1]], [[-2, 2], [2, -1]]]"
8_19,"[[[2, -4], [-4, -2]]]"
8_20,"[[[0, 0], [0, 1]]]"
8_21,"[[[2, -4], [-4, 0]]]"
9_1,"[[[3, -6], [-6, -1]]]"
9_2,"[[[-2, -2], [-2, -2]]]"
9_4,"[[[-2, -2], [-2, -2]]]"
9_6,"[[[3, -6], [-6, -1]]]"
9_10,"[[[-15, 6], [6, -6]]]"
9_11,"[[[-7, 6], [6, 0]]]"
9_15,"[[[-7, 6], [6, -1]]]"
9_16,"[[[2, -4], [-4, -2]]]"
9_17,"[[[-18, 10], [10, -5]]]"
9_23,"[[[3, -6], [-6, 0]]]"
9_24,"[[[0, 0], [0, 0]]]"
9_28,"[[[2, -4], [-4, 1]]]"
9_29,"[[[-22, 10], [10, -4]]]"
9_34,"[[[18/5, -14/5], [-14/5, 12/5]]]"
9_35,"[[[-13/3, 2/3], [2/3, -10/3]], [[-10/3, 2/3], [2/3, -10/3]], [['x', 'x'], ['x', 'x']], [[-19/3, 2/3], [2/3, -10/3]]]"
9_37,"[[[-23/3, 10/3], [10/3, -5/3]], [['x', 'x'], ['x', 'x']], [[-20/3, 10/3], [10/3, -5/3]], [[-22/3, 14/3], [14/3, -7/3]]]"
9_38,"[[[24, -14], [-14, 4]]]"
9_40,"[[[2, -4], [-4, 1]]]"
9_46,"[[[7/3, -2/3], [-2/3, 7/3]], [['x', 'x'], ['x', 'x']], [[4/3, -2/3], [-2/3, 7/3]], [[5/3, 2/3], [2/3, 5/3]]]"
9_47,"[[[-5/3, -2/3], [-2/3, -2/3]], [[-7/3, 2/3], [2/3, -4/3]], [[-2/3, -2/3], [-2/3, -2/3]], [[-5/3, -2/3], [-2/3, -2/3]]]"
9_48,"[[[-11/3, 10/3], [10/3, 1/3]], [[-11/3, 10/3], [10/3, 1/3]], [[-14/3, 10/3], [10/3, 1/3]], [['x', 'x'], ['x', 'x']]]"
10_4,"[[[-4, 2], [2, -1]]]"
10_5,"[[[-1, 2], [2, 1]]]"
10_9,"[[[1, -2], [-2, 0]]]"
10_10,"[[[4, -2], [-2, 2]]]"
10_14,"[[[-8, 2], [2, -3]]]"
10_19,"[[[9, -6], [-6, 3]]]"
10_21,"[[[-21, 10], [10, -7]]]"
10_29,"[[[-5, 2], [2, -2]]]"
10_31,"[[[9, -6], [-6, 3]]]"
10_32,"[[[1, -2], [-2, 1]]]"
10_36,"[[[-8, 2], [2, -3]]]"
10_40,"[[[-1, 2], [2, 1]]]"
10_42,"[[[-5, 2], [2, -1]]]"
10_59,"[[[3, -2], [-2, 0]]]"
10_61,"[[[2, -4], [-4, 1]]]"
10_62,"[[[0, 0], [0, 2]]]"
10_63,"[[[2, -4], [-4, -2]]]"
10_64,"[[[2, -4], [-4, 1]]]"
10_65,"[[[0, 0], [0, 2]]]"
10_66,"[[[2, -4], [-4, -2]]]"
10_67,"[[[-28/5, 14/5], [14/5, -17/5]]]"
10_68,"[[[22/5, -6/5], [-6/5, 8/5]]]"
10_69,"[[[-42/5, 26/5], [26/5, -3/5]]]"
10_74,"[[[-29/3, 10/3], [10/3, -11/3]], [[-28/3, 14/3], [14/3, -13/3]], [['x', 'x'], ['x', 'x']], [[-37/3, 14/3], [14/3, -13/3]]]"
10_75,"[[[-32/3, 22/3], [22/3, -8/3]], [[-38/3, 22/3], [22/3, -8/3]], [[-38/3, 22/3], [22/3, -8/3]], [['x', 'x'], ['x', 'x']]]"
10_76,"[[[2, -4], [-4, 0]]]"
10_77,"[[[0, 0], [0, 2]]]"
10_78,"[[[1, -4], [-4, -1]]]"
10_82,"[[[-1, 0], [0, -1]]]"
10_84,"[[[3, -4], [-4, 1]]]"
10_85,"[[[-3, 4], [4, 0]]]"
10_87,"[[[-1, 0], [0, 0]]]"
10_89,"[[[-27, 14], [14, -5]]]"
10_96,"[[[-42, 22], [22, -10]]]"
10_97,"[[[-38, 18], [18, -11]]]"
10_98,"[[[11, -6], [-6, 1]], [[4, -4], [-4, 0]], [[2, -4], [-4, 0]], [[4, -4], [-4, 0]]]"
10_99,"[[[0, 0], [0, 0]], [[1, 0], [0, 0]], [[0, 0], [0, 0]], [[-1, 0], [0, 0]]]"
10_103,"[[[0, 2], [2, 1]]]"
10_106,"[[[1, -2], [-2, 0]]]"
10_107,"[[[10, -6], [-6, 3]]]"
10_108,"[[[-4, 2], [2, -1]]]"
10_112,"[[[2, -2], [-2, 2]]]"
10_113,"[[[38/7, -26/7], [-26/7, 6/7]]]"
10_114,"[[[2, -2], [-2, 2]]]"
10_120,"[[[4, -5], [-5, -3/2]]]"
10_122,"[[[-34/5, 22/5], [22/5, -6/5]]]"
10_136,"[[[[-22, 10], [10, -4]]], [[[-17, 10], [10, -4]]]]"
10_139,"[[[2, -4], [-4, -3]]]"
10_140,"[[[0, 0], [0, -1]]]"
10_141,"[[[2, -4], [-4, 1]]]"
10_142,"[[[2, -4], [-4, -2]]]"
10_143,"[[[0, 0], [0, 2]]]"
10_144,"[[[3, -4], [-4, 1]]]"
10_145,"[[[-2/5, 6/5], [6/5, 17/5]]]"
10_146,"[[[18/5, -14/5], [-14/5, 12/5]]]"
10_147,"[[[12/5, -6/5], [-6/5, 3/5]]]"
10_158,"[[[-4, 2], [2, -1]]]"
10_159,"[[[1, -2], [-2, -1]]]"
10_160,"[[[-8, 2], [2, -3]]]"
10_163,"[[[1, -2], [-2, 0]]]"
10_164,"[[[4, -2], [-2, 2]]]"
10_165,"[[[-7, 6], [6, 0]]]"
11a_6,"[[[-11, 6], [6, -4]]]"
11a_8,"[[[6, -2], [-2, 2]]]"
11a_16,"[[[6, -4], [-4, 2]]]"
11a_17,"[[[6, -4], [-4, 1]]]"
11a_21,"[[[-4, 0], [0, -2]]]"
11a_37,"[[[-4, 0], [0, -1]]]"
11a_38,"[[[52/7, -26/7], [-26/7, 13/7]]]"
11a_43,"[[[1, -4], [-4, -3]], [[2, -6], [-6, -2]], [[2, -4], [-4, -3]], [[1, -4], [-4, -3]]]"
11a_44,"[[[0, 0], [0, 0]], [[1, -2], [-2, 1]], [[2, -4], [-4, 2]], [[0, 0], [0, 0]]]"
11a_45,"[[[5, -4], [-4, 1]]]"
11a_46,"[[[2, -4], [-4, 1]]]"
11a_47,"[[[2, -4], [-4, 2]], [[0, 0], [0, 0]], [[0, 0], [0, 0]], [[1, -2], [-2, 1]]]"
11a_49,"[[[-4, 0], [0, -3]]]"
11a_57,"[[[-1, 2], [2, 0]], [[-2, 4], [4, -1]], [[0, 0], [0, 1]], [[0, 0], [0, 1]]]"
11a_58,"[[[0, 0], [0, 0]]]"
11a_63,"[[[0, 2], [2, 2]]]"
11a_69,"[[[-26, 14], [14, -7]]]"
11a_71,"[[[3, -4], [-4, 1]]]"
11a_72,"[[[-1, 0], [0, 0]]]"
11a_73,"[[[-2, 2], [2, 0]]]"
11a_78,"[[[-58/5, 34/5], [34/5, -22/5]]]"
11a_90,"[[[-10, 6], [6, -2]]]"
11a_91,"[[[-10, 6], [6, -3]]]"
11a_93,"[[[-15, 10], [10, -4]]]"
11a_99,"[[[-5, 2], [2, -1]]]"
11a_100,"[[[2, -4], [-4, -1]]]"
11a_102,"[[[-49/5, 22/5], [22/5, -16/5]]]"
11a_103,"[[[-43/7, 18/7], [18/7, -9/7]]]"
11a_106,"[[[2, -4], [-4, 2]]]"
11a_107,"[[[2, -4], [-4, 1]]]"
11a_108,"[[[0, 0], [0, 1]]]"
11a_109,"[[[0, 0], [0, 0]]]"
11a_117,"[[[3, -6], [-6, 0]]]"
11a_118,"[[[-3, 0], [0, -1]]]"
11a_123,"[[[17/3, -22/3], [-22/3, -1/3]], [['x', 'x'], ['x', 'x']], [[17/3, -22/3], [-22/3, -1/3]], [[-50/3, 22/3], [22/3, -23/3]]]"
11a_128,"[[[-55/7, 38/7], [38/7, -12/7]]]"
11a_130,"[[[-4, 4], [4, 0]]]"
11a_132,"[[[60, -30], [-30, 14]]]"
11a_134,"[[[2, -4], [-4, 0]]]"
11a_135,"[[[-17/3, 10/3], [10/3, -5/3]], [[-19/3, 14/3], [14/3, -7/3]], [[58/9, -38/9], [-38/9, 19/9]], [[-17/3, 10/3], [10/3, -5/3]]]"
11a_137,"[[[-15, 8], [8, -3]]]"
11a_139,"[[[0, 0], [0, -1]]]"
11a_146,"[[[-15, 10], [10, -3]]]"
11a_152,"[[[2, 0], [0, 1]]]"
11a_155,"[[['x', 'x'], ['x', 'x']], [[-14/3, 10/3], [10/3, 1/3]], [[-10/3, 14/3], [14/3, -1/3]], [['x', 'x'], ['x', 'x']]]"
11a_157,"[[[0, 0], [0, 2]]]"
11a_159,"[[[7, -6], [-6, 2]]]"
11a_161,"[[[-6, 4], [4, 0]]]"
11a_165,"[[[0, 0], [0, -1]]]"
11a_171,"[[[2, -2], [-2, 0]]]"
11a_173,"[[[-62/3, 34/3], [34/3, -20/3]], [[13/3, -14/3], [-14/3, 4/3]], [['x', 'x'], ['x', 'x']], [[13/3, -14/3], [-14/3, 4/3]]]"
11a_175,"[[[1, -2], [-2, 1]]]"
11a_176,"[[[1, -2], [-2, 0]]]"
11a_178,"[[[-7, 2], [2, -3]]]"
11a_179,"[[[-26, 14], [14, -8]]]"
11a_181,"[[[-41/3, 22/3], [22/3, -14/3]], [[-46/3, 26/3], [26/3, -16/3]], [[-47/3, 22/3], [22/3, -14/3]], [['x', 'x'], ['x', 'x']]]"
11a_184,"[[[-15, 10], [10, -3]]]"
11a_187,"[[[52/5, -26/5], [-26/5, 13/5]]]"
11a_194,"[[[-2, 4], [4, 1]]]"
11a_196,"[[[-1, 2], [2, 1]]]"
11a_199,"[[[-44/7, 22/7], [22/7, -4/7]]]"
11a_201,"[[[-36/5, 18/5], [18/5, -4/5]]]"
11a_202,"[[[-54/7, 34/7], [34/7, -24/7]]]"
11a_203,"[[[3, -6], [-6, 0]]]"
11a_208,"[[[-7, 6], [6, 0]]]"
11a_209,"[[[14, -8], [-8, 5]]]"
11a_212,"[[[3, -6], [-6, 0]]]"
11a_214,"[[[-34/5, 22/5], [22/5, -11/5]]]"
11a_216,"[[[1, -2], [-2, 0]]]"
11a_219,"[[[41/7, -10/7], [-10/7, 26/7]]]"
11a_223,"[[[2, -4], [-4, -1]]]"
11a_230,"[[[-2, -2], [-2, -1]]]"
11a_231,"[[[0, 0], [0, 1]], [[-2, 4], [4, -1]], [[0, 0], [0, 1]], [[-1, 2], [2, 0]]]"
11a_232,"[[[-2, 4], [4, -1]]]"
11a_236,"[[[3, -6], [-6, -1]]]"
11a_237,"[[[-38/5, 14/5], [14/5, -27/5]]]"
11a_239,"[[[-46/11, 34/11], [34/11, -28/11]]]"
11a_243,"[[[-10, 2], [2, -5]]]"
11a_244,"[[[2, -4], [-4, -2]]]"
11a_245,"[[[2, -4], [-4, -2]]]"
11a_248,"[[[46/11, -34/11], [-34/11, 39/11]]]"
11a_249,"[[[10/3, -2/3], [-2/3, 4/3]], [[26/9, -22/9], [-22/9, 20/9]], [[8/3, 2/3], [2/3, 2/3]], [[10/3, -2/3], [-2/3, 4/3]]]"
11a_258,"[[[6, -4], [-4, 2]]]"
11a_260,"[[[-3, 0], [0, -3]]]"
11a_261,"[[[-3, 4], [4, 1]]]"
11a_263,"[[[2, -4], [-4, -3]], [[3, -6], [-6, -2]], [[2, -4], [-4, -3]], [[2, -4], [-4, -3]]]"
11a_264,"[[[-1, 0], [0, -1]]]"
11a_271,"[[[-13, 6], [6, -5]]]"
11a_273,"[[[-4, 4], [4, 0]]]"
11a_274,"[[[-9, 6], [6, -2]]]"
11a_275,"[[[-2, -2], [-2, -2]]]"
11a_277,"[[['x', 'x'], ['x', 'x']], [[-7/3, 2/3], [2/3, -4/3]], [[-34/9, 26/9], [26/9, -22/9]], [['x', 'x'], ['x', 'x']]]"
11a_278,"[[[-38/11, 30/11], [30/11, -26/11]]]"
11a_280,"[[[14, -8], [-8, 5]]]"
11a_283,"[[[-1, 2], [2, 1]]]"
11a_286,"[[[3, -2], [-2, 1]]]"
11a_290,"[[[-3, 2], [2, 0]]]"
11a_291,"[[[20/3, -22/3], [-22/3, -1/3]], [['x', 'x'], ['x', 'x']], [[20/3, -22/3], [-22/3, -1/3]], [[40/3, -26/3], [-26/3, 1/3]]]"
11a_292,"[[[58, -30], [-30, 11]]]"
11a_293,"[[[-34/3, 14/3], [14/3, -1/3]], [[-13/3, 14/3], [14/3, -1/3]], [[-13/3, 14/3], [14/3, -1/3]], [['x', 'x'], ['x', 'x']]]"
11a_294,"[[[-54, 26], [26, -12]]]"
11a_296,"[[[-41, 22], [22, -8]]]"
11a_300,"[[[5, -2], [-2, 2]]]"
11a_304,"[[[13, -10], [-10, 2]]]"
11a_305,"[[[-1, 0], [0, 1]]]"
11a_306,"[[[-1, 2], [2, 2]]]"
11a_309,"[[[-7, 2], [2, -4]]]"
11a_314,"[[['x', 'x'], ['x', 'x']], [[-5/3, -2/3], [-2/3, -2/3]], [[-34/9, 26/9], [26/9, -22/9]], [[-5/3, -2/3], [-2/3, -2/3]]]"
11a_318,"[[[5, -6], [-6, -1]]]"
11a_324,"[[[-19, 12], [12, -3]]]"
11a_332,"[[[-3, 2], [2, -1]], [[-3, 2], [2, -1]], [[2, -4], [-4, 2]], [[1, 0], [0, 0]]]"
11a_335,"[[[-10, 2], [2, -5]]]"
11a_338,"[[[2, -4], [-4, -3]]]"
11a_340,"[[[2, -4], [-4, -2]]]"
11a_344,"[[[-8, 2], [2, -4]]]"
11a_346,"[[[38/5, -14/5], [-14/5, 2/5]]]"
11a_347,"[[[-50, 26], [26, -14]]]"
11a_351,"[[[2, -4], [-4, 2]]]"
11a_352,"[[[2, -4], [-4, 1]], [[12, -6], [-6, 2]], [[13, -6], [-6, 2]], [[3, -2], [-2, 0]]]"
11a_353,"[[[48/5, -34/5], [-34/5, -3/5]]]"
11a_354,"[[[-46, 22], [22, -15]]]"
11a_355,"[[[3, -6], [-6, -2]]]"
11a_360,"[[[-2, -2], [-2, -3]]]"
11a_361,"[[[-26/7, 6/7], [6/7, -31/7]]]"
11a_362,"[[[-19/5, 2/5], [2/5, -16/5]]]"
11a_365,"[[[-23, 10], [10, -9]]]"
11a_366,"[[[-37/3, 14/3], [14/3, -19/3]], [[-34/3, 14/3], [14/3, -19/3]], [['x', 'x'], ['x', 'x']], [[-43/3, 14/3], [14/3, -19/3]]]"
11n_1,"[[[-12, 10], [10, -2]]]"
11n_2,"[[[-3, -2], [-2, -2]]]"
11n_13,"[[[-3, -2], [-2, -2]]]"
11n_14,"[[[-12, 10], [10, -1]]]"
11n_18,"[[[-20, 10], [10, -6]]]"
11n_28,"[[[-4, 0], [0, -1]]]"
11n_29,"[[[6, -4], [-4, 0]]]"
11n_30,"[[[-4, 0], [0, -3]]]"
11n_31,"[[[-5, 0], [0, -3]]]"
11n_32,"[[[6, -4], [-4, 2]]]"
11n_33,"[[[-4, 0], [0, -1]]]"
11n_38,"[[[13, -4], [-4, 3]]]"
11n_62,"[[[5, -4], [-4, 2]]]"
11n_63,"[[[-4, 0], [0, -3]]]"
11n_64,"[[[5, -4], [-4, 0]]]"
11n_65,"[[[17/7, 2/7], [2/7, 13/7]]]"
11n_66,"[[[38/7, -26/7], [-26/7, 6/7]]]"
11n_67,"[[[-4/7, 2/7], [2/7, -8/7]]]"
11n_68,"[[[27, -14], [-14, 5]]]"
11n_69,"[[[17, -10], [-10, 2]]]"
11n_71,"[[[2, -4], [-4, 0]], [[0, 0], [0, -2]], [[0, 0], [0, -2]], [[1, -2], [-2, -1]]]"
11n_72,"[[[2, -4], [-4, -1]], [[3, -6], [-6, 0]], [[2, -4], [-4, -1]], [[2, -4], [-4, -1]]]"
11n_73,"[[[0, 0], [0, 0]], [[1, -2], [-2, 1]], [[0, 0], [0, 0]], [[2, -4], [-4, 2]]]"
11n_74,"[[[1, -2], [-2, 1]], [[0, 0], [0, 0]], [[0, 0], [0, 0]], [[2, -4], [-4, 2]]]"
11n_75,"[[[0, 0], [0, 3]], [[-1, 2], [2, 2]], [[-2, 4], [4, 1]], [[0, 0], [0, 3]]]"
11n_76,"[[[0, 0], [0, 3]], [[0, 0], [0, 3]], [[-2, 4], [4, 1]], [[-1, 2], [2, 2]]]"
11n_77,"[[[2, -4], [-4, -3]], [[3, -6], [-6, -2]], [[2, -4], [-4, -3]], [[2, -4], [-4, -3]]]"
11n_78,"[[[0, 0], [0, -2]], [[1, -2], [-2, -1]], [[0, 0], [0, -2]], [[2, -4], [-4, 0]]]"
11n_79,"[[[-3, 0], [0, -1]]]"
11n_80,"[[[-6, 4], [4, 0]]]"
11n_81,"[[[3, -6], [-6, 0]], [[2, -4], [-4, -1]], [[2, -4], [-4, -1]], [[2, -4], [-4, -1]]]"
11n_85,"[[[0, 0], [0, 0]]]"
11n_86,"[[[1, -2], [-2, 1]]]"
11n_87,"[[[-3, 4], [4, 1]]]"
11n_92,"[[[-10, 6], [6, -2]]]"
11n_94,"[[[-1, 2], [2, -1]]]"
11n_95,"[[[2/5, -6/5], [-6/5, -12/5]]]"
11n_97,"[[[4/5, -2/5], [-2/5, 1/5]]]"
11n_98,"[[[-34/5, 22/5], [22/5, -6/5]]]"
11n_99,"[[[19/5, -2/5], [-2/5, 16/5]]]"
11n_100,"[[[-20/7, 10/7], [10/7, -12/7]]]"
11n_101,"[[[-15/7, 18/7], [18/7, -2/7]]]"
11n_102,"[[[-6/7, 10/7], [10/7, 9/7]]]"
11n_104,"[[[2, -4], [-4, -1]]]"
11n_105,"[[[2, -4], [-4, -1]]]"
11n_106,"[[[0, 0], [0, 1]]]"
11n_107,"[[[2, -4], [-4, 0]]]"
11n_109,"[[[2, 2], [2, 3]]]"
11n_118,"[[[-1, -2], [-2, -2]]]"
11n_119,"[[[-5, 5], [5, -3/2]]]"
11n_121,"[[[[-9, 8], [8, -1]]], [[[-15, 8], [8, -1]]]]"
11n_122,"[[[12/7, -6/7], [-6/7, 24/7]]]"
11n_123,"[[[-42, 22], [22, -10]]]"
11n_125,"[[[-13, 6], [6, -4]]]"
11n_126,"[[['x', 'x'], ['x', 'x']], [['x', 'x'], ['x', 'x']], [['x', 'x'], ['x', 'x']], [[20/3, -22/3], [-22/3, -1/3]]]"
11n_136,"[[[3, -6], [-6, -1]]]"
11n_137,"[[[-30/7, 22/7], [22/7, 10/7]]]"
11n_138,"[[[9/7, 6/7], [6/7, 4/7]]]"
11n_139,"[[[-4/5, 2/5], [2/5, -11/5]]]"
11n_140,"[[[-26/5, 18/5], [18/5, 1/5]]]"
11n_141,"[[[6/5, 2/5], [2/5, 4/5]]]"
11n_142,"[[[-19, 12], [12, -5]]]"
11n_143,"[[[12/5, -6/5], [-6/5, 3/5]]]"
11n_145,"[[[-4, 2], [2, -1]]]"
11n_146,"[[[-3, 1], [1, -5/2]]]"
11n_148,"[[[-10/7, -2/7], [-2/7, -6/7]]]"
11n_149,"[[[-19/5, 2/5], [2/5, -11/5]]]"
11n_150,"[[[-1/7, -10/7], [-10/7, -9/7]]]"
11n_153,"[[[-2/7, -6/7], [-6/7, 3/7]]]"
11n_155,"[[[-6/5, -2/5], [-2/5, -4/5]]]"
11n_158,"[[[-19/7, 6/7], [6/7, -17/7]]]"
11n_161,"[[[-9/5, 2/5], [2/5, -11/5]]]"
11n_164,"[[[4, -6], [-6, 1]], [[3, -4], [-4, 0]], [[12, -6], [-6, 1]], [[2, -2], [-2, -1]]]"
11n_167,"[[[13/3, -14/3], [-14/3, 4/3]], [['x', 'x'], ['x', 'x']], [[14/3, -10/3], [-10/3, 2/3]], [['x', 'x'], ['x', 'x']]]"
11n_168,"[[[22/7, -18/7], [-18/7, 2/7]]]"
11n_170,"[[[17, -8], [-8, 6]]]"
11n_173,"[[[-2, 1], [1, -5/2]]]"
11n_176,"[[[12/7, -6/7], [-6/7, 24/7]]]"
11n_181,"[[[1, -4], [-4, -2]]]"
11n_182,"[[[2/7, 6/7], [6/7, 4/7]]]"
11n_183,"[[[2, -4], [-4, -2]]]"
11n_184,"[[[2, -4], [-4, 0]]]"
11n_185,"[[[2, -4], [-4, -1]]]"
12a_0001,"[[[-11, 8], [8, -3]]]"
12a_0002,"[[[-9, 4], [4, -2]]]"
12a_0010,"[[[-9, 4], [4, -3]]]"
12a_0011,"[[[-11, 8], [8, -1]]]"
12a_0016,"[[[11, -6], [-6, 3]]]"
12a_0023,"[[[-95/11, 42/11], [42/11, -10/11]]]"
12a_0029,"[[[-3, 4], [4, 0]]]"
12a_0030,"[[[0, 0], [0, 1]]]"
12a_0033,"[[[0, 0], [0, 1]]]"
12a_0035,"[[[-13, 6], [6, -6]]]"
12a_0036,"[[[2, -4], [-4, -2]]]"
12a_0048,"[[[-9, 4], [4, -2]]]"
12a_0049,"[[[103, -50], [-50, 27]]]"
12a_0051,"[[[8, -4], [-4, 3]]]"
12a_0057,"[[[6, -4], [-4, 3]]]"
12a_0060,"[[[-9, 4], [4, -2]]]"
12a_0062,"[[[-4, 0], [0, 0]]]"
12a_0066,"[[[106, -54], [-54, 26]]]"
12a_0067,"[[[-11, 8], [8, -3]]]"
12a_0071,"[[[-6, 2], [2, -2]]]"
12a_0074,"[[[-8, 6], [6, -1]]]"
12a_0077,"[[[-9, 4], [4, -2]]]"
12a_0079,"[[[94/7, -54/7], [-54/7, 20/7]]]"
12a_0081,"[[[5, -4], [-4, 1]]]"
12a_0086,"[[[7, -4], [-4, 4]]]"
12a_0088,"[[[-94/19, 66/19], [66/19, -71/19]]]"
12a_0095,"[[[11, -8], [-8, 2]]]"
12a_0097,"[[[-6, 0], [0, -4]]]"
12a_0100,"[[[7, -4], [-4, 3]]]"
12a_0103,"[[[-106/13, 66/13], [66/13, -46/13]]]"
12a_0113,"[[[3, -4], [-4, 0]]]"
12a_0114,"[[[2, -4], [-4, -1]]]"
12a_0116,"[[[0, 0], [0, 1]]]"
12a_0117,"[[[2, -4], [-4, -1]]]"
12a_0119,"[[[2, -4], [-4, -1]], [[2, -4], [-4, -1]], [[2, -4], [-4, -1]], [[3, -6], [-6, 0]]]"
12a_0121,"[[[5, -4], [-4, 3]]]"
12a_0122,"[[[0, 0], [0, 1]]]"
12a_0127,"[[[-4, 0], [0, -1]]]"
12a_0130,"[[[-4, 2], [2, -1]]]"
12a_0136,"[[[-11, 8], [8, -3]]]"
12a_0150,"[[[87/7, -26/7], [-26/7, 27/7]]]"
12a_0151,"[[[-3, 0], [0, -2]]]"
12a_0155,"[[[76/13, -38/13], [-38/13, 6/13]]]"
12a_0156,"[[[-67/13, 14/13], [14/13, -59/13]]]"
12a_0157,"[[[0, 0], [0, -1]]]"
12a_0163,"[[[11, -8], [-8, 2]]]"
12a_0164,"[[[2, -4], [-4, 0]], [[0, 0], [0, -2]], [[0, 0], [0, -2]], [[1, -2], [-2, -1]]]"
12a_0165,"[[[2, -4], [-4, 0]]]"
12a_0166,"[[[1, -2], [-2, -1]], [[2, -4], [-4, 0]], [[0, 0], [0, -2]], [[0, 0], [0, -2]]]"
12a_0167,"[[[0, 0], [0, 3]], [[-1, 2], [2, 2]], [[-2, 4], [4, 1]], [[0, 0], [0, 3]]]"
12a_0168,"[[[0, 0], [0, 2]]]"
12a_0172,"[[[5, -2], [-2, 3]]]"
12a_0175,"[[[-8, 6], [6, -1]]]"
12a_0177,"[[[76/9, -38/9], [-38/9, 37/9]], [['x', 'x'], ['x', 'x']], [[-17/3, 10/3], [10/3, 1/3]], [[-19/3, 14/3], [14/3, -1/3]]]"
12a_0179,"[[[-6, 2], [2, -2]]]"
12a_0181,"[[[-10, 6], [6, -3]]]"
12a_0182,"[[[0, 0], [0, 1]]]"
12a_0189,"[[[-30, 18], [18, -8]]]"
12a_0193,"[[[-8, 6], [6, -1]]]"
12a_0195,"[[[-2, 4], [4, 0]]]"
12a_0197,"[[[-2, 2], [2, 0]]]"
12a_0203,"[[[-11, 8], [8, -3]]]"
12a_0206,"[[[-13, 6], [6, -6]]]"
12a_0207,"[[[-74/5, 42/5], [42/5, -21/5]]]"
12a_0208,"[[[-78/7, 46/7], [46/7, -16/7]]]"
12a_0209,"[[[-70/19, 54/19], [54/19, -27/19]]]"
12a_0210,"[[[5, -6], [-6, 0]]]"
12a_0212,"[[[1, -2], [-2, 0]]]"
12a_0215,"[[[-13, 10], [10, -3]]]"
12a_0223,"[[[10, -4], [-4, 4]]]"
12a_0224,"[[[-1, 0], [0, -1]]]"
12a_0229,"[[[-98/13, 62/13], [62/13, -18/13]]]"
12a_0231,"[[[93/5, -54/5], [-54/5, 12/5]]]"
12a_0233,"[[[-7, 4], [4, -2]]]"
12a_0234,"[[[3, -2], [-2, 1]]]"
12a_0236,"[[[5, -6], [-6, 0]]]"
12a_0239,"[[[-1, -2], [-2, -1]]]"
12a_0244,"[[[-11/3, 10/3], [10/3, 1/3]], [['x', 'x'], ['x', 'x']], [[-107/3, 58/3], [58/3, -23/3]], [[-11/3, 10/3], [10/3, 1/3]]]"
12a_0245,"[[[-7/3, 2/3], [2/3, -4/3]], [[-4/3, 2/3], [2/3, -4/3]], [[-98/3, 46/3], [46/3, -26/3]], [['x', 'x'], ['x', 'x']]]"
12a_0246,"[[[-9, 4], [4, -4]]]"
12a_0251,"[[[-8, 2], [2, -2]]]"
12a_0256,"[[[33, -18], [-18, 8]]]"
12a_0260,"[[[78/5, -34/5], [-34/5, 17/5]]]"
12a_0265,"[[[-25/3, 14/3], [14/3, -7/3]], [[-23/3, 10/3], [10/3, -5/3]], [[-82/21, 62/21], [62/21, -31/21]], [[-25/3, 14/3], [14/3, -7/3]]]"
12a_0269,"[[[-90/11, 34/11], [34/11, -50/11]]]"
12a_0270,"[[[-44/9, 22/9], [22/9, -29/9]], [[-5/3, -2/3], [-2/3, -5/3]], [[-7/3, 2/3], [2/3, -7/3]], [['x', 'x'], ['x', 'x']]]"
12a_0280,"[[[2, -4], [-4, 0]]]"
12a_0281,"[[[2, -4], [-4, -1]]]"
12a_0287,"[[[-23, 12], [12, -4]]]"
12a_0288,"[[[-122/13, 74/13], [74/13, -11/13]]]"
12a_0290,"[[[0, 0], [0, -1]]]"
12a_0291,"[[[1, 0], [0, -1]]]"
12a_0292,"[[[0, 2], [2, 0]]]"
12a_0295,"[[[4, -6], [-6, -2]], [[4, -6], [-6, -2]], [[2, -4], [-4, -3]], [[5, -8], [-8, -1]]]"
12a_0296,"[[[29, -16], [-16, 7]]]"
12a_0297,"[[[-3, 4], [4, 1]], [[-4, 6], [6, 0]], [[0, 0], [0, 3]], [[-2, 2], [2, 2]]]"
12a_0298,"[[[-5, 2], [2, 0]], [[-6, 4], [4, -1]], [[-7, 6], [6, -2]], [[0, 0], [0, 1]]]"
12a_0302,"[[[-2, 2], [2, 1]]]"
12a_0303,"[[[-5, 2], [2, 0]]]"
12a_0306,"[[[-2, 2], [2, 1]]]"
12a_0308,"[[[31, -16], [-16, 9]]]"
12a_0311,"[[[-16/3, 2/3], [2/3, -10/3]], [[-19/3, 2/3], [2/3, -10/3]], [['x', 'x'], ['x', 'x']], [[83/3, -46/3], [-46/3, 14/3]]]"
12a_0312,"[[[-66/7, 26/7], [26/7, -27/7]]]"
12a_0313,"[[[33/5, -34/5], [-34/5, 7/5]]]"
12a_0319,"[[[10, -10], [-10, 0]]]"
12a_0321,"[[[4, -6], [-6, 0]]]"
12a_0325,"[[[-12/5, 6/5], [6/5, 2/5]]]"
12a_0329,"[[[-3, 0], [0, -3]]]"
12a_0331,"[[[-86/11, 54/11], [54/11, 6/11]]]"
12a_0332,"[[[-32/3, 22/3], [22/3, -2/3]], [['x', 'x'], ['x', 'x']], [[-82/9, 50/9], [50/9, 2/9]], [[-32/3, 22/3], [22/3, -2/3]]]"
12a_0334,"[[[-118/11, 70/11], [70/11, -24/11]]]"
12a_0336,"[[[22/5, -26/5], [-26/5, -2/5]]]"
12a_0342,"[[[12, -6], [-6, 3]]]"
12a_0345,"[[[13, -10], [-10, 1]]]"
12a_0346,"[[[70/11, -46/11], [-46/11, 23/11]]]"
12a_0347,"[[[82/17, -58/17], [-58/17, 12/17]]]"
12a_0348,"[[[-20, 10], [10, -4]]]"
12a_0358,"[[[62/19, -50/19], [-50/19, 6/19]]]"
12a_0360,"[[[-4, 2], [2, -1]]]"
12a_0362,"[[[-43/5, 34/5], [34/5, -2/5]]]"
12a_0373,"[[[2, -4], [-4, -2]]]"
12a_0374,"[[[0, 0], [0, 0]]]"
12a_0375,"[[[0, 0], [0, 3]]]"
12a_0376,"[[[0, 0], [0, 2]]]"
12a_0377,"[[[-1, 0], [0, 0]]]"
12a_0386,"[[[-26/3, 22/3], [22/3, -2/3]], [[-26/3, 22/3], [22/3, -2/3]], [[-34/3, 26/3], [26/3, -4/3]], [[-35/3, 22/3], [22/3, -2/3]]]"
12a_0389,"[[[-15, 8], [8, -2]]]"
12a_0390,"[[[-1, 0], [0, -1]]]"
12a_0392,"[[[34, -20], [-20, 6]]]"
12a_0393,"[[[5, -6], [-6, 0]]]"
12a_0395,"[[[-7, 6], [6, -1]]]"
12a_0396,"[[[6, -4], [-4, 1]], [[0, 0], [0, -1]], [[10, -6], [-6, 2]], [[6, -4], [-4, 1]]]"
12a_0401,"[[[78/11, -50/11], [-50/11, 14/11]]]"
12a_0404,"[[[-9, 6], [6, -2]]]"
12a_0408,"[[[27/5, -26/5], [-26/5, -2/5]]]"
12a_0409,"[[[27/5, -26/5], [-26/5, -2/5]]]"
12a_0411,"[[[-28/5, 34/5], [34/5, -2/5]]]"
12a_0413,"[[['x', 'x'], ['x', 'x']], [['x', 'x'], ['x', 'x']], [[74/21, -58/21], [-58/21, 8/21]], [[13/3, -14/3], [-14/3, 4/3]]]"
12a_0414,"[[[-62/5, 26/5], [26/5, -23/5]]]"
12a_0415,"[[[-23/5, 14/5], [14/5, -7/5]]]"
12a_0416,"[[[-5, 2], [2, -2]]]"
12a_0419,"[[[-5, 2], [2, -2]]]"
12a_0420,"[[[11, -10], [-10, 0]]]"
12a_0422,"[[[0, 2], [2, 1]]]"
12a_0425,"[[[5, -2], [-2, 2]]]"
12a_0426,"[[[-4, 9/2], [9/2, -9/4]]]"
12a_0427,"[[[3, -2], [-2, 1]], [[-3, 2], [2, -1]], [[0, 0], [0, 0]], [[0, 0], [0, 0]]]"
12a_0428,"[[[4, -4], [-4, 2]]]"
12a_0429,"[[[4, -4], [-4, 1]]]"
12a_0433,"[[[7, -6], [-6, 0]], [[7, -6], [-6, 0]], [[2, -4], [-4, -1]], [[8, -8], [-8, 1]]]"
12a_0434,"[[[-14, 10], [10, -4]]]"
12a_0435,"[[[-2, 4], [4, -2]], [[0, 0], [0, 0]], [[2, -4], [-4, 2]], [[0, 0], [0, 0]]]"
12a_0439,"[[[-23/5, 14/5], [14/5, -7/5]]]"
12a_0444,"[[[2, -4], [-4, -1]]]"
12a_0445,"[[[0, 0], [0, 1]]]"
12a_0446,"[[[3, -4], [-4, 1]]]"
12a_0448,"[[[-19, 10], [10, -6]]]"
12a_0450,"[[[-57, 30], [30, -12]]]"
12a_0451,"[[[-13, 6], [6, -4]]]"
12a_0456,"[[[-5, 2], [2, -1]]]"
12a_0459,"[[[47, -22], [-22, 14]]]"
12a_0463,"[[[5, -4], [-4, 2]]]"
12a_0464,"[[[6, -2], [-2, 2]]]"
12a_0472,"[[[-4, 9/2], [9/2, 7/4]]]"
12a_0475,"[[[3, -4], [-4, 1]]]"
12a_0482,"[[[-10, 6], [6, -3]]]"
12a_0485,"[[[-3, 2], [2, 0]]]"
12a_0486,"[[[2, -2], [-2, 1]]]"
12a_0490,"[[[-4, -2], [-2, -4]]]"
12a_0491,"[[[-82/5, 46/5], [46/5, -18/5]]]"
12a_0493,"[[[-17/3, 10/3], [10/3, -5/3]], [['x', 'x'], ['x', 'x']], [[-23/3, 10/3], [10/3, -5/3]], [[74/3, -34/3], [-34/3, 17/3]]]"
12a_0494,"[[[-94/7, 54/7], [54/7, -20/7]]]"
12a_0496,"[[[-2, 2], [2, -2]]]"
12a_0498,"[[[-13, 6], [6, -4]]]"
12a_0503,"[[[-62/3, 34/3], [34/3, -17/3]], [['x', 'x'], ['x', 'x']], [[-62/3, 34/3], [34/3, -17/3]], [[-62/3, 34/3], [34/3, -17/3]]]"
12a_0504,"[[[-73/5, 34/5], [34/5, -32/5]]]"
12a_0505,"[[[-79/7, 50/7], [50/7, -11/7]]]"
12a_0508,"[[[-1, -2], [-2, -2]]]"
12a_0509,"[[[2, -2], [-2, 0]]]"
12a_0515,"[[[82/5, -46/5], [-46/5, 18/5]]]"
12a_0519,"[[[-16, 6], [6, -6]]]"
12a_0523,"[[[2, -2], [-2, 1]]]"
12a_0524,"[[[-76/7, 38/7], [38/7, -26/7]]]"
12a_0525,"[[[-66/5, 38/5], [38/5, -9/5]]]"
12a_0528,"[[[-1, 2], [2, 0]]]"
12a_0529,"[[[84/13, -42/13], [-42/13, 34/13]]]"
12a_0540,"[[[-8, 2], [2, -4]]]"
12a_0541,"[[[-13, 6], [6, -5]]]"
12a_0542,"[[[-46/13, 10/13], [10/13, -31/13]]]"
12a_0546,"[[[14, -8], [-8, 3]]]"
12a_0549,"[[[7, -6], [-6, 2]]]"
12a_0554,"[[[-31/3, 14/3], [14/3, -4/3]], [['x', 'x'], ['x', 'x']], [['x', 'x'], ['x', 'x']], [['x', 'x'], ['x', 'x']], [[-8, 6], [6, -2]], [[-10, 6], [6, -2]], [['x', 'x'], ['x', 'x']], [['x', 'x'], ['x', 'x']], [[-10, 6], [6, -2]], [[-25/3, 14/3], [14/3, -4/3]], [['x', 'x'], ['x', 'x']], [[-28/3, 14/3], [14/3, -4/3]], [[-10, 6], [6, -2]]]"
12a_0561,"[[[3, -6], [-6, 0]]]"
12a_0562,"[[[-76/11, 38/11], [38/11, -30/11]]]"
12a_0563,"[[[-52/9, 26/9], [26/9, -40/9]], [[-14/3, -2/3], [-2/3, -8/3]], [[-16/3, 2/3], [2/3, -10/3]], [['x', 'x'], ['x', 'x']]]"
12a_0564,"[[[-60/11, 30/11], [30/11, -37/11]]]"
12a_0567,"[[[70/11, -46/11], [-46/11, 23/11]]]"
12a_0569,"[[[-29/3, 22/3], [22/3, -2/3]], [[-74/9, 46/9], [46/9, 4/9]], [[-23/3, 22/3], [22/3, -2/3]], [['x', 'x'], ['x', 'x']]]"
12a_0570,"[[[-94/11, 58/11], [58/11, 4/11]]]"
12a_0571,"[[[-1, 0], [0, -1]]]"
12a_0574,"[[[2, -4], [-4, -3]], [[3, -6], [-6, -2]], [[3, -6], [-6, -2]], [[4, -8], [-8, -1]]]"
12a_0575,"[[[2, -4], [-4, -3]]]"
12a_0576,"[[[-1, 2], [2, 2]], [[-2, 4], [4, 1]], [[-3, 6], [6, 0]], [[0, 0], [0, 3]]]"
12a_0577,"[[[0, 0], [0, 3]]]"
12a_0578,"[[[0, 0], [0, 3]]]"
12a_0579,"[[[1, -2], [-2, 1]]]"
12a_0580,"[[[-1, 2], [2, 2]]]"
12a_0588,"[[[1, -2], [-2, 0]]]"
12a_0594,"[[[4, -2], [-2, 3]], [[3, 0], [0, 2]], [[2, 2], [2, 1]], [[0, 0], [0, 2]]]"
12a_0596,"[[[4, -2], [-2, 3]]]"
12a_0597,"[[[-10, 6], [6, -2]]]"
12a_0611,"[[[24, -14], [-14, 4]]]"
12a_0615,"[[[4, -6], [-6, -2]], [[4, -6], [-6, -2]], [[5, -6], [-6, -2]], [[5, -6], [-6, -2]]]"
12a_0617,"[[[2, -2], [-2, 1]]]"
12a_0623,"[[[-84, 42], [42, -24]]]"
12a_0626,"[[[1, -2], [-2, 0]]]"
12a_0628,"[[[78/11, -50/11], [-50/11, 3/11]]]"
12a_0629,"[[[-5, 2], [2, -1]]]"
12a_0631,"[[[-4, 2], [2, -1]]]"
12a_0633,"[[[8, -6], [-6, 1]]]"
12a_0634,"[[[4, 0], [0, 2]], [[4, 0], [0, 2]], [[8, -2], [-2, 3]], [[0, 0], [0, 2]]]"
12a_0635,"[[[10, -6], [-6, 4]]]"
12a_0636,"[[[45/11, -6/11], [-6/11, 25/11]]]"
12a_0637,"[[[-19, 10], [10, -4]]]"
12a_0643,"[[[6, -2], [-2, 2]]]"
12a_0647,"[[[4, -8], [-8, -1]], [[2, -4], [-4, -3]], [[2, -4], [-4, -3]], [[4, -8], [-8, -1]]]"
12a_0648,"[[[2, -4], [-4, -3]]]"
12a_0650,"[[[10, -6], [-6, 4]]]"
12a_0654,"[[[25, -14], [-14, 4]]]"
12a_0655,"[[[-20, 10], [10, -4]]]"
12a_0665,"[[[31, -16], [-16, 7]]]"
12a_0666,"[[[-13, 6], [6, -4]]]"
12a_0668,"[[[0, 0], [0, 0]]]"
12a_0670,"[[[4, -4], [-4, 2]]]"
12a_0672,"[[[0, 0], [0, -1]]]"
12a_0679,"[[[-2, -2], [-2, -3]], [[-2, -2], [-2, -3]], [[2, -4], [-4, -2]], [[-1, -4], [-4, -2]]]"
12a_0683,"[[[-4, 0], [0, -2]], [[2, -4], [-4, 0]], [[-5, 2], [2, -3]], [[-5, 2], [2, -3]]]"
12a_0684,"[[[-5, 2], [2, -2]]]"
12a_0685,"[[[25, -14], [-14, 4]]]"
12a_0689,"[[[-3, 0], [0, -1]]]"
12a_0692,"[[[0, 0], [0, 3]], [[-1, 2], [2, 2]], [[-2, 4], [4, 1]], [[0, 0], [0, 3]]]"
12a_0693,"[[[-2, 4], [4, 0]]]"
12a_0694,"[[[2, -4], [-4, -2]]]"
12a_0699,"[[[4, -2], [-2, 2]]]"
12a_0701,"[[[-1, 2], [2, 2]], [[-2, 4], [4, 1]], [[-2, 4], [4, 1]], [[-1, 2], [2, 2]]]"
12a_0702,"[[[-2, 4], [4, 0]]]"
12a_0703,"[[[-2, 4], [4, 0]]]"
12a_0705,"[[[-70/19, 54/19], [54/19, -27/19]]]"
12a_0706,"[[[-94, 46], [46, -24]]]"
12a_0708,"[[[82/7, -34/7], [-34/7, 17/7]]]"
12a_0711,"[[[-17/5, 6/5], [6/5, 2/5]]]"
12a_0712,"[[[-9, 6], [6, -1]], [[-2, 4], [4, 0]], [[-15, 10], [10, -3]], [[-19, 10], [10, -3]]]"
12a_0718,"[[[-1, 2], [2, 2]]]"
12a_0719,"[[[72/5, -26/5], [-26/5, 23/5]]]"
12a_0721,"[[[12, -6], [-6, 5]]]"
12a_0723,"[[[-29, 14], [14, -10]]]"
12a_0725,"[[[-55/3, 26/3], [26/3, -22/3]], [[-53/3, 22/3], [22/3, -20/3]], [[-55/3, 26/3], [26/3, -22/3]], [['x', 'x'], ['x', 'x']]]"
12a_0730,"[[[-75/7, 34/7], [34/7, -38/7]]]"
12a_0731,"[[[7, -6], [-6, 1]]]"
12a_0735,"[[[-44/5, 22/5], [22/5, -21/5]]]"
12a_0736,"[[[2, -2], [-2, 1]]]"
12a_0737,"[[[-2, 4], [4, 1]]]"
12a_0739,"[[[2, -4], [-4, -1]]]"
12a_0741,"[[[103/7, -62/7], [-62/7, 10/7]]]"
12a_0742,"[[[2, -2], [-2, 2]], [[1, 0], [0, 1]], [[-2, 4], [4, -1]], [[2, -2], [-2, 2]]]"
12a_0750,"[[[-8, 2], [2, -3]], [['x', 'x'], ['x', 'x']], [['x', 'x'], ['x', 'x']], [[-23/3, 10/3], [10/3, -11/3]], [[-23/3, 10/3], [10/3, -11/3]], [['x', 'x'], ['x', 'x']], [[-7, 2], [2, -3]], [['x', 'x'], ['x', 'x']], [[-20/3, 10/3], [10/3, -11/3]], [[-8, 2], [2, -3]], [['x', 'x'], ['x', 'x']], [['x', 'x'], ['x', 'x']], [[-7, 2], [2, -3]]]"
12a_0760,"[[[19, -10], [-10, 6]]]"
12a_0762,"[[[-2, -2], [-2, -2]]]"
12a_0766,"[[[1, -2], [-2, 1]]]"
12a_0767,"[[[-57/7, 18/7], [18/7, -23/7]]]"
12a_0768,"[[[18, -10], [-10, 6]]]"
12a_0769,"[[[-59/3, 34/3], [34/3, -14/3]], [[28/3, -14/3], [-14/3, 10/3]], [[28/3, -14/3], [-14/3, 10/3]], [[20/3, -10/3], [-10/3, 8/3]]]"
12a_0771,"[[[-97, 50], [50, -23]]]"
12a_0772,"[[[5, -4], [-4, 0]]]"
12a_0775,"[[[-7, 2], [2, -3]]]"
12a_0777,"[[[6, -6], [-6, 1]]]"
12a_0780,"[[[6, -6], [-6, 0]]]"
12a_0785,"[[[2, -4], [-4, -1]]]"
12a_0787,"[[[46/9, -14/9], [-14/9, 16/9]], [[25/3, -14/3], [-14/3, 10/3]], [[25/3, -14/3], [-14/3, 10/3]], [['x', 'x'], ['x', 'x']]]"
12a_0791,"[[[-2, 2], [2, -1]]]"
12a_0793,"[[[-58/17, 46/17], [46/17, -23/17]]]"
12a_0796,"[[[-1, -2], [-2, -2]]]"
12a_0798,"[[[2, -4], [-4, -1]]]"
12a_0800,"[[[2, -4], [-4, -1]]]"
12a_0801,"[[[2, -4], [-4, -1]], [[3, -6], [-6, 0]], [[2, -4], [-4, -1]], [[2, -4], [-4, -1]]]"
12a_0803,"[[[-7, 2], [2, -3]]]"
12a_0804,"[[[74/17, -54/17], [-54/17, -24/17]]]"
12a_0805,"[[[2, -2], [-2, 3]]]"
12a_0806,"[[[2, -2], [-2, 3]]]"
12a_0807,"[[[2, -2], [-2, 3]]]"
12a_0808,"[[[2, -2], [-2, 2]]]"
12a_0809,"[[[66/13, -46/13], [-46/13, -3/13]]]"
12a_0810,"[[[86/15, -58/15], [-58/15, -1/15]], [[-25/3, 14/3], [14/3, -13/3]], [[-23/3, 10/3], [10/3, -11/3]], [[-23/3, 10/3], [10/3, -11/3]]]"
12a_0812,"[[[89, -46], [-46, 20]]]"
12a_0814,"[[[-7, 0], [0, -5]]]"
12a_0818,"[[[86, -42], [-42, 21]]]"
12a_0823,"[[[-5, 0], [0, -3]]]"
12a_0827,"[[[9, -4], [-4, 2]]]"
12a_0828,"[[[-5, 0], [0, -5]]]"
12a_0841,"[[[-59/5, 22/5], [22/5, -26/5]]]"
12a_0845,"[[[53/11, -10/11], [-10/11, 5/11]]]"
12a_0847,"[[[-9, 4], [4, -4]]]"
12a_0852,"[[[-1, 0], [0, -1]]]"
12a_0853,"[[[-70/13, 22/13], [22/13, -24/13]]]"
12a_0855,"[[[-5, 2], [2, -1]]]"
12a_0858,"[[[22/5, -6/5], [-6/5, 8/5]]]"
12a_0861,"[[[-3, 4], [4, 1]]]"
12a_0862,"[[[52/11, -26/11], [-26/11, 35/11]]]"
12a_0864,"[[[-3, 4], [4, -1]]]"
12a_0873,"[[[14/3, -10/3], [-10/3, 2/3]], [[11/3, -10/3], [-10/3, 2/3]], [[-85/3, 38/3], [38/3, -22/3]], [['x', 'x'], ['x', 'x']]]"
12a_0876,"[[[9, -10], [-10, 0]]]"
12a_0878,"[[[-2, 2], [2, 0]]]"
12a_0882,"[[[-3, 2], [2, 0]]]"
12a_0886,"[[[7/3, -2/3], [-2/3, 7/3]], [[4/3, -2/3], [-2/3, 7/3]], [[-94/3, 50/3], [50/3, -19/3]], [['x', 'x'], ['x', 'x']]]"
12a_0888,"[[[19, -10], [-10, 4]]]"
12a_0893,"[[[13, -6], [-6, 3]]]"
12a_0894,"[[[22, -10], [-10, 5]]]"
12a_0895,"[[['x', 'x'], ['x', 'x']], [[8/3, -10/3], [-10/3, 2/3]], [[11/3, -10/3], [-10/3, 2/3]], [[14/3, -10/3], [-10/3, 2/3]]]"
12a_0902,"[[[60, -30], [-30, 16]]]"
12a_0903,"[[[4, -4], [-4, -1]]]"
12a_0904,"[[[-2, 2], [2, -2]]]"
12a_0905,"[[[-7, 4], [4, -3]], [[-10, 6], [6, -4]], [[-1, 2], [2, -2]], [[-15, 6], [6, -4]]]"
12a_0907,"[[[28/5, -34/5], [-34/5, 7/5]]]"
12a_0909,"[[[1, -2], [-2, -1]]]"
12a_0912,"[[[-4, 2], [2, -2]]]"
12a_0913,"[[[3, -2], [-2, 1]]]"
12a_0914,"[[[-9, 6], [6, -1]]]"
12a_0916,"[[[-1, 2], [2, 0]]]"
12a_0919,"[[[4, -2], [-2, 2]]]"
12a_0923,"[[[53/7, -30/7], [-30/7, -6/7]]]"
12a_0924,"[[[79/5, -42/5], [-42/5, 6/5]]]"
12a_0927,"[[[-16, 8], [8, -5]]]"
12a_0928,"[[[-41, 22], [22, -10]]]"
12a_0930,"[[[4, -4], [-4, -1]]]"
12a_0931,"[[[4, -4], [-4, -1]]]"
12a_0936,"[[[12, -6], [-6, 3]]]"
12a_0939,"[[[-70, 34], [34, -18]]]"
12a_0940,"[[[74, -38], [-38, 18]]]"
12a_0941,"[[[-1, 0], [0, -1]]]"
12a_0944,"[[[22, -10], [-10, 5]]]"
12a_0949,"[[[-1, 0], [0, -1]]]"
12a_0952,"[[[24, -14], [-14, 4]]]"
12a_0964,"[[[20, -10], [-10, 6]]]"
12a_0965,"[[[4, -2], [-2, 1]]]"
12a_0970,"[[[-3, 4], [4, 0]]]"
12a_0972,"[[[18/5, -14/5], [-14/5, 12/5]]]"
12a_0973,"[[[43/9, -44/9], [-44/9, -23/9]], [['x', 'x'], ['x', 'x']], [[20/3, -22/3], [-22/3, -4/3]], [['x', 'x'], ['x', 'x']]]"
12a_0974,"[[[37/7, -36/7], [-36/7, -10/7]]]"
12a_0975,"[[[8, -4], [-4, 4]]]"
12a_0976,"[[[48, -22], [-22, 14]]]"
12a_0979,"[[[1, 0], [0, 1]]]"
12a_0981,"[[[0, 0], [0, 1]]]"
12a_0982,"[[[0, 0], [0, 1]]]"
12a_0986,"[[[-2, 2], [2, 0]]]"
12a_0987,"[[[-2, 2], [2, 2]], [[-4, 4], [4, 1]], [[-3, 4], [4, 1]], [[0, 2], [2, 2]]]"
12a_0990,"[[[2, -2], [-2, 1]], [[-1, 2], [2, -1]], [[-1, 0], [0, 0]], [[0, 0], [0, 0]]]"
12a_0999,"[[[-1, 0], [0, 1]]]"
12a_1000,"[[[-1, 0], [0, 1]]]"
12a_1001,"[[[-6, 2], [2, -2]]]"
12a_1002,"[[[-1, 2], [2, 0]]]"
12a_1010,"[[[-27, 14], [14, -9]]]"
12a_1016,"[[[8, -4], [-4, 2]]]"
12a_1018,"[[[-2, 0], [0, -1]]]"
12a_1021,"[[[32/5, -26/5], [-26/5, 3/5]]]"
12a_1022,"[[[-53/3, 22/3], [22/3, -17/3]], [[-47/3, 22/3], [22/3, -17/3]], [[-50/3, 22/3], [22/3, -17/3]], [[34/3, -26/3], [-26/3, 7/3]]]"
12a_1025,"[[[-74/13, 50/13], [50/13, 1/13]]]"
12a_1026,"[[[-62/7, 38/7], [38/7, -12/7]]]"
12a_1029,"[[[4, -2], [-2, 2]]]"
12a_1036,"[[[24, -14], [-14, 4]]]"
12a_1043,"[[[7/5, -6/5], [-6/5, -2/5]]]"
12a_1044,"[[[-6, 2], [2, -3]]]"
12a_1050,"[[[20, -12], [-12, 5]]]"
12a_1057,"[[[-59, 30], [30, -15]]]"
12a_1059,"[[[2, -4], [-4, -1]]]"
12a_1060,"[[[1, -2], [-2, 0]]]"
12a_1061,"[[[4, -4], [-4, 1]]]"
12a_1062,"[[[2, -4], [-4, -1]]]"
12a_1073,"[[[3, -4], [-4, -1]]]"
12a_1076,"[[[-9, 6], [6, -3]]]"
12a_1077,"[[[28/5, -14/5], [-14/5, 17/5]]]"
12a_1079,"[[[1, -2], [-2, 0]]]"
12a_1080,"[[[4, -4], [-4, 0]]]"
12a_1087,"[[[2, -2], [-2, 1]]]"
12a_1091,"[[[10, -6], [-6, 3]]]"
12a_1092,"[[[-2/3, -2/3], [-2/3, -2/3]], [[-2/3, -2/3], [-2/3, -2/3]], [[-1/3, 2/3], [2/3, -4/3]], [[4/3, -2/3], [-2/3, -2/3]]]"
12a_1093,"[[[-7/3, 2/3], [2/3, -4/3]], [['x', 'x'], ['x', 'x']], [[-2/3, -2/3], [-2/3, -2/3]], [[-4/3, 2/3], [2/3, -4/3]]]"
12a_1094,"[[[1, -2], [-2, 0]]]"
12a_1095,"[[[-4, 2], [2, -1]]]"
12a_1100,"[[[-1, 0], [0, 1]]]"
12a_1101,"[[[8, -2], [-2, 4]]]"
12a_1103,"[[[9, -2], [-2, 3]]]"
12a_1111,"[[[4, -2], [-2, 2]]]"
12a_1115,"[[[7, -2], [-2, 4]]]"
12a_1117,"[[[3, -9/2], [-9/2, -3/4]]]"
12a_1120,"[[[-1, 2], [2, 0]]]"
12a_1122,"[[[-18/5, 14/5], [14/5, -12/5]]]"
12a_1123,"[[[-3, 2], [2, -1]], [[2, -2], [-2, 1]], [[1, -2], [-2, 1]], [[-3, 2], [2, -1]]]"
12a_1129,"[[[18, -10], [-10, 6]]]"
12a_1133,"[[[-9, 6], [6, -2]]]"
12a_1136,"[[[1, -2], [-2, 0]]]"
12a_1137,"[[[-65/7, 22/7], [22/7, -18/7]]]"
12a_1142,"[[[38/9, -10/9], [-10/9, 5/9]], [['x', 'x'], ['x', 'x']], [[19/3, -14/3], [-14/3, 7/3]], [[22/3, -14/3], [-14/3, 7/3]]]"
12a_1144,"[[[50/11, -14/11], [-14/11, 18/11]]]"
12a_1146,"[[[-13, 6], [6, -4]]]"
12a_1147,"[[[2, -4], [-4, 1]]]"
12a_1151,"[[[5, -2], [-2, 2]]]"
12a_1154,"[[[14, -8], [-8, 3]]]"
12a_1155,"[[[25, -14], [-14, 4]]]"
12a_1157,"[[[6, -6], [-6, 1]]]"
12a_1160,"[[[-51/5, 18/5], [18/5, -14/5]]]"
12a_1161,"[[[1, -2], [-2, 0]]]"
12a_1162,"[[[8, -6], [-6, 1]]]"
12a_1164,"[[[2, -4], [-4, 0]]]"
12a_1166,"[[[1, -2], [-2, 0]]]"
12a_1170,"[[[4, -2], [-2, 2]]]"
12a_1173,"[[[13, -8], [-8, 3]]]"
12a_1177,"[[[3, -2], [-2, 2]]]"
12a_1180,"[[[9, -6], [-6, 3]]]"
12a_1181,"[[[-7/3, 2/3], [2/3, -4/3]], [[1/3, -2/3], [-2/3, -2/3]], [[-5/3, -2/3], [-2/3, -2/3]], [[1/3, -2/3], [-2/3, -2/3]]]"
12a_1184,"[[[7, -6], [-6, 1]]]"
12a_1187,"[[[-4, 4], [4, 0]]]"
12a_1189,"[[[-38, 18], [18, -11]]]"
12a_1190,"[[[1, 0], [0, -1]]]"
12a_1191,"[[[1, 0], [0, 2]]]"
12a_1196,"[[[12/5, -6/5], [-6/5, 3/5]]]"
12a_1197,"[[[22, -10], [-10, 5]]]"
12a_1200,"[[[-10, 6], [6, -2]]]"
12a_1201,"[[[3, -2], [-2, 1]]]"
12a_1207,"[[[7, -6], [-6, 1]]]"
12a_1210,"[[[2, -2], [-2, 3]]]"
12a_1212,"[[[3, -4], [-4, 1]]]"
12a_1214,"[[[4, -6], [-6, -1]]]"
12a_1215,"[[[-1, 0], [0, -2]]]"
12a_1216,"[[[54/7, -34/7], [-34/7, 24/7]]]"
12a_1217,"[[[82/13, -54/13], [-54/13, 27/13]]]"
12a_1219,"[[[-3, 4], [4, -1]]]"
12a_1221,"[[[3, -4], [-4, 1]]]"
12a_1224,"[[[2, -2], [-2, 0]]]"
12a_1225,"[[[1, 0], [0, 0]], [[1, -2], [-2, 1]], [[-1, 0], [0, 0]], [[-1, 2], [2, -1]]]"
12a_1226,"[[[-2, 2], [2, 0]]]"
12a_1237,"[[[-12/5, 6/5], [6/5, 2/5]]]"
12a_1239,"[[[-18, 10], [10, -5]]]"
12a_1247,"[[[-13, 6], [6, -4]]]"
12a_1248,"[[[-1, 2], [2, 0]]]"
12a_1252,"[[[4, -4], [-4, 1]]]"
12a_1253,"[[[1, 0], [0, 1]]]"
12a_1255,"[[[1, -2], [-2, -1]]]"
12a_1260,"[[[-1, 2], [2, -1]], [[-1, 2], [2, -1]], [[1, -2], [-2, 1]], [[1, -2], [-2, 1]]]"
12a_1261,"[[[2, -4], [-4, 1]]]"
12a_1262,"[[[-1, 2], [2, 0]]]"
12a_1265,"[[[-12, 6], [6, -3]]]"
12a_1266,"[[[2, -4], [-4, 0]]]"
12a_1270,"[[[2, -2], [-2, 0]]]"
12a_1272,"[[[22, -10], [-10, 5]]]"
12a_1276,"[[[-1, 2], [2, 0]]]"
12a_1282,"[[[-4, 2], [2, 0]]]"
12a_1283,"[[[1, -2], [-2, 1]], [[0, 0], [0, 0]], [[-2, 4], [4, -2]], [[1, -2], [-2, 1]]]"
12a_1284,"[[[-2, 4], [4, -1]]]"
12a_1285,"[[[-2, 4], [4, -1]]]"
12a_1286,"[[[-5, 4], [4, -1]], [[-4, 2], [2, 0]], [[-2, 4], [4, -1]], [[-4, 2], [2, 0]]]"
12a_1288,"[[[0, 0], [0, 0]], [[2, -4], [-4, 2]], [[-2, 4], [4, -2]], [[0, 0], [0, 0]]]"
12n_0001,"[[[-4, 0], [0, -1]]]"
12n_0004,"[[[-8, 4], [4, -2]]]"
12n_0005,"[[[-10, 8], [8, -1]]]"
12n_0006,"[[[-9, 4], [4, -4]]]"
12n_0007,"[[[-6, 4], [4, -2]]]"
12n_0010,"[[[-12, 8], [8, -3]]]"
12n_0015,"[[[-8, 6], [6, -1]]]"
12n_0016,"[[[-6, 2], [2, -3]]]"
12n_0022,"[[[-7, 4], [4, -2]]]"
12n_0023,"[[[-8, 4], [4, -2]]]"
12n_0027,"[[[-3, 0], [0, -1]]]"
12n_0028,"[[[-11, 8], [8, -3]]]"
12n_0030,"[[[-5, 4], [4, -2]]]"
12n_0031,"[[[-9, 4], [4, -2]]]"
12n_0033,"[[[-3, 0], [0, -1]]]"
12n_0034,"[[[-11, 8], [8, -3]]]"
12n_0035,"[[[-25, 14], [14, -7]]]"
12n_0039,"[[[-10, 6], [6, -2]]]"
12n_0040,"[[[-4, 2], [2, -2]]]"
12n_0043,"[[[-4, 2], [2, -1]]]"
12n_0044,"[[[-10, 6], [6, -3]]]"
12n_0049,"[[[-36, 18], [18, -9]]]"
12n_0050,"[[[-44, 22], [22, -12]]]"
12n_0051,"[[[4/11, -2/11], [-2/11, 23/11]]]"
12n_0052,"[[[-51/11, 42/11], [42/11, 1/11]]]"
12n_0053,"[[[-40/11, -2/11], [-2/11, -10/11]]]"
12n_0055,"[[[2, -4], [-4, 0]]]"
12n_0056,"[[[0, 0], [0, 1]]]"
12n_0057,"[[[-1, 0], [0, 1]]]"
12n_0058,"[[[-3, 4], [4, 2]]]"
12n_0059,"[[[2, -4], [-4, -2]]]"
12n_0060,"[[[0, 0], [0, -1]]]"
12n_0061,"[[[-1, 0], [0, -1]]]"
12n_0062,"[[[0, 0], [0, -1]]]"
12n_0063,"[[[-2, 4], [4, 0]]]"
12n_0064,"[[[2, -4], [-4, 0]]]"
12n_0066,"[[[0, 0], [0, -1]]]"
12n_0067,"[[[-2, 4], [4, 2]]]"
12n_0083,"[[[3, -4], [-4, -1]]]"
12n_0084,"[[[0, 0], [0, 0]]]"
12n_0098,"[[[11, -8], [-8, 1]]]"
12n_0099,"[[[-9, 4], [4, -4]]]"
12n_0100,"[[[47/7, -34/7], [-34/7, -18/7]]]"
12n_0101,"[[[-61/5, 38/5], [38/5, -19/5]]]"
12n_0102,"[[[5/13, -22/13], [-22/13, -28/13]]]"
12n_0106,"[[[1, 0], [0, 0]]]"
12n_0107,"[[[3, -4], [-4, -1]]]"
12n_0108,"[[[-6, 0], [0, -3]]]"
12n_0109,"[[[8, -4], [-4, 4]]]"
12n_0110,"[[[-6, 0], [0, -5]]]"
12n_0125,"[[[11, -8], [-8, 1]]]"
12n_0126,"[[[-9, 4], [4, -4]]]"
12n_0139,"[[[26/7, -6/7], [-6/7, -11/7]]]"
12n_0140,"[[[-46/5, 18/5], [18/5, -24/5]]]"
12n_0141,"[[[-34/13, 30/13], [30/13, -15/13]]]"
12n_0144,"[[[0, 2], [2, 1]]]"
12n_0147,"[[[3, -2], [-2, 1]]]"
12n_0150,"[[[11, -8], [-8, 1]]]"
12n_0151,"[[[-9, 4], [4, -4]]]"
12n_0152,"[[[11, -8], [-8, 3]]]"
12n_0156,"[[[12, -6], [-6, 1]]]"
12n_0157,"[[[32, -18], [-18, 6]]]"
12n_0158,"[[[-46/7, 30/7], [30/7, -15/7]]]"
12n_0169,"[[[-5, 0], [0, -5]]]"
12n_0170,"[[[7, -4], [-4, 2]]]"
12n_0171,"[[[-5, 0], [0, -3]]]"
12n_0173,"[[[14/11, -18/11], [-18/11, -2/11]]]"
12n_0174,"[[[-21/13, 30/13], [30/13, -15/13]]]"
12n_0175,"[[[-51/5, 18/5], [18/5, -24/5]]]"
12n_0176,"[[[-28/13, 14/13], [14/13, -46/13]]]"
12n_0198,"[[[-9, 4], [4, -2]]]"
12n_0200,"[[[12, -4], [-4, 4]]]"
12n_0201,"[[[-6, 0], [0, -3]]]"
12n_0202,"[[[7, -4], [-4, 4]]]"
12n_0203,"[[[-5, 0], [0, -5]]]"
12n_0204,"[[[37/13, -38/13], [-38/13, -20/13]]]"
12n_0211,"[[[26/5, -18/5], [-18/5, 4/5]]]"
12n_0219,"[[[0, 0], [0, -1]]]"
12n_0220,"[[[2, -4], [-4, -2]]]"
12n_0221,"[[[0, 0], [0, -1]]]"
12n_0222,"[[[3, -4], [-4, -2]]]"
12n_0223,"[[[2, -4], [-4, 0]]]"
12n_0224,"[[[0, 0], [0, 1]]]"
12n_0225,"[[[2, -4], [-4, 0]]]"
12n_0229,"[[[2, -4], [-4, -2]]]"
12n_0245,"[[[15, -10], [-10, 0]]]"
12n_0246,"[[[29, -14], [-14, 7]]]"
12n_0247,"[[[-39/7, 2/7], [2/7, -22/7]]]"
12n_0258,"[[[11/13, 14/13], [14/13, -7/13]]]"
12n_0260,"[[[16/5, 2/5], [2/5, 9/5]]]"
12n_0261,"[[[2, -4], [-4, 0]]]"
12n_0265,"[[[-9, 4], [4, -2]]]"
12n_0266,"[[[11, -8], [-8, 3]]]"
12n_0267,"[[[-9, 4], [4, -4]]]"
12n_0268,"[[[-40/3, 26/3], [26/3, -10/3]], [['x', 'x'], ['x', 'x']], [[4/9, -2/9], [-2/9, 10/9]], [[-38/3, 22/3], [22/3, -8/3]]]"
12n_0269,"[[[-22/3, 14/3], [14/3, -7/3]], [[-25/3, 14/3], [14/3, -7/3]], [['x', 'x'], ['x', 'x']], [[49/9, -38/9], [-38/9, 19/9]]]"
12n_0270,"[[['x', 'x'], ['x', 'x']], [[-29/3, 22/3], [22/3, -2/3]], [[-35/3, 22/3], [22/3, -2/3]], [[40/9, -2/9], [-2/9, 28/9]]]"
12n_0280,"[[[1, -3], [-3, -1/2]]]"
12n_0282,"[[[29, -12], [-12, 8]]]"
12n_0283,"[[[-29/11, -2/11], [-2/11, -10/11]]]"
12n_0284,"[[[[9, -6], [-6, 3]]], [[[10, -6], [-6, 3]]]]"
12n_0285,"[[[6/7, -10/7], [-10/7, -9/7]]]"
12n_0286,"[[[-20/13, 10/13], [10/13, -18/13]]]"
12n_0287,"[[[6/13, 10/13], [10/13, 21/13]]]"
12n_0290,"[[[3, -4], [-4, -1]]]"
12n_0291,"[[[1, 0], [0, 2]]]"
12n_0294,"[[[-15, 6], [6, -5]]]"
12n_0302,"[[[45/13, -42/13], [-42/13, 8/13]]]"
12n_0308,"[[[-2, -2], [-2, -4]]]"
12n_0310,"[[[16, -10], [-10, 4]]]"
12n_0311,"[[[[-55, 26], [26, -12]]], [[[-49, 26], [26, -11]]]]"
12n_0329,"[[[24/11, 10/11], [10/11, 50/11]]]"
12n_0330,"[[[-46/11, 34/11], [34/11, -28/11]]]"
12n_0331,"[[[-20/11, 10/11], [10/11, 17/11]]]"
12n_0332,"[[['x', 'x'], ['x', 'x']], [[-5/3, 10/3], [10/3, 7/3]], [[-11/3, 10/3], [10/3, 7/3]], [[8/9, 14/9], [14/9, 29/9]]]"
12n_0333,"[[[-17/9, 22/9], [22/9, -20/9]], [['x', 'x'], ['x', 'x']], [[-2/3, -2/3], [-2/3, -2/3]], [[1/3, -2/3], [-2/3, -2/3]]]"
12n_0334,"[[[-16/3, 14/3], [14/3, -4/3]], [['x', 'x'], ['x', 'x']], [[-28/9, 14/9], [14/9, 2/9]], [[-14/3, 10/3], [10/3, -2/3]]]"
12n_0357,"[[[59, -30], [-30, 14]]]"
12n_0359,"[[[13, -8], [-8, 5]]]"
12n_0363,"[[[-4, 4], [4, 0]]]"
12n_0364,"[[[44/13, -22/13], [-22/13, -2/13]]]"
12n_0365,"[[[-44/13, 22/13], [22/13, 2/13]]]"
12n_0368,"[[[4, -6], [-6, 0]]]"
12n_0369,"[[[2, -2], [-2, 0]]]"
12n_0375,"[[[2, -2], [-2, -2]]]"
12n_0377,"[[[0, 2], [2, 0]]]"
12n_0379,"[[[-3, 4], [4, 1]], [[-1, 2], [2, 2]], [[0, 0], [0, 3]], [[-5, 6], [6, 0]]]"
12n_0380,"[[[-1, 0], [0, 0]], [[-3, 2], [2, -1]], [[3, -4], [-4, 2]], [[-2, 2], [2, -1]]]"
12n_0383,"[[[35, -20], [-20, 7]]]"
12n_0386,"[[[3, -6], [-6, -2]], [[4, -6], [-6, -2]], [[2, -4], [-4, -3]], [[6, -8], [-8, -1]]]"
12n_0387,"[[[7, -6], [-6, -1]], [[2, -4], [-4, -2]], [[7, -6], [-6, -1]], [[8, -8], [-8, 0]]]"
12n_0388,"[[[7, -6], [-6, 2]], [[6, -4], [-4, 1]], [[5, -2], [-2, 0]], [[0, 0], [0, -1]]]"
12n_0389,"[[[-5, 2], [2, -3]], [[2, -4], [-4, 0]], [[-5, 2], [2, -3]], [[-4, 0], [0, -2]]]"
12n_0392,"[[[31, -16], [-16, 7]]]"
12n_0398,"[[[2, 2], [2, 2]]]"
12n_0399,"[[[4, -2], [-2, 2]]]"
12n_0401,"[[[-8, 2], [2, -3]]]"
12n_0402,"[[[1/3, 10/3], [10/3, 10/3]], [['x', 'x'], ['x', 'x']], [[-2/9, 10/9], [10/9, 40/9]], [[1/3, 10/3], [10/3, 10/3]]]"
12n_0403,"[[[[-34/3, 14/3], [14/3, -1/3]], [[-13/3, 14/3], [14/3, -1/3]], [[-11/3, 10/3], [10/3, 1/3]], [[-11/3, 10/3], [10/3, 1/3]]], [[[-19/3, 14/3], [14/3, -1/3]], [[-16/3, 14/3], [14/3, -1/3]], [[-11/3, 10/3], [10/3, 1/3]], [[-14/3, 10/3], [10/3, 1/3]]]]"
12n_0404,"[[[5/11, 14/11], [14/11, 37/11]]]"
12n_0409,"[[[-6, 6], [6, 0]]]"
12n_0410,"[[[8, -6], [-6, 1]]]"
12n_0412,"[[[-2, 2], [2, 1]]]"
12n_0413,"[[[2, -2], [-2, 1]]]"
12n_0419,"[[[22/5, -26/5], [-26/5, -2/5]]]"
12n_0420,"[[[-7/3, 2/3], [2/3, -4/3]], [['x', 'x'], ['x', 'x']], [[-26/9, 22/9], [22/9, -20/9]], [['x', 'x'], ['x', 'x']]]"
12n_0421,"[[[52/11, -26/11], [-26/11, 13/11]]]"
12n_0422,"[[[-52/11, 26/11], [26/11, -13/11]]]"
12n_0423,"[[[-14/11, 18/11], [18/11, 2/11]]]"
12n_0425,"[[[-7, 6], [6, 0]]]"
12n_0426,"[[[1, -3], [-3, -7/2]]]"
12n_0435,"[[[-18, 10], [10, -4]]]"
12n_0438,"[[[38/5, -14/5], [-14/5, 2/5]]]"
12n_0439,"[[[17/7, 2/7], [2/7, 13/7]]]"
12n_0440,"[[[1, 0], [0, 1]], [[4, -2], [-2, 2]], [[1, 0], [0, 1]], [[1, 0], [0, 1]]]"
12n_0441,"[[[25, -14], [-14, 4]]]"
12n_0442,"[[[-50, 26], [26, -14]]]"
12n_0443,"[[[-29/5, 22/5], [22/5, -6/5]]]"
12n_0444,"[[[12/11, -6/11], [-6/11, 3/11]]]"
12n_0445,"[[[50/13, -38/13], [-38/13, -20/13]]]"
12n_0458,"[[[-2/13, 14/13], [14/13, -7/13]]]"
12n_0459,"[[[-21/11, -6/11], [-6/11, -30/11]]]"
12n_0460,"[[[-10, 6], [6, -2]], [[-3, 2], [2, 0]], [[-4, 2], [2, 0]], [[-1, 2], [2, 0]]]"
12n_0464,"[[[38/5, -14/5], [-14/5, 2/5]]]"
12n_0480,"[[[-17/3, 10/3], [10/3, -5/3]], [[-17/3, 10/3], [10/3, -5/3]], [[-23/3, 10/3], [10/3, -5/3]], [[-23/3, 10/3], [10/3, -5/3]]]"
12n_0483,"[[[4, -4], [-4, 2]]]"
12n_0484,"[[[3, -4], [-4, 2]]]"
12n_0491,"[[[-4, 2], [2, 0]]]"
12n_0493,"[[[-9, 6], [6, -2]]]"
12n_0494,"[[[-2, 0], [0, -2]], [[2, -4], [-4, 0]], [[4, -2], [-2, -1]], [[-4, 0], [0, -2]]]"
12n_0495,"[[[-6, 4], [4, -1]], [[-6, 4], [4, -1]], [[-2, 2], [2, 0]], [[0, 0], [0, 1]]]"
12n_0496,"[[[10, -8], [-8, 0]], [[2, -4], [-4, -2]], [[16, -10], [-10, 1]], [[8, -8], [-8, 0]]]"
12n_0497,"[[[-43/11, 38/11], [38/11, -19/11]]]"
12n_0499,"[[[-7/5, 6/5], [6/5, 2/5]]]"
12n_0500,"[[[-15, 10], [10, -3]]]"
12n_0502,"[[[-5, -2], [-2, -4]]]"
12n_0505,"[[[-17/3, 10/3], [10/3, 1/3]], [[-14/3, 10/3], [10/3, 1/3]], [[-16/3, 14/3], [14/3, -1/3]], [[-13/3, 14/3], [14/3, -1/3]]]"
12n_0507,"[[[-1, 2], [2, 1]]]"
12n_0508,"[[[0, 0], [0, -2]], [[2, -4], [-4, 0]], [[3, -4], [-4, 0]], [[4, -4], [-4, 0]]]"
12n_0518,"[[[5, -8], [-8, -1]], [[2, -4], [-4, -3]], [[3, -4], [-4, -3]], [[5, -8], [-8, -1]]]"
12n_0525,"[[[35, -18], [-18, 10]]]"
12n_0527,"[[[-1, -2], [-2, -2]]]"
12n_0533,"[[[-1, 0], [0, -1]]]"
12n_0535,"[[[-2, 1], [1, 1/2]]]"
12n_0536,"[[[-4, 2], [2, -1]]]"
12n_0543,"[[[-28/5, 34/5], [34/5, -2/5]]]"
12n_0546,"[[['x', 'x'], ['x', 'x']], [[5/3, 2/3], [2/3, 5/3]], [[5/3, 2/3], [2/3, 5/3]], [[34/9, -26/9], [-26/9, 31/9]]]"
12n_0547,"[[[38/11, -30/11], [-30/11, 26/11]]]"
12n_0549,"[[[1, -2], [-2, -1]], [[5, -6], [-6, 1]], [[2, -2], [-2, -1]], [[1, -2], [-2, -1]]]"
12n_0550,"[[[19/13, 10/13], [10/13, 21/13]]]"
12n_0551,"[[[-5, 0], [0, -3]]]"
12n_0552,"[[[-2, 1], [1, 1/2]]]"
12n_0553,"[[['x', 'x'], ['x', 'x']], [[10/3, -2/3], [-2/3, 4/3]], [['x', 'x'], ['x', 'x']], [['x', 'x'], ['x', 'x']], [['x', 'x'], ['x', 'x']], [['x', 'x'], ['x', 'x']], [[14/3, -10/3], [-10/3, 8/3]], [[4, -2], [-2, 2]], [[4, -2], [-2, 2]], [[4, -2], [-2, 2]], [[4, -2], [-2, 2]], [[4, -2], [-2, 2]], [['x', 'x'], ['x', 'x']]]"
12n_0554,"[[['x', 'x'], ['x', 'x']], [[-4/3, 2/3], [2/3, 5/3]], [[-4, 2], [2, 1]], [['x', 'x'], ['x', 'x']], [[-2, 2], [2, 1]], [['x', 'x'], ['x', 'x']], [['x', 'x'], ['x', 'x']], [[-4/3, 2/3], [2/3, 5/3]], [[0, 2], [2, 1]], [[0, 2], [2, 1]], [['x', 'x'], ['x', 'x']], [[-10/3, 2/3], [2/3, 5/3]], [['x', 'x'], ['x', 'x']]]"
12n_0555,"[[[-22/3, 14/3], [14/3, -1/3]], [['x', 'x'], ['x', 'x']], [[-19/3, 14/3], [14/3, -1/3]], [[-7, 6], [6, -1]], [['x', 'x'], ['x', 'x']], [['x', 'x'], ['x', 'x']], [['x', 'x'], ['x', 'x']], [['x', 'x'], ['x', 'x']], [[-19/3, 14/3], [14/3, -1/3]], [[-13/3, 14/3], [14/3, -1/3]], [[-13/3, 14/3], [14/3, -1/3]], [['x', 'x'], ['x', 'x']], [[-19/3, 14/3], [14/3, -1/3]]]"
12n_0556,"[[[-4, 2], [2, -2]], [['x', 'x'], ['x', 'x']], [[-10/3, 2/3], [2/3, -4/3]], [['x', 'x'], ['x', 'x']], [[-4, 2], [2, -2]], [['x', 'x'], ['x', 'x']], [[-4, 2], [2, -2]], [[-4, 2], [2, -2]], [[-4, 2], [2, -2]], [['x', 'x'], ['x', 'x']], [[-14/3, 10/3], [10/3, -8/3]], [['x', 'x'], ['x', 'x']], [['x', 'x'], ['x', 'x']]]"
12n_0564,"[[[21/11, 6/11], [6/11, 30/11]]]"
12n_0565,"[[[-20/9, 10/9], [10/9, 13/9]], [[-13/3, 14/3], [14/3, -1/3]], [['x', 'x'], ['x', 'x']], [[-11/3, 10/3], [10/3, 1/3]]]"
12n_0566,"[[[-17/11, 14/11], [14/11, 4/11]]]"
12n_0567,"[[[1, 0], [0, 1]], [[3, -2], [-2, 2]], [[-1, 2], [2, 0]], [[4, -2], [-2, 2]]]"
12n_0570,"[[[-1, 2], [2, 2]], [[-2, 4], [4, 1]], [[-3, 6], [6, 0]], [[0, 0], [0, 3]]]"
12n_0571,"[[[-1, 2], [2, -1]], [[2, -4], [-4, 2]], [[-1, 2], [2, -1]], [[0, 0], [0, 0]]]"
12n_0572,"[[[0, 0], [0, 3]]]"
12n_0573,"[[[3, -4], [-4, 2]]]"
12n_0574,"[[[3, -6], [-6, -3]], [[2, -4], [-4, -4]], [[3, -6], [-6, -3]], [[4, -8], [-8, -2]]]"
12n_0575,"[[[2, -4], [-4, -3]]]"
12n_0576,"[[[2, -4], [-4, -3]]]"
12n_0577,"[[[0, 0], [0, -2]]]"
12n_0578,"[[[3, -4], [-4, 2]]]"
12n_0579,"[[[20/7, -10/7], [-10/7, 12/7]]]"
12n_0581,"[[[-2, -2], [-2, -4]], [[2, -4], [-4, -3]], [[-2, -2], [-2, -4]], [[-1, -4], [-4, -3]]]"
12n_0582,"[[[-7, 2], [2, -3]], [[-2, 0], [0, -2]], [[0, 0], [0, -2]], [[0, -2], [-2, -1]]]"
12n_0583,"[[[5, -4], [-4, 1]], [[3, -2], [-2, 0]], [[4, -2], [-2, 0]], [[3, -4], [-4, 1]]]"
12n_0587,"[[[33, -16], [-16, 8]]]"
12n_0597,"[[[2, -2], [-2, 1]]]"
12n_0598,"[[[13/3, -14/3], [-14/3, 4/3]], [[14/3, -10/3], [-10/3, 2/3]], [[14/3, -10/3], [-10/3, 2/3]], [[-59/3, 34/3], [34/3, -20/3]]]"
12n_0600,"[[[2, -4], [-4, -3]], [[8, -6], [-6, -2]], [[2, -4], [-4, -3]], [[0, -4], [-4, -3]]]"
12n_0601,"[[[-3, 0], [0, -2]], [[1, -2], [-2, -1]], [[0, 0], [0, -2]], [[-3, 0], [0, -2]]]"
12n_0602,"[[[7, -4], [-4, 1]], [[12, -6], [-6, 2]], [[6, -4], [-4, 1]], [[2, -4], [-4, 1]]]"
12n_0603,"[[[25, -14], [-14, 4]]]"
12n_0604,"[[[-1, 4], [4, 1]], [[-2, 4], [4, 1]], [[0, 0], [0, 3]], [[-3, 4], [4, 1]]]"
12n_0605,"[[[1, 0], [0, 1]], [[-2, 4], [4, -1]], [[3, -4], [-4, 3]], [[1, 0], [0, 1]]]"
12n_0611,"[[[17, -8], [-8, 3]]]"
12n_0613,"[[[23/11, -6/11], [-6/11, 3/11]]]"
12n_0615,"[[[-33/13, 10/13], [10/13, -18/13]]]"
12n_0622,"[[[1/3, -2/3], [-2/3, -2/3]], [['x', 'x'], ['x', 'x']], [[-7/3, 2/3], [2/3, -4/3]], [[-7/3, 2/3], [2/3, -4/3]]]"
12n_0626,"[[[-12, 10], [10, -1]], [[-2, 4], [4, 2]], [[-16, 10], [10, -1]], [[-6, 6], [6, 1]]]"
12n_0627,"[[[-3, 2], [2, -1]]]"
12n_0628,"[[[38/11, -30/11], [-30/11, 26/11]]]"
12n_0629,"[[[4/5, -2/5], [-2/5, 11/5]]]"
12n_0630,"[[[-6/5, -2/5], [-2/5, -4/5]]]"
12n_0631,"[[[-20/13, 10/13], [10/13, -18/13]]]"
12n_0632,"[[[6/13, 10/13], [10/13, 21/13]]]"
12n_0636,"[[[-7/3, 2/3], [2/3, -4/3]], [[-7/3, 2/3], [2/3, -4/3]], [[-10/3, 2/3], [2/3, -4/3]], [[-10/3, 2/3], [2/3, -4/3]]]"
12n_0637,"[[[4, -2], [-2, -1]], [[3, -4], [-4, 0]], [[-5, 2], [2, -3]], [[-2, -2], [-2, -1]]]"
12n_0638,"[[[6, -8], [-8, 0]]]"
12n_0640,"[[[4, -6], [-6, -2]]]"
12n_0641,"[[[-1, 2], [2, 2]]]"
12n_0642,"[[['x', 'x'], ['x', 'x']], [['x', 'x'], ['x', 'x']], [[2/3, 2/3], [2/3, 11/3]], [['x', 'x'], ['x', 'x']], [[0, 2], [2, 3]], [[8/3, 2/3], [2/3, 11/3]], [[8/3, 2/3], [2/3, 11/3]], [['x', 'x'], ['x', 'x']], [[2/3, 2/3], [2/3, 11/3]], [['x', 'x'], ['x', 'x']], [[8/3, 2/3], [2/3, 11/3]], [[8/3, 2/3], [2/3, 11/3]], [['x', 'x'], ['x', 'x']]]"
12n_0653,"[[[-16, 6], [6, -6]]]"
12n_0654,"[[[-13/3, 2/3], [2/3, -10/3]], [[-8/3, -2/3], [-2/3, -8/3]], [[-16/3, 2/3], [2/3, -10/3]], [[-8/3, -2/3], [-2/3, -8/3]]]"
12n_0655,"[[[-10, 2], [2, -5]]]"
12n_0656,"[[[13, -6], [-6, 5]]]"
12n_0657,"[[[-4, 2], [2, -1]]]"
12n_0660,"[[[-4, 6], [6, 2]]]"
12n_0664,"[[[2/13, -14/13], [-14/13, 7/13]]]"
12n_0665,"[[[-33/7, 6/7], [6/7, 11/7]]]"
12n_0666,"[[[0, -2], [-2, -2]], [[4, -6], [-6, 0]], [[2, -2], [-2, -2]], [[0, -2], [-2, -2]]]"
12n_0667,"[[[2, -2], [-2, -1]]]"
12n_0668,"[[[2, -2], [-2, -1]]]"
12n_0669,"[[[1, -2], [-2, -1]], [[-5, 2], [2, -3]], [[-5, 2], [2, -3]], [[0, -2], [-2, -1]]]"
12n_0672,"[[[-8/11, 26/11], [26/11, 9/11]]]"
12n_0674,"[[[2, -4], [-4, -2]]]"
12n_0675,"[[[0, 0], [0, -1]]]"
12n_0676,"[[[8, -4], [-4, 2]]]"
12n_0690,"[[[7, -4], [-4, 2]]]"
12n_0697,"[[[11, -8], [-8, 1]]]"
12n_0700,"[[[-31/5, 28/5], [28/5, 6/5]]]"
12n_0701,"[[[8/3, 2/3], [2/3, 8/3]], [[13/3, -2/3], [-2/3, 10/3]], [[-25/3, 20/3], [20/3, -1/3]], [[13/3, -2/3], [-2/3, 10/3]]]"
12n_0717,"[[[7, -2], [-2, 4]]]"
12n_0726,"[[[-23, 10], [10, -8]]]"
12n_0737,"[[[25/3, -20/3], [-20/3, 7/3]], [['x', 'x'], ['x', 'x']], [[14/3, -10/3], [-10/3, 2/3]], [['x', 'x'], ['x', 'x']]]"
12n_0738,"[[[24, -14], [-14, 4]]]"
12n_0740,"[[[18/5, -14/5], [-14/5, 12/5]]]"
12n_0744,"[[[-3/5, -6/5], [-6/5, -12/5]]]"
12n_0750,"[[[1, -2], [-2, -3]]]"
12n_0751,"[[[1, -2], [-2, 0]]]"
12n_0752,"[[[2, -2], [-2, 0]]]"
12n_0753,"[[[4, -4], [-4, -1]]]"
12n_0754,"[[[2, -2], [-2, 1]]]"
12n_0756,"[[[1, -2], [-2, 0]], [[5, -4], [-4, 1]], [[8, -6], [-6, 2]], [[13, -6], [-6, 2]]]"
12n_0759,"[[[31/5, -28/5], [-28/5, 4/5]]]"
12n_0762,"[[[2, -2], [-2, -1]]]"
12n_0767,"[[[-1, 2], [2, 1]]]"
12n_0769,"[[[7, -2], [-2, 4]]]"
12n_0770,"[[[5, -6], [-6, 0]]]"
12n_0774,"[[[-8, 4], [4, 0]]]"
12n_0779,"[[[3, -4], [-4, 1]]]"
12n_0780,"[[[0, 0], [0, -1]]]"
12n_0781,"[[[10, -6], [-6, 3]]]"
12n_0782,"[[[5, -2], [-2, 2]]]"
12n_0784,"[[[16, -10], [-10, 4]]]"
12n_0791,"[[[-8, 2], [2, -3]]]"
12n_0799,"[[[-13, 6], [6, -5]]]"
12n_0803,"[[[8, -6], [-6, 1]]]"
12n_0806,"[[[40/3, -26/3], [-26/3, 1/3]], [[22/3, -26/3], [-26/3, 1/3]], [['x', 'x'], ['x', 'x']], [['x', 'x'], ['x', 'x']]]"
12n_0807,"[[[-2, -2], [-2, -2]]]"
12n_0809,"[[[1, -3], [-3, -1/2]]]"
12n_0811,"[[[-1, 0], [0, -2]]]"
12n_0812,"[[[-1, 0], [0, 0]]]"
12n_0813,"[[[1, 2], [2, 0]], [[1, 0], [0, 1]], [[-4, 2], [2, 0]], [[-4, 2], [2, 0]]]"
12n_0823,"[[[15, -6], [-6, 7]]]"
12n_0825,"[[[-13, 6], [6, -4]]]"
12n_0826,"[[[-12, 6], [6, -5]]]"
12n_0831,"[[[-1, 0], [0, -2]]]"
12n_0832,"[[[-5, 6], [6, 0]]]"
12n_0833,"[[[1, 0], [0, 1]]]"
12n_0836,"[[[5, -6], [-6, 0]]]"
12n_0841,"[[[-2/5, 6/5], [6/5, 2/5]]]"
12n_0843,"[[[2, -2], [-2, -1]]]"
12n_0844,"[[[17, -8], [-8, 5]]]"
12n_0845,"[[[16/5, -8/5], [-8/5, 4/5]]]"
12n_0846,"[[[-17/3, 10/3], [10/3, -5/3]], [[-17/3, 10/3], [10/3, -5/3]], [[16/3, -8/3], [-8/3, 4/3]], [[-17/3, 10/3], [10/3, -5/3]]]"
12n_0847,"[[[-50, 26], [26, -14]]]"
12n_0850,"[[[5, -8], [-8, -1]]]"
12n_0858,"[[[0, 2], [2, 1]]]"
12n_0865,"[[[-12/5, 6/5], [6/5, 2/5]]]"
12n_0866,"[[[-18/5, 14/5], [14/5, -7/5]]]"
12n_0868,"[[[5, -5], [-5, 5/2]]]"
12n_0869,"[[[10/3, -14/3], [-14/3, 1/3]], [[22/3, -14/3], [-14/3, 1/3]], [['x', 'x'], ['x', 'x']], [[19/3, -14/3], [-14/3, 1/3]]]"
12n_0874,"[[[2, -2], [-2, 0]]]"
12n_0875,"[[[-11, 6], [6, -4]]]"
12n_0876,"[[[-1/3, 2/3], [2/3, -4/3]], [[-7/3, 2/3], [2/3, -4/3]], [[-7/3, 2/3], [2/3, -4/3]], [[-1/3, 2/3], [2/3, -4/3]]]"
12n_0882,"[[[-3, 6], [6, 1]]]"
12n_0883,"[[['x', 'x'], ['x', 'x']], [[-7/3, 2/3], [2/3, -4/3]], [[-16/3, 8/3], [8/3, -7/3]], [[-5/3, -2/3], [-2/3, -2/3]]]"
12n_0884,"[[[-16/5, 8/5], [8/5, -9/5]]]"
12n_0886,"[[[62/11, -42/11], [-42/11, -1/11]]]"
12n_0888,"[[[2, -4], [-4, -4]], [[4, -8], [-8, -2]], [[2, -4], [-4, -4]], [[4, -8], [-8, -2]]]"
