Name,Color List
3_1,"[[3, 1, 2, 3]]"
6_1,"[[3, 2, 1, 3, 2, 1, 2, 3]]"
7_4,"[[3, 2, 1, 1, 3, 2, 1, 1, 2, 3]]"
7_7,"[[3, 1, 1, 3, 2, 1, 2, 3]]"
8_5,"[[3, 1, 1, 2, 3, 1, 1, 2]]"
8_10,"[[2, 3, 1, 3, 2, 2, 1, 2]]"
8_11,"[[3, 2, 1, 1, 3, 2, 1, 1, 2, 3]]"
8_15,"[[3, 1, 2, 2, 3, 1, 2, 2, 2, 3]]"
8_18,"[[3, 1, 3, 2, 2, 1, 2, 3], [1, 3, 3, 2, 3, 1, 1, 2], [3, 3, 2, 3, 1, 1, 2, 1], [3, 1, 2, 2, 3, 2, 1, 1]]"
8_19,"[[3, 1, 1, 2, 3, 1, 1, 2]]"
8_20,"[[3, 2, 2, 1, 3, 1, 2, 2]]"
8_21,"[[2, 3, 1, 2, 2, 3, 1, 2]]"
9_1,"[[3, 1, 2, 3, 1, 2, 3, 1, 2, 3]]"
9_2,"[[3, 1, 2, 3, 2, 1, 2, 3, 3, 3, 1, 2]]"
9_4,"[[3, 2, 1, 1, 3, 2, 1, 3, 2, 1, 2, 3]]"
9_6,"[[3, 1, 2, 3, 3, 1, 2, 3, 1, 2]]"
9_10,"[[3, 2, 1, 1, 1, 3, 2, 1, 1, 1, 2, 3]]"
9_11,"[[3, 1, 2, 1, 3, 2, 3, 1, 2, 3]]"
9_15,"[[2, 3, 1, 3, 2, 1, 2, 3, 1, 2]]"
9_16,"[[2, 3, 1, 3, 2, 2, 1, 3, 1, 2]]"
9_17,"[[3, 1, 1, 1, 3, 2, 1, 1, 2, 3]]"
9_23,"[[3, 1, 2, 3, 1, 2, 3, 3, 1, 1, 2, 3]]"
9_24,"[[3, 1, 3, 2, 2, 1, 2, 2, 2, 3]]"
9_28,"[[3, 1, 1, 2, 2, 3, 1, 1, 2, 3]]"
9_29,"[[3, 3, 1, 3, 3, 2, 1, 1, 2, 3]]"
9_34,"[[3, 3, 1, 3, 2, 2, 1, 2, 2, 3]]"
9_35,"[[2, 3, 1, 1, 1, 1, 1, 3, 2, 3, 1, 1, 2, 3], [3, 2, 1, 1, 3, 2, 1, 1, 1, 2, 1, 1, 1, 2], [1, 1, 1, 1, 3, 2, 1, 3, 2, 1, 1, 1, 2, 1], [3, 1, 2, 2, 1, 3, 2, 3, 1, 1, 2, 2, 1, 1]]"
9_37,"[[1, 1, 1, 3, 2, 3, 2, 1, 1, 1, 2, 3], [3, 2, 1, 1, 3, 3, 1, 3, 2, 1, 1, 2], [3, 2, 1, 3, 1, 2, 2, 3, 2, 1, 2, 1], [1, 3, 2, 3, 3, 2, 1, 1, 3, 2, 1, 1]]"
9_38,"[[1, 2, 3, 1, 2, 3, 3, 3, 3, 1, 2, 1]]"
9_40,"[[3, 3, 1, 2, 2, 3, 1, 1, 2, 3]]"
9_46,"[[2, 1, 3, 3, 2, 1, 1, 2, 3, 2], [3, 2, 3, 1, 1, 3, 1, 1, 2, 3], [1, 2, 2, 3, 2, 3, 1, 2, 1, 1], [3, 3, 2, 3, 1, 1, 2, 1, 1, 3]]"
9_47,"[[3, 2, 3, 1, 1, 3, 1, 2, 3, 3], [1, 3, 3, 2, 3, 2, 1, 1, 2, 1], [3, 1, 2, 2, 3, 1, 1, 2, 1, 3], [3, 3, 2, 3, 1, 1, 2, 1, 1, 3]]"
9_48,"[[2, 1, 1, 3, 2, 3, 3, 2, 1, 2, 3, 2], [3, 2, 3, 2, 2, 3, 1, 3, 1, 1, 2, 3], [1, 2, 3, 1, 3, 2, 3, 1, 1, 2, 1, 1], [3, 3, 1, 1, 2, 2, 3, 3, 2, 1, 1, 3]]"
10_4,"[[3, 2, 1, 2, 3, 2, 1, 3, 3, 3, 1, 2]]"
10_5,"[[3, 2, 1, 3, 3, 1, 3, 2, 1, 2]]"
10_9,"[[1, 3, 2, 2, 3, 2, 1, 3, 1, 2]]"
10_10,"[[3, 1, 3, 3, 2, 1, 2, 2, 1, 3, 1, 2]]"
10_14,"[[3, 2, 1, 1, 3, 2, 1, 3, 2, 1, 2, 3]]"
10_19,"[[3, 2, 1, 1, 3, 2, 1, 3, 1, 1, 2, 3]]"
10_21,"[[3, 2, 1, 1, 1, 3, 2, 1, 1, 1, 2, 3]]"
10_29,"[[2, 1, 3, 2, 1, 3, 2, 3, 1, 2]]"
10_31,"[[3, 1, 3, 3, 2, 1, 2, 3, 3, 3, 1, 2]]"
10_32,"[[3, 2, 1, 2, 3, 1, 3, 3, 1, 1, 2, 3]]"
10_36,"[[3, 1, 2, 3, 2, 1, 2, 3, 3, 3, 1, 2]]"
10_40,"[[2, 3, 1, 3, 2, 3, 1, 2, 1, 1, 2, 2]]"
10_42,"[[3, 1, 3, 2, 1, 2, 2, 3, 1, 2]]"
10_59,"[[3, 1, 1, 2, 1, 3, 2, 3, 1, 2]]"
10_61,"[[3, 1, 1, 1, 1, 2, 3, 1, 1, 1, 2, 3]]"
10_62,"[[3, 3, 3, 1, 2, 3, 3, 3, 1, 2]]"
10_63,"[[3, 1, 2, 2, 2, 3, 1, 2, 2, 2, 2, 2]]"
10_64,"[[3, 1, 1, 1, 2, 3, 1, 1, 1, 2]]"
10_65,"[[2, 2, 2, 3, 1, 2, 2, 2, 3, 1, 2, 2]]"
10_66,"[[2, 2, 2, 3, 1, 3, 2, 2, 2, 1, 2, 2]]"
10_67,"[[2, 2, 2, 3, 1, 2, 3, 1, 2, 2, 2, 2, 1, 2]]"
10_68,"[[2, 2, 2, 3, 1, 3, 1, 3, 2, 2, 2, 2, 1, 2]]"
10_69,"[[3, 3, 3, 2, 1, 2, 1, 3, 3, 3, 1, 2]]"
10_74,"[[2, 3, 1, 1, 1, 1, 1, 3, 2, 3, 1, 1, 2, 3], [3, 2, 1, 1, 3, 2, 1, 1, 1, 2, 1, 1, 1, 2], [1, 1, 1, 1, 3, 2, 1, 3, 2, 1, 1, 1, 2, 1], [3, 1, 2, 2, 1, 3, 2, 3, 1, 1, 2, 2, 1, 1]]"
10_75,"[[2, 1, 1, 3, 3, 3, 2, 1, 3, 1, 2, 3], [3, 1, 1, 1, 3, 1, 1, 3, 2, 1, 1, 2], [1, 1, 1, 3, 2, 3, 2, 3, 1, 1, 2, 1], [3, 2, 2, 3, 2, 3, 1, 1, 1, 2, 1, 1]]"
10_76,"[[2, 3, 1, 3, 2, 2, 1, 3, 1, 2, 2, 2]]"
10_77,"[[3, 2, 1, 1, 3, 2, 2, 3, 1, 1, 2, 3]]"
10_78,"[[3, 2, 3, 3, 2, 1, 1, 1, 3, 2, 1, 2]]"
10_82,"[[1, 2, 3, 1, 3, 3, 2, 3, 1, 2]]"
10_84,"[[3, 1, 3, 1, 2, 3, 3, 2, 2, 1, 2, 3]]"
10_85,"[[1, 2, 3, 2, 3, 1, 3, 3, 1, 2]]"
10_87,"[[1, 3, 2, 3, 2, 1, 1, 3, 1, 1, 2, 1]]"
10_89,"[[3, 2, 3, 3, 3, 1, 2, 1, 3, 1, 1, 2]]"
10_96,"[[2, 2, 3, 2, 2, 1, 3, 3, 1, 3, 1, 2]]"
10_97,"[[3, 3, 2, 2, 2, 2, 2, 1, 3, 3, 1, 1, 2, 2]]"
10_98,"[[2, 1, 3, 1, 2, 1, 1, 3, 1, 2, 3, 2], [3, 2, 1, 1, 1, 3, 2, 1, 1, 1, 2, 3], [1, 2, 3, 1, 2, 3, 2, 3, 1, 2, 1, 1], [3, 3, 3, 2, 1, 1, 3, 3, 2, 1, 1, 3]]"
10_99,"[[2, 3, 1, 3, 1, 1, 2, 1, 2, 3], [3, 1, 1, 1, 2, 3, 1, 1, 1, 2], [1, 3, 1, 3, 2, 3, 2, 1, 2, 1], [3, 3, 2, 3, 3, 1, 1, 2, 1, 1]]"
10_103,"[[3, 1, 3, 2, 3, 1, 1, 3, 2, 1, 2, 3]]"
10_106,"[[3, 2, 3, 1, 2, 1, 3, 3, 1, 2]]"
10_107,"[[3, 1, 2, 2, 3, 1, 2, 2, 1, 3, 1, 2]]"
10_108,"[[2, 3, 2, 1, 2, 1, 3, 1, 3, 1, 2, 2]]"
10_112,"[[1, 1, 1, 3, 2, 3, 3, 1, 1, 2]]"
10_113,"[[3, 3, 1, 3, 3, 3, 3, 2, 1, 2, 2, 3]]"
10_114,"[[2, 2, 3, 2, 2, 2, 1, 3, 1, 1, 2, 2]]"
10_120,"[[3, 1, 1, 3, 2, 2, 1, 1, 3, 1, 1, 2, 2, 2]]"
10_122,"[[2, 2, 1, 1, 3, 2, 2, 3, 3, 1, 2, 2]]"
10_136,"[[3, 1, 1, 2, 3, 3, 2, 3, 1, 1, 2, 3]]"
10_139,"[[3, 3, 3, 1, 3, 3, 3, 2, 1, 2]]"
10_140,"[[3, 2, 1, 1, 1, 1, 3, 1, 1, 1, 2, 3]]"
10_141,"[[3, 3, 3, 1, 3, 3, 3, 2, 1, 2]]"
10_142,"[[3, 1, 1, 1, 1, 2, 3, 1, 1, 1, 2, 3]]"
10_143,"[[3, 3, 3, 1, 3, 3, 3, 2, 1, 2]]"
10_144,"[[1, 2, 2, 2, 3, 1, 3, 1, 2, 2, 2, 1]]"
10_145,"[[3, 3, 2, 2, 1, 1, 3, 3, 1, 2, 2, 3]]"
10_146,"[[3, 3, 2, 2, 1, 3, 3, 1, 1, 2, 2, 3]]"
10_147,"[[3, 3, 1, 3, 3, 3, 2, 2, 1, 2, 2, 3]]"
10_158,"[[3, 2, 1, 3, 2, 1, 1, 3, 2, 1, 2, 3]]"
10_159,"[[1, 3, 3, 2, 3, 2, 1, 3, 1, 2]]"
10_160,"[[3, 1, 3, 2, 1, 1, 2, 3, 2, 1, 2, 3]]"
10_163,"[[3, 1, 3, 3, 1, 2, 2, 2, 1, 2, 2, 3]]"
10_164,"[[3, 1, 1, 1, 2, 1, 1, 3, 2, 1, 2, 3]]"
10_165,"[[1, 3, 1, 3, 3, 2, 2, 1, 2, 2, 2, 1]]"
11a_6,"[[3, 1, 1, 2, 1, 1, 3, 2, 3, 3, 1, 2]]"
11a_8,"[[3, 1, 1, 2, 3, 1, 3, 2, 3, 3, 1, 2]]"
11a_16,"[[3, 1, 3, 1, 2, 2, 1, 3, 2, 1, 2, 2]]"
11a_17,"[[3, 1, 1, 2, 2, 1, 3, 1, 2, 3, 1, 1, 2, 3]]"
11a_21,"[[1, 3, 3, 2, 2, 1, 3, 2, 1, 3, 3, 1, 2, 1]]"
11a_37,"[[3, 2, 1, 3, 1, 2, 2, 3, 2, 1, 2, 2]]"
11a_38,"[[1, 3, 3, 3, 3, 2, 1, 2, 1, 2, 3, 3, 1, 2]]"
11a_43,"[[1, 3, 1, 1, 1, 1, 3, 2, 2, 1, 1, 3, 2, 3], [3, 2, 3, 3, 2, 1, 1, 1, 1, 1, 3, 2, 1, 2], [3, 1, 3, 3, 2, 1, 3, 2, 2, 1, 3, 1, 2, 1], [1, 1, 1, 1, 3, 2, 3, 1, 1, 2, 1, 1, 1, 1]]"
11a_44,"[[2, 3, 1, 1, 3, 3, 2, 1, 1, 1, 2, 3, 3, 2], [1, 2, 3, 2, 2, 2, 2, 2, 1, 3, 1, 2, 2, 1], [2, 1, 3, 2, 1, 1, 3, 2, 1, 3, 2, 1, 1, 2], [1, 1, 1, 3, 1, 1, 2, 3, 2, 1, 1, 1, 1, 1]]"
11a_45,"[[1, 3, 3, 2, 2, 3, 2, 1, 3, 3, 3, 1, 2, 1]]"
11a_46,"[[3, 1, 3, 3, 1, 2, 2, 3, 1, 2, 2, 2]]"
11a_47,"[[1, 2, 3, 1, 3, 3, 2, 1, 2, 3, 3, 1], [3, 1, 1, 1, 2, 2, 3, 1, 1, 2, 2, 3], [3, 2, 3, 1, 1, 1, 1, 1, 2, 1, 1, 3], [1, 1, 3, 2, 1, 1, 3, 2, 1, 1, 1, 1]]"
11a_49,"[[2, 3, 1, 2, 3, 1, 3, 2, 2, 3, 1, 2]]"
11a_57,"[[2, 3, 1, 1, 1, 3, 3, 2, 1, 1, 2, 3, 3, 2], [1, 2, 3, 2, 1, 2, 2, 3, 1, 3, 1, 2, 2, 1], [2, 1, 3, 2, 1, 1, 1, 1, 1, 3, 2, 1, 1, 2], [1, 1, 1, 3, 2, 1, 1, 3, 2, 1, 1, 1, 1, 1]]"
11a_58,"[[1, 3, 1, 1, 1, 3, 2, 2, 3, 1, 1, 2]]"
11a_63,"[[1, 3, 3, 2, 1, 3, 3, 2, 1, 3, 1, 2]]"
11a_69,"[[1, 2, 3, 3, 2, 3, 3, 1, 3, 2, 1, 3, 1, 2]]"
11a_71,"[[3, 2, 2, 2, 3, 1, 3, 1, 2, 1, 2, 3]]"
11a_72,"[[3, 1, 3, 1, 2, 2, 3, 2, 1, 2, 2, 3]]"
11a_73,"[[3, 2, 2, 1, 1, 3, 1, 1, 1, 1, 2, 3]]"
11a_78,"[[2, 2, 2, 3, 1, 3, 1, 3, 2, 2, 2, 2, 1, 2]]"
11a_90,"[[3, 2, 1, 2, 3, 2, 1, 3, 3, 3, 1, 2]]"
11a_91,"[[2, 3, 1, 2, 3, 2, 1, 2, 3, 3, 1, 2]]"
11a_93,"[[2, 3, 1, 3, 3, 2, 1, 2, 3, 3, 1, 2]]"
11a_99,"[[1, 3, 3, 1, 2, 3, 2, 3, 1, 2, 2, 1]]"
11a_100,"[[3, 1, 2, 2, 2, 3, 1, 2, 2, 2, 2, 2]]"
11a_102,"[[3, 2, 1, 1, 1, 3, 3, 1, 1, 3, 2, 1, 1, 2]]"
11a_103,"[[1, 2, 3, 2, 2, 2, 3, 3, 1, 3, 1, 2, 2, 2, 2, 1]]"
11a_106,"[[3, 1, 1, 1, 2, 2, 3, 1, 1, 1, 2, 3]]"
11a_107,"[[2, 2, 2, 3, 2, 2, 2, 2, 2, 2, 1, 3, 1, 2]]"
11a_108,"[[3, 1, 1, 1, 1, 2, 3, 1, 1, 1, 2, 3]]"
11a_109,"[[2, 2, 2, 3, 1, 2, 2, 2, 3, 1, 2, 2]]"
11a_117,"[[3, 1, 2, 2, 3, 1, 2, 3, 3, 3, 1, 2]]"
11a_118,"[[3, 1, 1, 3, 3, 2, 1, 2, 3, 3, 1, 2]]"
11a_123,"[[3, 3, 3, 1, 1, 1, 3, 3, 3, 3, 2, 2, 1, 1, 2, 3], [1, 3, 2, 3, 1, 2, 3, 2, 1, 1, 2, 3, 3, 1, 1, 2], [3, 2, 1, 3, 1, 2, 2, 1, 3, 3, 3, 1, 3, 1, 2, 1], [3, 2, 1, 1, 2, 3, 2, 1, 3, 3, 2, 3, 1, 2, 1, 1]]"
11a_128,"[[3, 1, 3, 3, 1, 2, 2, 2, 2, 1, 2, 2, 2, 3]]"
11a_130,"[[3, 1, 2, 2, 3, 1, 3, 2, 3, 1, 2, 2]]"
11a_132,"[[3, 3, 1, 3, 3, 3, 2, 1, 2, 2, 2, 1, 2, 2]]"
11a_134,"[[3, 1, 2, 2, 2, 3, 1, 2, 2, 2, 2, 2]]"
11a_135,"[[3, 2, 3, 1, 1, 2, 2, 1, 3, 1, 2, 3], [1, 3, 3, 2, 3, 1, 1, 3, 2, 1, 1, 2], [3, 1, 2, 2, 3, 2, 2, 3, 1, 1, 2, 1], [3, 3, 2, 3, 1, 1, 1, 1, 1, 2, 1, 1]]"
11a_137,"[[3, 3, 1, 3, 1, 2, 1, 2, 3, 3, 2, 2, 1, 2]]"
11a_139,"[[2, 2, 2, 3, 1, 2, 2, 2, 3, 1, 2, 2]]"
11a_146,"[[3, 2, 1, 3, 2, 1, 1, 3, 1, 1, 2, 3]]"
11a_152,"[[1, 3, 3, 1, 2, 1, 3, 2, 3, 3, 1, 2]]"
11a_155,"[[1, 2, 1, 1, 3, 1, 1, 3, 2, 3, 1, 1, 2, 3], [1, 3, 1, 3, 2, 3, 2, 1, 1, 2, 1, 3, 1, 2], [1, 1, 1, 3, 1, 3, 2, 3, 2, 1, 1, 3, 2, 1], [2, 3, 2, 1, 1, 1, 3, 3, 1, 1, 2, 1, 1, 1]]"
11a_157,"[[3, 2, 2, 1, 1, 1, 3, 1, 1, 2, 2, 3]]"
11a_159,"[[1, 3, 3, 2, 1, 3, 2, 2, 3, 1, 2, 1]]"
11a_161,"[[2, 3, 1, 3, 2, 1, 3, 2, 2, 3, 1, 2]]"
11a_165,"[[3, 1, 3, 2, 2, 2, 1, 2, 2, 2, 2, 2]]"
11a_171,"[[2, 2, 3, 2, 2, 2, 1, 3, 1, 1, 2, 2]]"
11a_173,"[[2, 3, 1, 1, 2, 2, 2, 1, 1, 3, 1, 2, 2, 3], [1, 1, 3, 2, 2, 3, 2, 3, 1, 1, 1, 1, 1, 2], [2, 3, 3, 2, 3, 1, 3, 3, 1, 3, 1, 2, 2, 1], [1, 3, 1, 3, 2, 3, 2, 1, 2, 3, 2, 1, 1, 1]]"
11a_175,"[[3, 1, 3, 2, 3, 1, 2, 2, 1, 1, 2, 3]]"
11a_176,"[[2, 1, 3, 2, 3, 1, 3, 2, 1, 1, 2, 2]]"
11a_178,"[[3, 1, 3, 3, 2, 1, 2, 2, 3, 3, 1, 2]]"
11a_179,"[[3, 1, 1, 1, 1, 3, 2, 1, 1, 1, 2, 3]]"
11a_181,"[[2, 3, 1, 1, 3, 3, 3, 2, 1, 3, 1, 1, 2, 3], [3, 2, 1, 1, 1, 3, 1, 1, 3, 2, 1, 1, 1, 2], [1, 1, 1, 1, 3, 2, 3, 2, 3, 1, 1, 1, 2, 1], [3, 1, 2, 2, 3, 2, 3, 1, 1, 1, 2, 2, 1, 1]]"
11a_184,"[[3, 1, 2, 1, 1, 3, 2, 3, 1, 1, 2, 3]]"
11a_187,"[[2, 2, 2, 3, 1, 2, 3, 1, 2, 2, 2, 2, 1, 2]]"
11a_194,"[[3, 1, 2, 2, 2, 2, 3, 1, 2, 2, 2, 3]]"
11a_196,"[[3, 2, 2, 2, 3, 1, 3, 1, 2, 1, 2, 3]]"
11a_199,"[[2, 2, 2, 2, 3, 1, 3, 1, 3, 2, 2, 2, 1, 2]]"
11a_201,"[[2, 3, 1, 3, 3, 1, 2, 2, 2, 3, 1, 2, 2, 2, 2, 2]]"
11a_202,"[[3, 3, 3, 3, 2, 1, 2, 1, 3, 3, 3, 3, 1, 2]]"
11a_203,"[[3, 1, 2, 2, 3, 1, 2, 3, 1, 1, 2, 3]]"
11a_208,"[[3, 2, 1, 3, 2, 1, 3, 2, 2, 3, 1, 2]]"
11a_209,"[[3, 3, 3, 1, 3, 3, 2, 1, 2, 1, 2, 3, 2, 1, 2, 3]]"
11a_212,"[[1, 3, 3, 3, 2, 3, 2, 1, 1, 3, 3, 3, 1, 2]]"
11a_214,"[[2, 2, 2, 1, 3, 2, 2, 2, 2, 3, 1, 3, 1, 2, 2, 2]]"
11a_216,"[[2, 1, 3, 2, 3, 2, 1, 3, 3, 1, 2, 2]]"
11a_219,"[[1, 3, 3, 2, 2, 2, 1, 3, 1, 3, 1, 2, 2, 2, 2, 1]]"
11a_223,"[[3, 1, 1, 1, 1, 2, 3, 1, 1, 1, 2, 3]]"
11a_230,"[[3, 2, 1, 1, 2, 3, 2, 1, 1, 3, 3, 1, 2, 3]]"
11a_231,"[[2, 1, 3, 2, 2, 1, 3, 1, 2, 2, 3, 2], [3, 1, 1, 1, 1, 1, 2, 3, 1, 1, 2, 3], [1, 1, 3, 2, 2, 1, 1, 3, 2, 2, 1, 1], [3, 2, 3, 1, 1, 2, 1, 1, 1, 1, 1, 3]]"
11a_232,"[[2, 2, 3, 1, 2, 2, 2, 3, 1, 2, 2, 2]]"
11a_236,"[[2, 1, 3, 1, 2, 3, 1, 3, 2, 3, 1, 1, 2, 2]]"
11a_237,"[[2, 2, 2, 2, 3, 1, 2, 3, 1, 2, 2, 2, 2, 2, 1, 2]]"
11a_239,"[[2, 2, 1, 1, 3, 2, 2, 3, 3, 1, 2, 2]]"
11a_243,"[[3, 1, 2, 3, 3, 2, 1, 2, 3, 3, 3, 3, 1, 2]]"
11a_244,"[[3, 3, 1, 2, 2, 3, 3, 3, 3, 1, 2, 2, 2, 3]]"
11a_245,"[[2, 3, 1, 3, 3, 1, 2, 1, 2, 3, 3, 1, 2, 2]]"
11a_248,"[[3, 3, 3, 1, 3, 3, 3, 2, 1, 2, 2, 3]]"
11a_249,"[[2, 1, 2, 2, 3, 1, 3, 3, 2, 1, 2, 3], [3, 1, 3, 2, 3, 3, 1, 2, 3, 1, 1, 2], [1, 1, 1, 3, 2, 3, 3, 1, 1, 1, 2, 1], [3, 2, 3, 2, 2, 1, 3, 1, 3, 2, 1, 1]]"
11a_258,"[[3, 1, 3, 3, 2, 3, 1, 2, 3, 3, 1, 2]]"
11a_260,"[[2, 3, 1, 1, 3, 2, 2, 1, 2, 3, 1, 2]]"
11a_261,"[[1, 2, 3, 2, 3, 1, 1, 3, 1, 1, 2, 1]]"
11a_263,"[[3, 1, 2, 1, 1, 3, 3, 2, 1, 1, 1, 2, 3, 3], [2, 3, 1, 3, 2, 2, 2, 2, 2, 1, 3, 1, 2, 2], [1, 3, 2, 3, 2, 1, 1, 3, 2, 1, 3, 2, 1, 1], [1, 1, 1, 1, 3, 1, 1, 2, 3, 2, 1, 1, 1, 1]]"
11a_264,"[[2, 1, 3, 1, 3, 2, 3, 2, 1, 2, 2, 2]]"
11a_271,"[[3, 2, 1, 2, 2, 2, 1, 3, 2, 2, 1, 3, 1, 2]]"
11a_273,"[[3, 1, 1, 3, 1, 3, 2, 1, 2, 3, 2, 1, 2, 2]]"
11a_274,"[[2, 1, 2, 3, 1, 3, 3, 2, 3, 1, 2, 2]]"
11a_275,"[[2, 1, 2, 1, 3, 1, 3, 1, 3, 2, 2, 3, 1, 2]]"
11a_277,"[[2, 3, 3, 3, 1, 2, 1, 3, 1, 2, 3, 2], [3, 1, 3, 1, 2, 3, 3, 2, 1, 1, 2, 3], [1, 3, 2, 3, 2, 1, 3, 1, 1, 2, 1, 1], [3, 3, 2, 3, 3, 3, 1, 1, 2, 1, 1, 3]]"
11a_278,"[[2, 2, 2, 3, 3, 1, 3, 3, 2, 2, 1, 2]]"
11a_280,"[[1, 3, 3, 2, 3, 3, 2, 1, 3, 3, 2, 1, 3, 3, 3, 1, 2, 1]]"
11a_283,"[[3, 2, 1, 3, 2, 1, 3, 2, 3, 1, 1, 1, 1, 2]]"
11a_286,"[[2, 2, 1, 3, 1, 3, 2, 3, 2, 1, 2, 2]]"
11a_290,"[[3, 1, 1, 3, 1, 2, 3, 2, 3, 2, 1, 3, 1, 2]]"
11a_291,"[[2, 3, 1, 2, 3, 1, 1, 1, 1, 1, 1, 2, 3, 2], [3, 3, 3, 1, 3, 3, 2, 1, 2, 1, 3, 1, 2, 3], [1, 2, 3, 2, 2, 3, 2, 1, 2, 1, 3, 2, 1, 1], [3, 2, 1, 1, 2, 1, 3, 2, 3, 2, 1, 1, 1, 3]]"
11a_292,"[[3, 3, 2, 2, 2, 2, 2, 2, 1, 3, 3, 1, 1, 2, 2, 2]]"
11a_293,"[[2, 1, 3, 3, 3, 2, 1, 3, 1, 2, 3, 2], [3, 3, 3, 1, 3, 3, 3, 2, 1, 1, 2, 3], [1, 3, 2, 3, 2, 1, 3, 1, 1, 2, 1, 1], [3, 1, 2, 3, 2, 3, 1, 1, 2, 1, 1, 3]]"
11a_294,"[[2, 2, 2, 3, 1, 3, 1, 1, 3, 2, 2, 2, 1, 2]]"
11a_296,"[[1, 3, 3, 1, 1, 1, 2, 1, 3, 2, 1, 3, 1, 1, 2, 1]]"
11a_300,"[[1, 2, 3, 2, 3, 1, 3, 1, 1, 1, 2, 1]]"
11a_304,"[[3, 1, 1, 3, 1, 2, 1, 2, 3, 1, 2, 3, 1, 2]]"
11a_305,"[[3, 3, 2, 3, 1, 1, 3, 1, 2, 1, 2, 3]]"
11a_306,"[[1, 2, 3, 2, 3, 1, 3, 1, 1, 1, 2, 1]]"
11a_309,"[[2, 1, 3, 3, 2, 1, 3, 2, 3, 3, 1, 2]]"
11a_314,"[[2, 3, 1, 3, 3, 3, 1, 2, 1, 2, 3, 2], [3, 1, 3, 2, 3, 1, 2, 2, 1, 1, 2, 3], [1, 3, 3, 1, 2, 3, 2, 3, 1, 2, 1, 1], [3, 3, 1, 1, 2, 3, 3, 2, 2, 1, 1, 3]]"
11a_318,"[[3, 1, 2, 1, 1, 2, 1, 3, 1, 1, 3, 1, 2, 3]]"
11a_324,"[[1, 3, 2, 3, 2, 2, 1, 3, 1, 2, 2, 1, 3, 1, 2, 1]]"
11a_332,"[[3, 2, 2, 3, 1, 2, 1, 3, 1, 2, 3, 3], [1, 3, 2, 3, 3, 1, 2, 3, 1, 1, 2, 1], [3, 1, 3, 2, 3, 2, 2, 2, 1, 2, 1, 3], [3, 3, 2, 2, 1, 1, 3, 2, 2, 1, 1, 3]]"
11a_335,"[[3, 2, 1, 1, 1, 3, 2, 1, 3, 2, 1, 1, 2, 3]]"
11a_338,"[[3, 3, 3, 1, 2, 3, 3, 3, 3, 3, 1, 2]]"
11a_340,"[[3, 1, 2, 1, 1, 1, 1, 2, 3, 1, 1, 1, 2, 3]]"
11a_344,"[[2, 3, 1, 3, 1, 2, 1, 3, 1, 2, 3, 1, 2, 2]]"
11a_346,"[[3, 1, 1, 3, 2, 1, 1, 1, 1, 1, 2, 3]]"
11a_347,"[[3, 3, 2, 2, 2, 1, 3, 3, 2, 3, 1, 2, 2, 2]]"
11a_351,"[[3, 3, 1, 1, 2, 2, 3, 1, 1, 1, 2, 3]]"
11a_352,"[[1, 2, 3, 1, 3, 3, 1, 2, 2, 3, 1, 1, 2, 3], [2, 2, 3, 3, 1, 2, 2, 2, 3, 1, 3, 1, 1, 2], [2, 3, 2, 3, 3, 1, 2, 3, 1, 3, 3, 1, 2, 1], [3, 2, 2, 1, 3, 1, 3, 2, 3, 3, 1, 2, 1, 1]]"
11a_353,"[[1, 2, 3, 3, 3, 3, 3, 1, 2, 3, 3, 1, 2, 1]]"
11a_354,"[[1, 1, 3, 3, 2, 2, 2, 2, 3, 1, 1, 1, 2, 2, 2, 2]]"
11a_355,"[[2, 1, 3, 2, 3, 1, 3, 2, 1, 3, 1, 2]]"
11a_360,"[[2, 1, 3, 1, 2, 3, 2, 1, 3, 2, 3, 3, 1, 2]]"
11a_361,"[[2, 2, 2, 2, 2, 3, 1, 2, 3, 1, 2, 2, 2, 2, 1, 2]]"
11a_362,"[[3, 2, 1, 1, 3, 2, 1, 1, 1, 1, 2, 1, 1, 1, 1, 1, 2, 3]]"
11a_365,"[[3, 2, 1, 1, 1, 1, 3, 2, 1, 1, 1, 1, 2, 3]]"
11a_366,"[[2, 3, 1, 1, 1, 1, 1, 1, 3, 2, 3, 1, 1, 1, 2, 3], [3, 2, 1, 1, 1, 3, 2, 1, 1, 1, 2, 1, 1, 1, 1, 2], [1, 1, 1, 1, 1, 3, 2, 1, 3, 2, 1, 1, 1, 1, 2, 1], [3, 1, 2, 2, 2, 1, 3, 2, 3, 1, 1, 2, 2, 2, 1, 1]]"
11n_1,"[[2, 3, 1, 3, 1, 2, 3, 2, 2, 3, 1, 2]]"
11n_2,"[[3, 1, 2, 1, 2, 3, 3, 2, 1, 3, 1, 2]]"
11n_13,"[[1, 2, 3, 2, 1, 3, 1, 2, 3, 1, 2, 1]]"
11n_14,"[[1, 2, 3, 2, 3, 3, 2, 1, 3, 1, 2, 1]]"
11n_18,"[[1, 2, 3, 3, 2, 3, 3, 2, 1, 3, 1, 2]]"
11n_28,"[[2, 3, 1, 2, 3, 1, 2, 2, 1, 3, 1, 2]]"
11n_29,"[[2, 3, 2, 3, 1, 1, 3, 2, 1, 3, 1, 2]]"
11n_30,"[[2, 3, 1, 2, 3, 1, 2, 2, 1, 3, 1, 2]]"
11n_31,"[[3, 2, 3, 1, 2, 3, 2, 1, 1, 2, 1, 2]]"
11n_32,"[[2, 3, 2, 1, 2, 3, 1, 2, 2, 3, 1, 2]]"
11n_33,"[[2, 3, 1, 2, 3, 1, 3, 2, 2, 3, 1, 2]]"
11n_38,"[[3, 3, 1, 3, 3, 3, 1, 1, 2, 1, 2, 3]]"
11n_62,"[[2, 3, 2, 3, 1, 2, 2, 2, 1, 3, 1, 2]]"
11n_63,"[[3, 2, 3, 3, 2, 1, 1, 3, 1, 2, 1, 2]]"
11n_64,"[[2, 3, 2, 3, 1, 2, 2, 2, 1, 3, 1, 2]]"
11n_65,"[[3, 2, 1, 1, 3, 2, 1, 1, 1, 1, 2, 3]]"
11n_66,"[[1, 1, 3, 3, 2, 2, 3, 1, 1, 1, 2, 2, 2, 1]]"
11n_67,"[[2, 2, 1, 2, 2, 2, 3, 1, 2, 3, 1, 2, 2, 2]]"
11n_68,"[[1, 3, 3, 3, 3, 2, 1, 2, 1, 3, 1, 2]]"
11n_69,"[[1, 2, 3, 3, 3, 3, 2, 1, 2, 3, 1, 2]]"
11n_71,"[[1, 2, 3, 1, 3, 3, 2, 1, 2, 3, 3, 1], [3, 1, 1, 1, 2, 2, 3, 1, 1, 2, 2, 3], [3, 2, 3, 1, 1, 1, 1, 1, 2, 1, 1, 3], [1, 1, 3, 2, 1, 1, 3, 2, 1, 1, 1, 1]]"
11n_72,"[[1, 2, 3, 3, 3, 3, 3, 1, 2, 3, 3, 1], [3, 1, 1, 2, 2, 3, 1, 1, 1, 2, 2, 3], [3, 2, 3, 1, 1, 2, 3, 1, 2, 1, 1, 3], [1, 1, 3, 1, 1, 2, 3, 2, 1, 1, 1, 1]]"
11n_73,"[[1, 2, 3, 3, 3, 3, 3, 1, 2, 3, 3, 1], [3, 1, 1, 2, 2, 3, 1, 1, 1, 2, 2, 3], [3, 2, 3, 1, 1, 2, 3, 1, 2, 1, 1, 3], [1, 1, 3, 1, 1, 2, 3, 2, 1, 1, 1, 1]]"
11n_74,"[[3, 1, 2, 1, 1, 1, 3, 3, 2, 1, 1, 2, 3, 3], [2, 3, 1, 3, 2, 1, 2, 2, 3, 1, 3, 1, 2, 2], [1, 3, 2, 3, 2, 1, 1, 1, 1, 1, 3, 2, 1, 1], [1, 1, 1, 1, 3, 2, 1, 1, 3, 2, 1, 1, 1, 1]]"
11n_75,"[[1, 1, 1, 3, 2, 2, 1, 1, 2, 2, 3, 1], [3, 2, 1, 1, 1, 1, 1, 3, 1, 1, 2, 3], [3, 2, 1, 3, 2, 2, 1, 3, 2, 2, 1, 3], [1, 3, 2, 3, 1, 1, 2, 1, 1, 1, 1, 1]]"
11n_76,"[[1, 2, 3, 1, 3, 3, 2, 1, 2, 3, 3, 1], [3, 1, 1, 1, 2, 2, 3, 1, 1, 2, 2, 3], [3, 2, 3, 1, 1, 1, 1, 1, 2, 1, 1, 3], [1, 1, 3, 2, 1, 1, 3, 2, 1, 1, 1, 1]]"
11n_77,"[[1, 2, 3, 3, 3, 3, 3, 1, 2, 3, 3, 1], [3, 1, 1, 2, 2, 3, 1, 1, 1, 2, 2, 3], [3, 2, 3, 1, 1, 2, 3, 1, 2, 1, 1, 3], [1, 1, 3, 1, 1, 2, 3, 2, 1, 1, 1, 1]]"
11n_78,"[[1, 1, 1, 2, 2, 3, 1, 1, 2, 2, 3, 1], [3, 2, 1, 1, 1, 1, 1, 3, 1, 1, 2, 3], [3, 2, 1, 2, 2, 3, 1, 3, 2, 2, 1, 3], [1, 3, 2, 1, 1, 3, 2, 1, 1, 1, 1, 1]]"
11n_79,"[[2, 3, 1, 1, 3, 2, 2, 1, 2, 3, 1, 2]]"
11n_80,"[[2, 3, 1, 3, 2, 1, 3, 1, 2, 2, 1, 2]]"
11n_81,"[[2, 1, 1, 1, 1, 1, 3, 1, 1, 2, 3, 2], [3, 1, 3, 3, 2, 1, 2, 3, 3, 1, 2, 3], [1, 1, 3, 3, 2, 1, 1, 3, 3, 2, 1, 1], [3, 2, 1, 1, 3, 2, 1, 1, 1, 1, 1, 3]]"
11n_85,"[[3, 2, 1, 1, 1, 1, 3, 1, 1, 1, 2, 3]]"
11n_86,"[[3, 1, 3, 3, 1, 2, 2, 2, 1, 2, 2, 3]]"
11n_87,"[[2, 1, 2, 2, 3, 2, 3, 1, 1, 2, 2, 2]]"
11n_92,"[[3, 2, 1, 3, 2, 1, 1, 3, 2, 1, 2, 3]]"
11n_94,"[[2, 1, 2, 3, 3, 1, 1, 3, 1, 1, 2, 2]]"
11n_95,"[[3, 3, 1, 3, 3, 3, 2, 2, 1, 2, 2, 3]]"
11n_97,"[[2, 2, 2, 3, 2, 2, 2, 1, 3, 1, 3, 1, 2, 2]]"
11n_98,"[[1, 1, 3, 2, 2, 3, 3, 1, 1, 1, 2, 2, 2, 1]]"
11n_99,"[[3, 2, 1, 1, 1, 1, 1, 3, 2, 1, 2, 3]]"
11n_100,"[[1, 3, 2, 3, 3, 1, 1, 2, 1, 1, 1, 2]]"
11n_101,"[[1, 3, 1, 3, 3, 2, 2, 2, 1, 2, 2, 2]]"
11n_102,"[[1, 1, 3, 2, 2, 2, 3, 3, 1, 2, 2, 2]]"
11n_104,"[[3, 1, 1, 1, 1, 2, 3, 1, 1, 1, 2, 3]]"
11n_105,"[[2, 2, 2, 3, 1, 3, 2, 2, 2, 1, 2, 2]]"
11n_106,"[[3, 2, 1, 1, 1, 1, 3, 1, 1, 1, 2, 3]]"
11n_107,"[[3, 1, 1, 1, 1, 2, 3, 1, 1, 1, 2, 3]]"
11n_109,"[[3, 2, 1, 3, 2, 3, 1, 3, 1, 1, 2, 3]]"
11n_118,"[[3, 3, 2, 3, 3, 3, 1, 2, 1, 1, 2, 3]]"
11n_119,"[[1, 3, 1, 3, 3, 2, 2, 1, 2, 2, 2, 1]]"
11n_121,"[[2, 3, 2, 3, 2, 1, 3, 1, 2, 3, 1, 2]]"
11n_122,"[[3, 3, 3, 1, 3, 3, 2, 2, 1, 2, 2, 3]]"
11n_123,"[[2, 3, 1, 3, 3, 1, 2, 2, 3, 1, 2, 2]]"
11n_125,"[[3, 1, 3, 2, 1, 1, 2, 3, 1, 1, 2, 3]]"
11n_126,"[[1, 3, 2, 3, 2, 1, 1, 1, 2, 1, 1, 2, 3, 1], [2, 1, 2, 1, 3, 2, 1, 3, 1, 1, 3, 1, 2, 2], [2, 3, 3, 3, 1, 2, 1, 3, 2, 1, 3, 2, 1, 2], [3, 3, 2, 3, 3, 3, 2, 1, 1, 2, 1, 1, 1, 3]]"
11n_136,"[[1, 3, 1, 2, 3, 2, 1, 3, 2, 1, 3, 1, 2, 1]]"
11n_137,"[[3, 3, 3, 2, 2, 1, 1, 3, 3, 3, 1, 2, 2, 3]]"
11n_138,"[[3, 2, 1, 1, 1, 1, 3, 2, 1, 1, 2, 3]]"
11n_139,"[[2, 2, 2, 3, 3, 1, 3, 3, 2, 2, 1, 2]]"
11n_140,"[[2, 2, 2, 1, 3, 3, 2, 2, 2, 3, 3, 1, 1, 2]]"
11n_141,"[[2, 2, 2, 1, 3, 3, 2, 2, 2, 3, 3, 1, 1, 2]]"
11n_142,"[[2, 2, 2, 1, 1, 3, 1, 3, 2, 2, 1, 2]]"
11n_143,"[[3, 3, 2, 2, 1, 3, 3, 1, 1, 2, 2, 3]]"
11n_145,"[[3, 3, 1, 2, 1, 3, 3, 2, 1, 1, 2, 3]]"
11n_146,"[[2, 2, 1, 1, 3, 2, 2, 1, 3, 1, 2, 2]]"
11n_148,"[[2, 2, 1, 3, 3, 2, 2, 3, 1, 1, 2, 2]]"
11n_149,"[[3, 3, 2, 3, 3, 3, 1, 2, 1, 1, 2, 3]]"
11n_150,"[[2, 2, 2, 3, 1, 3, 3, 1, 2, 2, 1, 2]]"
11n_153,"[[3, 3, 3, 1, 3, 3, 2, 2, 1, 2, 2, 3]]"
11n_155,"[[2, 2, 3, 3, 1, 3, 3, 2, 2, 2, 1, 2]]"
11n_158,"[[3, 2, 1, 1, 1, 3, 2, 2, 1, 1, 2, 3]]"
11n_161,"[[2, 1, 3, 3, 2, 2, 3, 3, 1, 3, 2, 2, 1, 2]]"
11n_164,"[[3, 1, 3, 1, 1, 2, 1, 1, 2, 3, 1, 2, 3, 3], [1, 2, 3, 2, 3, 1, 1, 2, 3, 1, 1, 1, 2, 1], [3, 2, 2, 2, 3, 2, 1, 2, 1, 3, 1, 2, 1, 3], [3, 3, 2, 3, 1, 1, 2, 3, 3, 3, 2, 1, 1, 3]]"
11n_167,"[[3, 1, 3, 1, 2, 3, 2, 1, 1, 2, 3, 3], [1, 2, 3, 2, 3, 1, 1, 3, 1, 1, 2, 1], [3, 2, 2, 2, 1, 3, 2, 3, 1, 2, 1, 3], [3, 3, 2, 3, 3, 3, 1, 1, 2, 1, 1, 3]]"
11n_168,"[[2, 2, 2, 3, 3, 1, 3, 3, 2, 2, 1, 2]]"
11n_170,"[[1, 3, 3, 3, 2, 1, 1, 2, 1, 3, 3, 3, 1, 2]]"
11n_173,"[[2, 3, 1, 1, 2, 2, 3, 3, 1, 1, 2, 2]]"
11n_176,"[[3, 3, 2, 2, 1, 1, 3, 3, 1, 2, 2, 3]]"
11n_181,"[[1, 2, 1, 1, 1, 3, 2, 1, 3, 2, 3, 1, 1, 2]]"
11n_182,"[[3, 3, 2, 2, 1, 3, 3, 1, 1, 2, 2, 3]]"
11n_183,"[[3, 3, 1, 1, 2, 2, 3, 1, 1, 2, 2, 3]]"
11n_184,"[[3, 3, 1, 1, 2, 2, 3, 1, 1, 2, 2, 3]]"
11n_185,"[[3, 3, 1, 1, 1, 2, 2, 3, 1, 1, 2, 3]]"
12a_0001,"[[3, 1, 1, 2, 1, 3, 3, 1, 3, 2, 3, 3, 1, 2]]"
12a_0002,"[[1, 3, 3, 2, 3, 3, 1, 3, 1, 2, 3, 3, 1, 2]]"
12a_0010,"[[1, 3, 3, 2, 3, 3, 1, 3, 1, 2, 2, 3, 3, 1, 2, 1]]"
12a_0011,"[[3, 1, 1, 2, 1, 1, 3, 1, 3, 2, 3, 1, 1, 2]]"
12a_0016,"[[1, 3, 3, 2, 3, 3, 2, 1, 3, 1, 2, 2]]"
12a_0023,"[[1, 2, 2, 2, 2, 3, 1, 3, 3, 3, 1, 2, 2, 2, 2, 2, 2, 1]]"
12a_0029,"[[2, 2, 2, 2, 2, 1, 2, 2, 3, 1, 3, 3, 1, 2]]"
12a_0030,"[[2, 2, 2, 2, 2, 3, 1, 2, 2, 2, 2, 3, 1, 2]]"
12a_0033,"[[2, 2, 2, 2, 2, 3, 2, 2, 2, 2, 1, 3, 1, 2]]"
12a_0035,"[[1, 3, 3, 2, 3, 3, 2, 2, 1, 3, 3, 3, 1, 2]]"
12a_0036,"[[2, 2, 2, 2, 2, 3, 1, 2, 2, 2, 2, 3, 1, 2]]"
12a_0048,"[[3, 3, 1, 3, 3, 3, 1, 2, 3, 2, 1, 2]]"
12a_0049,"[[2, 2, 2, 2, 2, 2, 1, 2, 2, 3, 3, 1, 3, 1, 2, 2]]"
12a_0051,"[[3, 2, 2, 3, 3, 1, 2, 1, 1, 3, 2, 2, 1, 2, 2, 3]]"
12a_0057,"[[3, 1, 2, 1, 3, 3, 2, 1, 1, 3, 1, 1, 2, 3]]"
12a_0060,"[[1, 3, 3, 2, 3, 1, 3, 3, 1, 2, 3, 3, 1, 2]]"
12a_0062,"[[3, 1, 1, 3, 2, 1, 3, 2, 2, 3, 1, 1, 2, 3]]"
12a_0066,"[[2, 2, 2, 3, 2, 2, 1, 3, 1, 3, 3, 1, 2, 2]]"
12a_0067,"[[1, 3, 3, 2, 3, 1, 3, 1, 2, 2, 3, 1, 2, 2]]"
12a_0071,"[[1, 3, 1, 2, 3, 2, 3, 2, 1, 3, 1, 2]]"
12a_0074,"[[1, 3, 1, 2, 3, 1, 3, 1, 2, 3, 2, 3, 1, 2]]"
12a_0077,"[[3, 3, 1, 2, 3, 3, 3, 2, 1, 3, 1, 2]]"
12a_0079,"[[2, 2, 2, 2, 3, 2, 2, 1, 1, 1, 3, 1, 2, 2]]"
12a_0081,"[[3, 1, 1, 3, 1, 2, 2, 1, 3, 2, 2, 3, 1, 1, 2, 3]]"
12a_0086,"[[3, 3, 1, 2, 2, 3, 3, 2, 2, 1, 3, 3, 1, 2]]"
12a_0088,"[[2, 2, 2, 2, 3, 2, 2, 1, 1, 3, 1, 2, 2, 2]]"
12a_0095,"[[1, 3, 3, 2, 2, 3, 1, 1, 2, 3, 3, 1, 2, 1]]"
12a_0097,"[[1, 1, 3, 2, 3, 1, 1, 3, 2, 2, 3, 1, 1, 2, 2, 1]]"
12a_0100,"[[1, 2, 3, 3, 1, 1, 1, 2, 3, 3, 1, 1, 3, 2, 1, 1, 2, 1]]"
12a_0103,"[[3, 1, 2, 2, 1, 1, 3, 2, 1, 2, 2, 2, 2, 2, 2, 3]]"
12a_0113,"[[3, 3, 1, 1, 1, 2, 3, 3, 2, 3, 2, 1, 1, 2]]"
12a_0114,"[[2, 2, 2, 3, 1, 2, 2, 2, 2, 1, 3, 2, 2, 1, 2, 2]]"
12a_0116,"[[3, 3, 1, 1, 1, 2, 3, 3, 2, 3, 1, 1, 1, 2]]"
12a_0117,"[[2, 2, 1, 2, 2, 3, 3, 2, 1, 1, 3, 1, 1, 1, 2, 2]]"
12a_0119,"[[1, 1, 2, 2, 3, 1, 1, 2, 2, 2, 3, 1, 2, 3], [3, 3, 1, 1, 1, 3, 3, 2, 3, 2, 1, 1, 1, 2], [3, 3, 2, 2, 3, 3, 3, 3, 1, 3, 3, 1, 2, 1], [1, 1, 1, 1, 3, 1, 1, 2, 3, 2, 3, 2, 1, 1]]"
12a_0121,"[[3, 2, 1, 1, 3, 3, 1, 2, 2, 3, 1, 1, 2, 3]]"
12a_0122,"[[3, 3, 1, 2, 3, 3, 3, 3, 3, 3, 1, 2]]"
12a_0127,"[[3, 1, 3, 2, 1, 3, 3, 3, 2, 3, 3, 1, 2, 3]]"
12a_0130,"[[1, 3, 3, 2, 3, 2, 1, 3, 2, 1, 3, 1, 2, 1]]"
12a_0136,"[[1, 3, 2, 2, 3, 1, 1, 2, 3, 1, 1, 2]]"
12a_0150,"[[2, 2, 2, 3, 1, 2, 2, 2, 1, 3, 3, 1, 3, 1, 2, 2]]"
12a_0151,"[[3, 1, 1, 3, 1, 2, 1, 3, 2, 2, 3, 1, 1, 2, 2, 3]]"
12a_0155,"[[2, 2, 2, 2, 2, 2, 3, 2, 2, 2, 1, 1, 1, 3, 1, 2, 2, 2]]"
12a_0156,"[[3, 2, 1, 1, 1, 1, 1, 1, 1, 2, 1, 1, 3, 2, 1, 1, 2, 3]]"
12a_0157,"[[3, 3, 1, 2, 2, 2, 3, 3, 1, 2, 2, 2, 1, 2]]"
12a_0163,"[[1, 1, 3, 3, 2, 3, 2, 3, 1, 1, 2, 3, 3, 1, 2, 1]]"
12a_0164,"[[1, 1, 2, 3, 3, 2, 1, 1, 3, 2, 1, 3, 2, 3], [3, 3, 1, 2, 2, 3, 3, 3, 3, 3, 1, 2, 1, 2], [3, 3, 2, 1, 1, 1, 3, 3, 2, 1, 1, 1, 2, 1], [1, 1, 1, 1, 1, 3, 1, 1, 2, 3, 2, 1, 1, 1]]"
12a_0165,"[[3, 3, 1, 1, 3, 1, 3, 1, 2, 2, 2, 3, 1, 1, 2, 3]]"
12a_0166,"[[1, 1, 2, 3, 2, 1, 1, 1, 1, 1, 1, 3, 2, 3], [3, 3, 1, 2, 3, 1, 3, 3, 3, 2, 1, 2, 1, 2], [3, 3, 2, 1, 1, 1, 3, 3, 3, 2, 1, 1, 2, 1], [1, 1, 1, 1, 3, 2, 1, 1, 1, 3, 2, 1, 1, 1]]"
12a_0167,"[[1, 1, 2, 3, 3, 2, 3, 1, 1, 1, 2, 3, 3, 1], [3, 2, 2, 2, 2, 1, 2, 2, 1, 3, 1, 2, 2, 3], [3, 2, 3, 1, 1, 2, 1, 2, 1, 3, 2, 1, 1, 3], [1, 3, 2, 1, 1, 1, 1, 3, 2, 1, 1, 1, 1, 1]]"
12a_0168,"[[2, 2, 2, 2, 2, 2, 3, 2, 2, 1, 3, 1, 2, 2]]"
12a_0172,"[[1, 3, 1, 2, 3, 3, 3, 2, 3, 3, 1, 2]]"
12a_0175,"[[3, 1, 2, 3, 3, 2, 1, 3, 2, 1, 3, 1, 3, 1, 2, 3]]"
12a_0177,"[[2, 1, 2, 3, 1, 1, 1, 3, 1, 1, 3, 1, 1, 2, 3, 2], [2, 2, 2, 2, 2, 2, 3, 2, 2, 1, 1, 1, 3, 1, 2, 2], [3, 2, 3, 1, 2, 2, 3, 1, 2, 1, 3, 1, 3, 2, 1, 3], [2, 3, 2, 1, 3, 3, 1, 1, 3, 2, 3, 2, 1, 1, 1, 2]]"
12a_0179,"[[1, 3, 1, 2, 3, 1, 3, 2, 3, 2, 1, 2]]"
12a_0181,"[[1, 3, 2, 2, 3, 1, 3, 2, 1, 2, 3, 1, 2, 2]]"
12a_0182,"[[2, 2, 2, 2, 2, 2, 3, 2, 2, 1, 3, 1, 2, 2]]"
12a_0189,"[[1, 3, 3, 2, 3, 1, 3, 3, 2, 3, 3, 3, 1, 2]]"
12a_0193,"[[3, 1, 2, 3, 2, 1, 2, 3, 1, 3, 1, 2]]"
12a_0195,"[[2, 2, 2, 2, 2, 2, 3, 1, 2, 2, 3, 1, 2, 2]]"
12a_0197,"[[3, 1, 2, 2, 1, 3, 2, 1, 3, 2, 3, 1, 2, 2]]"
12a_0203,"[[1, 3, 2, 2, 2, 3, 1, 3, 2, 2, 1, 2]]"
12a_0206,"[[1, 3, 3, 2, 3, 3, 2, 2, 1, 3, 3, 3, 1, 2]]"
12a_0207,"[[1, 3, 2, 2, 2, 3, 1, 3, 1, 2, 2, 2, 2, 2]]"
12a_0208,"[[2, 2, 3, 2, 2, 2, 2, 2, 2, 1, 1, 1, 3, 1, 2, 2]]"
12a_0209,"[[2, 2, 3, 2, 2, 2, 1, 1, 3, 1, 1, 2]]"
12a_0210,"[[3, 1, 3, 1, 3, 2, 1, 2, 1, 1, 3, 2, 3, 2, 1, 2]]"
12a_0212,"[[3, 1, 2, 1, 1, 3, 1, 3, 2, 3, 2, 3, 1, 2]]"
12a_0215,"[[1, 3, 3, 1, 2, 3, 2, 2, 3, 1, 3, 3, 1, 2]]"
12a_0223,"[[2, 2, 3, 3, 1, 3, 2, 2, 3, 1, 2, 1, 3, 3, 2, 1, 2, 2]]"
12a_0224,"[[3, 1, 3, 2, 2, 1, 2, 2, 3, 1, 2, 2]]"
12a_0229,"[[2, 2, 3, 2, 2, 2, 2, 2, 1, 1, 1, 3, 1, 2, 2, 2]]"
12a_0231,"[[2, 2, 2, 2, 2, 2, 2, 3, 2, 2, 3, 1, 3, 3, 1, 2]]"
12a_0233,"[[1, 3, 2, 2, 3, 2, 2, 1, 3, 1, 2, 2]]"
12a_0234,"[[1, 2, 3, 2, 3, 1, 3, 2, 1, 3, 2, 1, 2, 1]]"
12a_0236,"[[1, 2, 3, 1, 2, 3, 2, 3, 1, 2, 3, 1, 2, 1]]"
12a_0239,"[[2, 3, 1, 3, 1, 2, 1, 3, 2, 2, 1, 3, 2, 1, 2, 2]]"
12a_0244,"[[1, 3, 1, 2, 2, 1, 2, 2, 3, 2, 1, 3, 3, 1, 2, 3], [3, 2, 3, 1, 1, 3, 2, 1, 2, 3, 2, 3, 1, 1, 1, 2], [3, 1, 3, 2, 2, 3, 3, 2, 1, 1, 2, 2, 3, 1, 2, 1], [1, 1, 1, 1, 1, 1, 2, 1, 1, 3, 3, 2, 3, 2, 1, 1]]"
12a_0245,"[[1, 3, 3, 2, 1, 2, 2, 2, 1, 3, 3, 1, 2, 3], [3, 2, 3, 2, 3, 1, 1, 3, 1, 1, 2, 1, 1, 2], [3, 1, 2, 3, 3, 2, 2, 1, 1, 3, 1, 1, 2, 1], [1, 1, 2, 2, 1, 1, 1, 3, 2, 3, 1, 2, 1, 1]]"
12a_0246,"[[1, 3, 2, 2, 2, 3, 1, 2, 2, 3, 1, 2]]"
12a_0251,"[[1, 3, 3, 2, 2, 3, 1, 2, 2, 1, 3, 1, 2, 1]]"
12a_0256,"[[1, 3, 3, 1, 2, 3, 3, 2, 1, 2, 3, 3, 3, 1, 2, 1]]"
12a_0260,"[[2, 2, 3, 3, 3, 2, 2, 2, 3, 2, 1, 3, 1, 2]]"
12a_0265,"[[2, 1, 3, 3, 3, 1, 3, 2, 2, 1, 2, 3], [1, 3, 1, 2, 2, 3, 3, 2, 3, 1, 1, 2], [2, 3, 3, 1, 1, 3, 2, 3, 1, 1, 2, 1], [1, 1, 3, 1, 1, 1, 2, 2, 3, 2, 1, 1]]"
12a_0269,"[[3, 1, 1, 2, 2, 1, 2, 3, 3, 3, 2, 2, 3, 3, 1, 2]]"
12a_0270,"[[1, 2, 2, 3, 2, 1, 3, 3, 1, 2, 2, 3, 1, 2, 1, 2, 3, 1], [2, 2, 2, 2, 2, 3, 2, 2, 2, 2, 2, 1, 3, 1, 1, 1, 2, 2], [2, 3, 3, 1, 3, 3, 1, 1, 2, 3, 3, 3, 3, 2, 1, 2, 1, 2], [3, 2, 2, 1, 2, 1, 1, 1, 3, 2, 2, 3, 1, 1, 2, 1, 1, 3]]"
12a_0280,"[[3, 3, 3, 1, 1, 3, 3, 1, 3, 3, 3, 2, 1, 2]]"
12a_0281,"[[3, 3, 3, 1, 1, 3, 3, 3, 3, 2, 1, 2, 1, 2]]"
12a_0287,"[[1, 3, 3, 3, 1, 2, 3, 3, 3, 2, 3, 3, 1, 2]]"
12a_0288,"[[1, 3, 2, 2, 2, 3, 1, 3, 1, 2, 2, 2, 2, 2]]"
12a_0290,"[[3, 2, 3, 1, 1, 1, 2, 1, 1, 2, 3, 1, 2, 3]]"
12a_0291,"[[3, 1, 3, 1, 3, 2, 2, 2, 1, 3, 2, 2, 2, 2, 1, 2]]"
12a_0292,"[[1, 3, 2, 3, 2, 3, 1, 3, 1, 2, 1, 2, 2, 2]]"
12a_0295,"[[1, 2, 1, 2, 2, 3, 2, 1, 3, 1, 3, 1, 2, 3], [3, 1, 3, 1, 1, 1, 2, 3, 2, 3, 1, 1, 1, 2], [3, 2, 3, 2, 2, 3, 3, 3, 1, 3, 3, 1, 2, 1], [1, 1, 1, 1, 1, 3, 2, 1, 1, 1, 3, 2, 1, 1]]"
12a_0296,"[[1, 3, 3, 2, 1, 2, 3, 3, 3, 1, 2, 3, 3, 1, 2, 1]]"
12a_0297,"[[2, 2, 2, 1, 2, 2, 1, 3, 1, 2, 3, 2, 3, 2], [3, 2, 1, 3, 1, 3, 1, 2, 3, 1, 2, 1, 2, 3], [1, 3, 2, 3, 2, 1, 1, 1, 3, 2, 1, 2, 1, 1], [3, 2, 1, 1, 1, 3, 2, 1, 1, 1, 1, 1, 1, 3]]"
12a_0298,"[[1, 1, 1, 1, 2, 3, 1, 1, 1, 1, 2, 3], [3, 2, 1, 3, 1, 1, 1, 2, 3, 1, 1, 2], [3, 2, 1, 3, 2, 3, 1, 2, 3, 1, 2, 1], [1, 3, 2, 1, 1, 3, 2, 3, 1, 2, 1, 1]]"
12a_0302,"[[3, 1, 2, 1, 1, 3, 2, 3, 3, 2, 1, 2, 1, 2]]"
12a_0303,"[[3, 1, 2, 2, 3, 2, 1, 3, 3, 1, 2, 1, 2, 3]]"
12a_0306,"[[3, 1, 2, 3, 2, 1, 3, 2, 1, 3, 3, 1, 2, 3]]"
12a_0308,"[[2, 2, 2, 1, 2, 2, 3, 2, 3, 2, 3, 1, 3, 1, 2, 2]]"
12a_0311,"[[3, 3, 3, 3, 3, 3, 1, 3, 3, 3, 1, 2, 1, 1, 2, 3], [3, 1, 1, 3, 2, 1, 1, 3, 2, 1, 3, 2, 2, 1, 1, 2], [2, 3, 3, 2, 1, 3, 1, 2, 1, 3, 3, 3, 2, 1, 2, 1], [2, 3, 3, 2, 1, 3, 2, 2, 1, 3, 1, 2, 3, 2, 1, 1]]"
12a_0312,"[[2, 2, 2, 1, 1, 3, 3, 2, 2, 2, 3, 3, 3, 3, 3, 1, 2, 2]]"
12a_0313,"[[3, 1, 3, 1, 3, 2, 2, 3, 2, 3, 1, 1, 2, 2, 1, 2]]"
12a_0319,"[[1, 3, 1, 3, 3, 1, 1, 2, 1, 2, 3, 2, 1, 3, 1, 2]]"
12a_0321,"[[3, 3, 2, 3, 1, 3, 1, 3, 2, 1, 2, 1, 2, 3]]"
12a_0325,"[[3, 2, 3, 1, 1, 1, 2, 3, 1, 1, 2, 1, 1, 2]]"
12a_0329,"[[1, 3, 3, 2, 2, 3, 1, 2, 3, 3, 2, 3, 1, 2]]"
12a_0331,"[[3, 1, 2, 2, 2, 1, 2, 2, 2, 2, 2, 3, 1, 2]]"
12a_0332,"[[2, 1, 3, 1, 1, 1, 3, 2, 1, 1, 3, 2, 1, 2, 3, 2], [1, 3, 2, 3, 3, 1, 1, 1, 3, 2, 3, 3, 1, 1, 2, 1], [2, 3, 1, 3, 3, 1, 3, 2, 3, 2, 2, 1, 1, 2, 1, 2], [1, 1, 1, 1, 1, 2, 3, 1, 1, 3, 2, 3, 2, 1, 1, 1]]"
12a_0334,"[[3, 1, 2, 2, 2, 1, 2, 2, 2, 2, 2, 3, 1, 2]]"
12a_0336,"[[3, 1, 3, 1, 3, 2, 1, 1, 3, 3, 2, 3, 3, 1, 1, 2]]"
12a_0342,"[[3, 1, 3, 2, 3, 2, 1, 3, 1, 2, 1, 2]]"
12a_0345,"[[3, 1, 1, 2, 1, 2, 3, 1, 2, 3, 2, 3, 3, 1, 2, 3]]"
12a_0346,"[[2, 2, 3, 2, 2, 1, 1, 3, 1, 1, 1, 2, 2, 2]]"
12a_0347,"[[2, 2, 3, 2, 2, 1, 1, 1, 1, 3, 1, 1, 2, 2]]"
12a_0348,"[[2, 2, 3, 2, 2, 2, 2, 1, 1, 1, 3, 1, 1, 1, 2, 2]]"
12a_0358,"[[2, 2, 3, 2, 2, 2, 1, 3, 1, 1, 2, 2]]"
12a_0360,"[[2, 2, 2, 1, 2, 2, 3, 1, 3, 2, 1, 3, 3, 1, 2, 2]]"
12a_0362,"[[3, 1, 3, 3, 2, 1, 3, 1, 3, 2, 2, 1, 2, 2]]"
12a_0373,"[[3, 3, 3, 1, 2, 2, 3, 3, 3, 3, 1, 2, 1, 2]]"
12a_0374,"[[3, 3, 3, 3, 1, 2, 3, 3, 3, 3, 1, 2]]"
12a_0375,"[[3, 1, 2, 2, 2, 1, 2, 3, 3, 1, 2, 2, 2, 3]]"
12a_0376,"[[3, 2, 2, 2, 3, 1, 1, 3, 2, 2, 2, 2, 1, 2]]"
12a_0377,"[[3, 3, 2, 3, 1, 1, 3, 1, 1, 2, 1, 2]]"
12a_0386,"[[2, 1, 1, 1, 3, 1, 1, 1, 3, 2, 1, 1, 2, 3], [3, 1, 1, 3, 2, 1, 2, 1, 1, 1, 3, 1, 1, 2], [1, 1, 1, 3, 1, 1, 2, 1, 3, 2, 3, 1, 2, 1], [3, 2, 2, 1, 1, 2, 3, 2, 3, 1, 1, 2, 1, 1]]"
12a_0389,"[[1, 3, 3, 2, 2, 3, 3, 1, 1, 2, 3, 3, 1, 2]]"
12a_0390,"[[3, 3, 2, 3, 1, 3, 1, 1, 1, 2, 1, 1, 2, 3]]"
12a_0392,"[[1, 2, 3, 3, 3, 3, 2, 3, 3, 2, 3, 3, 2, 1, 2, 1, 2, 1]]"
12a_0393,"[[3, 1, 1, 2, 1, 3, 1, 3, 2, 3, 2, 3, 1, 3, 1, 2]]"
12a_0395,"[[3, 1, 3, 1, 1, 2, 2, 1, 1, 3, 2, 1, 3, 2, 1, 2]]"
12a_0396,"[[1, 3, 2, 1, 2, 1, 3, 2, 3, 1, 2, 1, 2, 3], [3, 1, 2, 3, 1, 1, 3, 2, 1, 3, 2, 1, 1, 2], [3, 3, 3, 3, 2, 1, 2, 3, 3, 3, 3, 1, 2, 1], [1, 3, 2, 1, 1, 2, 2, 2, 3, 1, 2, 2, 1, 1]]"
12a_0401,"[[3, 1, 3, 3, 3, 2, 2, 2, 2, 1, 2, 2, 2, 2, 2, 3]]"
12a_0404,"[[1, 3, 3, 1, 2, 3, 3, 1, 3, 2, 1, 2, 3, 1, 2, 1]]"
12a_0408,"[[2, 2, 2, 1, 2, 2, 2, 2, 3, 2, 2, 3, 1, 3, 1, 2]]"
12a_0409,"[[2, 2, 3, 2, 2, 1, 2, 3, 1, 3, 1, 2, 2, 2]]"
12a_0411,"[[2, 3, 2, 2, 1, 3, 1, 3, 2, 3, 1, 2, 2, 2]]"
12a_0413,"[[1, 1, 3, 1, 2, 2, 3, 2, 2, 1, 2, 3], [3, 3, 1, 3, 1, 2, 3, 3, 2, 1, 1, 2], [3, 3, 3, 3, 2, 3, 2, 1, 3, 1, 2, 1], [1, 1, 3, 1, 1, 2, 2, 3, 2, 2, 1, 1]]"
12a_0414,"[[3, 3, 2, 2, 2, 2, 2, 1, 3, 3, 1, 1, 2, 2, 2, 2, 2, 3]]"
12a_0415,"[[1, 3, 1, 1, 2, 3, 3, 2, 3, 1, 1, 2]]"
12a_0416,"[[3, 1, 2, 3, 2, 1, 3, 3, 3, 3, 1, 2]]"
12a_0419,"[[1, 3, 3, 1, 2, 3, 2, 3, 3, 1, 2, 2]]"
12a_0420,"[[3, 1, 1, 2, 1, 2, 3, 1, 3, 2, 3, 2, 1, 2]]"
12a_0422,"[[1, 3, 3, 2, 3, 2, 1, 2, 3, 1, 3, 1, 2, 1]]"
12a_0425,"[[1, 3, 3, 2, 3, 2, 1, 2, 3, 1, 3, 2, 1, 1, 2, 1]]"
12a_0426,"[[2, 1, 2, 2, 3, 3, 1, 3, 3, 3, 3, 1, 2, 2]]"
12a_0427,"[[1, 2, 3, 1, 3, 2, 1, 3, 2, 1, 2, 3], [3, 1, 1, 1, 2, 1, 3, 2, 3, 1, 1, 2], [3, 2, 3, 1, 1, 2, 3, 1, 1, 1, 2, 1], [1, 1, 3, 2, 1, 1, 1, 1, 3, 2, 1, 1]]"
12a_0428,"[[1, 2, 3, 3, 2, 3, 3, 3, 1, 2, 3, 1, 2, 1]]"
12a_0429,"[[1, 3, 1, 3, 1, 2, 2, 2, 3, 2, 2, 2, 1, 2]]"
12a_0433,"[[1, 2, 2, 3, 2, 1, 3, 2, 1, 3, 1, 2, 3, 1], [3, 1, 1, 1, 2, 3, 2, 1, 3, 1, 1, 1, 2, 3], [3, 2, 2, 3, 3, 3, 1, 2, 3, 3, 1, 2, 1, 3], [1, 1, 1, 3, 2, 1, 1, 1, 1, 3, 2, 1, 1, 1]]"
12a_0434,"[[1, 3, 2, 2, 2, 3, 2, 3, 1, 3, 1, 2, 2, 2]]"
12a_0435,"[[1, 2, 2, 3, 1, 2, 2, 3, 1, 2, 3, 1, 2, 3], [3, 1, 1, 1, 1, 1, 1, 2, 3, 1, 1, 1, 1, 2], [3, 2, 2, 3, 1, 2, 2, 1, 3, 2, 3, 1, 2, 1], [1, 1, 1, 3, 2, 1, 1, 1, 1, 1, 3, 2, 1, 1]]"
12a_0439,"[[3, 1, 3, 2, 2, 1, 3, 3, 2, 2, 1, 2]]"
12a_0444,"[[2, 2, 2, 3, 2, 2, 2, 2, 1, 3, 1, 3, 1, 2, 2, 2]]"
12a_0445,"[[3, 3, 3, 3, 1, 2, 3, 3, 3, 3, 1, 2]]"
12a_0446,"[[3, 3, 2, 3, 1, 1, 1, 3, 1, 2, 1, 2]]"
12a_0448,"[[1, 3, 3, 1, 2, 3, 1, 3, 2, 1, 2, 3, 3, 1, 2, 2]]"
12a_0450,"[[1, 3, 1, 1, 1, 3, 2, 3, 2, 1, 3, 1, 1, 1, 2, 1]]"
12a_0451,"[[3, 1, 1, 3, 2, 1, 1, 3, 2, 1, 1, 2]]"
12a_0456,"[[1, 3, 2, 3, 1, 2, 3, 1, 2, 2, 2, 2]]"
12a_0459,"[[1, 3, 1, 3, 2, 3, 3, 2, 1, 3, 1, 2, 2, 1, 2, 1]]"
12a_0463,"[[1, 3, 2, 2, 2, 3, 1, 2, 2, 3, 1, 2, 2, 1]]"
12a_0464,"[[3, 1, 2, 3, 2, 1, 2, 1, 3, 2, 1, 3, 1, 2]]"
12a_0472,"[[2, 2, 1, 2, 2, 2, 3, 3, 1, 3, 3, 3, 3, 1, 2, 2]]"
12a_0475,"[[3, 2, 3, 1, 1, 1, 1, 2, 1, 1, 1, 3, 1, 2]]"
12a_0482,"[[3, 1, 2, 1, 3, 2, 1, 3, 2, 2, 3, 1, 2, 2]]"
12a_0485,"[[3, 1, 1, 3, 2, 1, 2, 3, 3, 1, 2, 2]]"
12a_0486,"[[2, 2, 3, 2, 2, 2, 2, 1, 3, 1, 1, 2]]"
12a_0490,"[[2, 2, 2, 2, 2, 1, 2, 2, 1, 3, 2, 3, 1, 3, 1, 2]]"
12a_0491,"[[2, 2, 3, 3, 2, 2, 2, 2, 2, 3, 2, 1, 3, 1, 2, 2]]"
12a_0493,"[[3, 3, 1, 1, 3, 3, 2, 1, 1, 1, 2, 1, 2, 3], [3, 1, 1, 3, 2, 1, 1, 3, 2, 1, 3, 1, 1, 2], [2, 3, 1, 3, 1, 3, 2, 3, 2, 1, 1, 1, 2, 1], [2, 3, 2, 1, 1, 3, 1, 1, 3, 2, 3, 2, 1, 1]]"
12a_0494,"[[2, 2, 1, 3, 1, 3, 1, 3, 2, 2, 2, 2, 2, 2, 3, 1, 2, 2]]"
12a_0496,"[[3, 2, 2, 2, 1, 3, 1, 1, 2, 2, 2, 2, 2, 3]]"
12a_0498,"[[1, 3, 3, 1, 2, 2, 3, 2, 2, 3, 1, 2]]"
12a_0503,"[[2, 1, 1, 1, 3, 3, 1, 1, 1, 3, 1, 1, 2, 3], [2, 2, 2, 3, 2, 2, 2, 2, 1, 1, 1, 3, 1, 2], [3, 2, 2, 3, 1, 1, 2, 2, 1, 3, 1, 3, 2, 1], [2, 3, 3, 1, 1, 1, 3, 3, 2, 3, 2, 1, 1, 1]]"
12a_0504,"[[2, 2, 2, 2, 3, 1, 2, 2, 2, 1, 3, 1, 3, 1, 2, 2]]"
12a_0505,"[[1, 3, 3, 2, 2, 2, 3, 3, 2, 1, 3, 3, 1, 2]]"
12a_0508,"[[1, 3, 1, 3, 2, 3, 1, 1, 2, 1, 3, 2, 1, 2]]"
12a_0509,"[[1, 3, 2, 3, 2, 1, 1, 1, 1, 2, 3, 1, 2, 1]]"
12a_0515,"[[2, 2, 3, 2, 2, 2, 1, 3, 3, 1, 3, 1, 2, 2]]"
12a_0519,"[[2, 1, 3, 2, 2, 3, 1, 2, 3, 2, 1, 2, 2, 2]]"
12a_0523,"[[2, 3, 2, 3, 1, 1, 2, 1, 1, 2, 3, 1, 2, 2]]"
12a_0524,"[[2, 2, 1, 2, 2, 2, 2, 2, 1, 3, 2, 3, 1, 2, 2, 2]]"
12a_0525,"[[2, 2, 3, 2, 2, 2, 2, 2, 1, 1, 1, 3, 1, 2, 2, 2]]"
12a_0528,"[[3, 2, 3, 3, 1, 1, 3, 1, 2, 2, 1, 2]]"
12a_0529,"[[2, 2, 2, 3, 2, 2, 2, 2, 1, 1, 1, 3, 1, 2, 2, 2]]"
12a_0540,"[[2, 2, 1, 1, 2, 2, 3, 1, 2, 3, 1, 3, 1, 2]]"
12a_0541,"[[1, 3, 2, 3, 1, 2, 2, 3, 1, 2, 2, 2]]"
12a_0542,"[[2, 2, 2, 2, 3, 2, 2, 2, 2, 2, 1, 1, 1, 3, 1, 2, 2, 2]]"
12a_0546,"[[1, 3, 2, 3, 2, 3, 3, 3, 1, 2, 1, 3, 3, 1, 2, 1]]"
12a_0549,"[[1, 3, 2, 3, 2, 1, 1, 2, 3, 1, 1, 2, 3, 1, 2, 1]]"
12a_0554,"[[3, 1, 3, 2, 3, 2, 3, 1, 1, 1, 2, 2, 1, 1, 2, 3, 1, 3]]"
12a_0561,"[[3, 3, 1, 1, 3, 1, 1, 3, 1, 2, 3, 2, 1, 2]]"
12a_0562,"[[1, 3, 2, 2, 2, 2, 3, 1, 3, 1, 2, 2, 2, 2, 2, 1]]"
12a_0563,"[[1, 2, 3, 1, 2, 1, 3, 1, 2, 2, 3, 1, 2, 1, 2, 3], [2, 2, 2, 2, 2, 3, 2, 2, 2, 2, 1, 3, 1, 1, 1, 2], [2, 3, 1, 2, 3, 3, 1, 2, 3, 3, 3, 3, 2, 1, 2, 1], [3, 2, 1, 3, 2, 1, 1, 3, 2, 2, 3, 1, 1, 2, 1, 1]]"
12a_0564,"[[2, 2, 2, 3, 2, 2, 2, 2, 2, 2, 1, 3, 1, 1, 1, 2, 2, 2]]"
12a_0567,"[[3, 3, 1, 1, 3, 2, 2, 1, 1, 2, 2, 2, 2, 3]]"
12a_0569,"[[2, 1, 1, 3, 2, 3, 1, 1, 2, 1, 3, 1, 2, 3], [2, 2, 1, 2, 3, 2, 2, 1, 3, 1, 2, 3, 1, 2], [3, 2, 1, 1, 1, 1, 2, 1, 1, 1, 1, 3, 2, 1], [2, 3, 2, 1, 3, 1, 3, 2, 3, 2, 1, 1, 1, 1]]"
12a_0570,"[[1, 3, 2, 2, 2, 2, 3, 1, 3, 1, 2, 2, 2, 2, 2, 1]]"
12a_0571,"[[2, 1, 3, 1, 1, 3, 2, 2, 3, 2, 1, 1, 2, 2]]"
12a_0574,"[[1, 2, 3, 1, 2, 3, 3, 1, 2, 3, 1, 2, 3, 1], [1, 1, 1, 1, 3, 2, 2, 3, 1, 1, 1, 1, 2, 1], [1, 2, 3, 1, 1, 1, 1, 3, 2, 3, 1, 2, 1, 1], [2, 1, 3, 2, 3, 1, 1, 1, 1, 3, 2, 1, 1, 2]]"
12a_0575,"[[3, 3, 3, 3, 3, 1, 3, 3, 3, 3, 3, 2, 1, 2]]"
12a_0576,"[[1, 1, 1, 1, 2, 3, 1, 1, 1, 1, 2, 3], [3, 2, 1, 3, 1, 1, 1, 3, 2, 1, 1, 2], [3, 2, 1, 3, 2, 3, 1, 3, 2, 1, 2, 1], [1, 3, 2, 1, 1, 3, 2, 1, 3, 2, 1, 1]]"
12a_0577,"[[2, 2, 2, 3, 2, 2, 2, 2, 2, 1, 3, 1, 2, 2]]"
12a_0578,"[[3, 3, 3, 3, 1, 3, 3, 3, 3, 3, 2, 1, 2, 3]]"
12a_0579,"[[3, 3, 2, 1, 3, 1, 1, 1, 3, 2, 1, 2]]"
12a_0580,"[[2, 2, 1, 3, 2, 2, 2, 3, 2, 1, 3, 1, 2, 2]]"
12a_0588,"[[2, 2, 1, 2, 3, 1, 1, 3, 2, 2, 3, 1, 2, 2]]"
12a_0594,"[[1, 1, 1, 1, 2, 3, 1, 1, 1, 1, 1, 1, 2, 3], [3, 2, 1, 3, 1, 1, 1, 2, 3, 3, 2, 1, 1, 2], [3, 2, 1, 3, 2, 3, 1, 2, 3, 3, 2, 1, 2, 1], [1, 3, 2, 1, 1, 3, 2, 3, 1, 1, 3, 2, 1, 1]]"
12a_0596,"[[3, 1, 2, 3, 1, 2, 1, 2, 3, 3, 2, 1, 1, 1, 2, 3]]"
12a_0597,"[[3, 1, 2, 3, 3, 2, 1, 3, 2, 1, 3, 1, 2, 3]]"
12a_0611,"[[2, 2, 1, 3, 2, 2, 3, 1, 3, 2, 3, 1, 1, 1, 1, 2]]"
12a_0615,"[[1, 2, 1, 2, 1, 1, 3, 1, 3, 1, 1, 1, 1, 1, 2, 3], [1, 3, 1, 3, 3, 1, 2, 3, 3, 2, 1, 2, 1, 3, 1, 2], [1, 1, 1, 1, 3, 1, 1, 3, 2, 2, 1, 2, 1, 3, 2, 1], [2, 3, 2, 3, 1, 2, 1, 1, 2, 3, 2, 3, 2, 1, 1, 1]]"
12a_0617,"[[2, 1, 3, 3, 1, 3, 3, 2, 1, 3, 2, 1, 2, 2]]"
12a_0623,"[[2, 2, 2, 2, 3, 2, 2, 2, 1, 1, 3, 1, 1, 1, 1, 2]]"
12a_0626,"[[2, 3, 1, 2, 3, 1, 2, 2, 3, 1, 2, 2, 2, 2]]"
12a_0628,"[[2, 2, 2, 2, 3, 2, 2, 2, 2, 1, 3, 1, 1, 2]]"
12a_0629,"[[3, 1, 3, 3, 3, 1, 1, 2, 3, 3, 2, 2, 1, 2]]"
12a_0631,"[[3, 1, 3, 1, 3, 3, 2, 3, 3, 3, 2, 1, 2, 2]]"
12a_0633,"[[1, 3, 1, 3, 1, 1, 2, 1, 3, 2, 3, 2, 3, 1, 2, 2]]"
12a_0634,"[[1, 1, 1, 1, 2, 3, 1, 1, 1, 1, 1, 1, 1, 1, 2, 3], [3, 3, 1, 3, 1, 2, 3, 1, 2, 2, 1, 2, 1, 3, 1, 2], [3, 3, 1, 3, 2, 1, 3, 1, 2, 2, 1, 2, 1, 3, 2, 1], [1, 1, 2, 1, 1, 1, 1, 2, 3, 3, 2, 3, 2, 1, 1, 1]]"
12a_0635,"[[1, 3, 2, 2, 1, 2, 3, 3, 1, 1, 3, 2, 3, 1, 2, 1]]"
12a_0636,"[[3, 1, 1, 3, 1, 3, 2, 2, 2, 2, 3, 1, 1, 2, 2, 2, 2, 3]]"
12a_0637,"[[1, 3, 3, 2, 1, 2, 3, 2, 1, 3, 1, 3, 1, 2]]"
12a_0643,"[[3, 1, 1, 2, 1, 3, 2, 3, 3, 2, 1, 3, 1, 2]]"
12a_0647,"[[2, 1, 3, 3, 1, 2, 3, 2, 1, 3, 1, 2, 3, 2], [3, 1, 2, 2, 3, 1, 2, 3, 1, 2, 3, 1, 2, 3], [1, 1, 1, 1, 3, 2, 1, 1, 1, 1, 3, 2, 1, 1], [3, 2, 1, 1, 1, 1, 1, 3, 2, 1, 1, 1, 1, 3]]"
12a_0648,"[[2, 2, 3, 2, 2, 2, 2, 2, 1, 3, 1, 2, 2, 2]]"
12a_0650,"[[1, 3, 2, 2, 3, 1, 1, 3, 2, 3, 3, 1, 2, 1]]"
12a_0654,"[[1, 3, 1, 3, 1, 1, 2, 1, 3, 2, 2, 1, 2, 2]]"
12a_0655,"[[3, 1, 1, 2, 1, 1, 2, 3, 3, 1, 3, 3, 1, 2]]"
12a_0665,"[[3, 3, 1, 3, 2, 3, 3, 1, 1, 1, 3, 2, 3, 1, 2, 1, 2, 3]]"
12a_0666,"[[1, 3, 1, 2, 3, 2, 3, 1, 1, 2, 3, 3, 2, 1, 2, 1]]"
12a_0668,"[[3, 1, 1, 1, 2, 3, 1, 1, 1, 1, 1, 1, 2, 3]]"
12a_0670,"[[1, 1, 2, 3, 2, 3, 3, 1, 1, 2, 3, 1, 2, 1]]"
12a_0672,"[[3, 2, 3, 1, 1, 2, 2, 1, 2, 3, 1, 2, 2, 3]]"
12a_0679,"[[2, 2, 3, 2, 1, 3, 1, 2, 3, 1, 3, 1, 2, 3, 3, 2], [1, 1, 1, 2, 3, 2, 3, 1, 2, 3, 1, 1, 1, 2, 2, 1], [2, 2, 3, 3, 3, 1, 3, 2, 1, 3, 3, 1, 2, 1, 1, 2], [1, 1, 3, 2, 1, 1, 1, 1, 1, 1, 3, 2, 1, 1, 1, 1]]"
12a_0683,"[[1, 2, 3, 1, 1, 1, 3, 2, 1, 1, 2, 3], [1, 3, 2, 3, 2, 1, 2, 3, 1, 3, 1, 2], [1, 1, 1, 3, 2, 1, 1, 1, 1, 3, 2, 1], [2, 3, 1, 1, 3, 2, 1, 3, 2, 1, 1, 1]]"
12a_0684,"[[2, 2, 1, 3, 2, 2, 2, 3, 1, 2, 3, 1, 2, 2]]"
12a_0685,"[[1, 3, 1, 3, 3, 1, 2, 1, 3, 2, 2, 3, 2, 1, 2, 2]]"
12a_0689,"[[1, 3, 2, 2, 2, 2, 3, 1, 2, 2, 3, 1, 2, 1]]"
12a_0692,"[[1, 1, 2, 3, 1, 1, 1, 1, 1, 1, 1, 2, 3, 1], [2, 2, 2, 2, 3, 1, 2, 2, 3, 1, 3, 1, 2, 2], [2, 2, 3, 1, 3, 1, 2, 2, 3, 1, 3, 2, 1, 2], [3, 3, 2, 1, 1, 2, 3, 3, 1, 2, 1, 1, 1, 3]]"
12a_0693,"[[2, 2, 3, 1, 1, 2, 2, 2, 3, 1, 1, 2]]"
12a_0694,"[[3, 3, 1, 1, 2, 3, 3, 2, 3, 1, 1, 1, 1, 2]]"
12a_0699,"[[1, 3, 3, 3, 3, 1, 2, 3, 3, 1, 2, 3, 1, 2]]"
12a_0701,"[[3, 2, 1, 1, 2, 3, 1, 3, 1, 1, 1, 2, 3, 3], [2, 1, 3, 2, 2, 2, 3, 2, 2, 1, 3, 1, 2, 2], [1, 2, 3, 2, 3, 1, 3, 1, 2, 1, 3, 2, 1, 1], [1, 1, 1, 3, 2, 1, 1, 1, 3, 2, 1, 1, 1, 1]]"
12a_0702,"[[2, 2, 3, 3, 1, 2, 2, 2, 3, 3, 1, 2]]"
12a_0703,"[[2, 2, 1, 3, 3, 2, 2, 2, 1, 3, 3, 2, 1, 2]]"
12a_0705,"[[2, 2, 1, 1, 3, 3, 2, 2, 3, 3, 1, 2]]"
12a_0706,"[[2, 3, 1, 1, 2, 2, 1, 1, 1, 3, 2, 1, 2, 2]]"
12a_0708,"[[2, 2, 2, 1, 1, 3, 2, 2, 1, 2, 3, 1, 1, 2]]"
12a_0711,"[[1, 3, 2, 3, 1, 1, 2, 3, 3, 1, 1, 2]]"
12a_0712,"[[2, 1, 1, 1, 2, 2, 3, 1, 1, 3, 1, 1, 2, 3], [3, 1, 2, 2, 2, 3, 2, 1, 2, 1, 3, 1, 1, 2], [1, 1, 2, 2, 3, 1, 1, 1, 2, 3, 3, 1, 2, 1], [3, 2, 3, 3, 2, 3, 1, 2, 3, 3, 1, 2, 1, 1]]"
12a_0718,"[[1, 1, 1, 2, 3, 1, 3, 2, 3, 1, 1, 1, 2, 1]]"
12a_0719,"[[2, 2, 2, 1, 2, 2, 2, 2, 1, 3, 3, 1, 3, 1, 2, 2]]"
12a_0721,"[[3, 3, 3, 3, 2, 1, 2, 3, 3, 2, 1, 3, 1, 2]]"
12a_0723,"[[2, 3, 1, 2, 2, 2, 1, 3, 3, 1, 2, 2, 2, 2]]"
12a_0725,"[[2, 1, 1, 3, 1, 2, 1, 1, 1, 3, 3, 2, 3, 1, 2, 3], [1, 3, 3, 1, 1, 1, 3, 3, 3, 2, 3, 2, 1, 1, 1, 2], [2, 3, 3, 3, 1, 2, 3, 3, 3, 1, 2, 3, 3, 1, 2, 1], [1, 1, 1, 3, 2, 1, 1, 1, 1, 1, 2, 2, 3, 2, 1, 1]]"
12a_0730,"[[2, 2, 3, 1, 2, 2, 2, 2, 2, 1, 1, 3, 1, 2, 2, 2]]"
12a_0731,"[[1, 3, 1, 3, 2, 3, 1, 2, 1, 3, 2, 1, 1, 2]]"
12a_0735,"[[2, 2, 2, 2, 3, 2, 2, 2, 2, 2, 1, 3, 1, 1, 1, 2, 2, 2]]"
12a_0736,"[[3, 1, 3, 1, 1, 2, 3, 2, 3, 3, 1, 2, 1, 2]]"
12a_0737,"[[2, 3, 1, 2, 2, 2, 2, 2, 3, 1, 2, 2, 2, 2]]"
12a_0739,"[[2, 2, 2, 3, 1, 2, 2, 2, 2, 2, 3, 1, 2, 2]]"
12a_0741,"[[1, 3, 3, 3, 1, 3, 3, 3, 3, 3, 3, 2, 1, 2, 1, 2]]"
12a_0742,"[[2, 3, 3, 3, 1, 3, 3, 1, 2, 3, 1, 2, 3, 2], [1, 1, 3, 2, 3, 2, 1, 1, 1, 2, 3, 1, 2, 1], [2, 3, 2, 1, 3, 1, 3, 1, 2, 1, 3, 2, 1, 2], [1, 3, 2, 1, 1, 1, 3, 2, 1, 1, 1, 1, 1, 1]]"
12a_0750,"[[1, 1, 1, 3, 2, 3, 1, 1, 1, 2, 3, 1, 3, 1, 2, 3, 2, 3, 1, 1]]"
12a_0760,"[[1, 3, 3, 2, 3, 3, 3, 2, 1, 3, 3, 1, 2, 2]]"
12a_0762,"[[1, 3, 2, 2, 3, 1, 2, 3, 1, 2, 3, 1, 2, 1]]"
12a_0766,"[[2, 2, 2, 3, 1, 2, 2, 2, 3, 1, 2, 3, 1, 2]]"
12a_0767,"[[3, 2, 1, 1, 1, 1, 2, 1, 1, 1, 3, 2, 1, 1, 1, 1, 2, 3]]"
12a_0768,"[[1, 3, 3, 1, 2, 3, 3, 3, 1, 2, 3, 3, 1, 2]]"
12a_0769,"[[3, 3, 2, 1, 2, 1, 1, 1, 1, 3, 2, 3, 1, 1, 1, 2, 3, 3], [1, 2, 3, 3, 1, 2, 1, 2, 3, 3, 1, 3, 2, 1, 3, 1, 2, 1], [3, 1, 1, 3, 2, 2, 1, 2, 3, 2, 2, 2, 2, 1, 3, 2, 1, 3], [3, 1, 3, 1, 1, 3, 2, 3, 1, 2, 1, 2, 3, 2, 1, 1, 1, 3]]"
12a_0771,"[[3, 3, 1, 1, 2, 2, 3, 1, 1, 1, 1, 2, 2, 3, 1, 2]]"
12a_0772,"[[1, 3, 3, 2, 3, 1, 2, 3, 3, 2, 3, 1, 2, 2]]"
12a_0775,"[[2, 1, 3, 2, 3, 1, 3, 2, 3, 1, 2, 3, 1, 1, 2, 2]]"
12a_0777,"[[3, 1, 1, 3, 2, 1, 1, 2, 3, 2, 1, 3, 1, 2]]"
12a_0780,"[[1, 3, 3, 1, 3, 2, 3, 3, 2, 1, 3, 2, 1, 2, 1, 2]]"
12a_0785,"[[2, 2, 3, 1, 2, 2, 1, 1, 2, 3, 3, 1, 2, 2]]"
12a_0787,"[[1, 2, 2, 3, 2, 2, 1, 3, 1, 2, 3, 1, 2, 1, 2, 3, 3, 1], [2, 2, 2, 2, 2, 2, 3, 2, 2, 2, 1, 3, 1, 1, 1, 2, 2, 2], [2, 3, 3, 1, 3, 3, 3, 1, 2, 3, 3, 3, 2, 1, 2, 1, 1, 2], [3, 2, 2, 1, 2, 2, 1, 1, 3, 2, 3, 1, 1, 2, 1, 1, 1, 3]]"
12a_0791,"[[3, 1, 1, 2, 1, 2, 3, 2, 3, 1, 1, 3, 1, 2]]"
12a_0793,"[[2, 2, 1, 1, 3, 2, 2, 2, 3, 3, 1, 2]]"
12a_0796,"[[1, 3, 2, 2, 3, 1, 2, 1, 3, 1, 3, 2, 1, 2]]"
12a_0798,"[[2, 2, 3, 1, 1, 2, 2, 2, 2, 3, 1, 1, 1, 2]]"
12a_0800,"[[2, 2, 2, 2, 2, 3, 1, 3, 2, 2, 1, 3, 1, 2]]"
12a_0801,"[[1, 1, 2, 3, 3, 3, 1, 1, 3, 3, 1, 2, 3, 1], [3, 3, 1, 1, 3, 2, 3, 3, 2, 1, 1, 1, 2, 3], [3, 3, 2, 3, 2, 1, 3, 3, 1, 3, 1, 2, 1, 3], [1, 1, 1, 3, 2, 1, 1, 1, 1, 3, 2, 1, 1, 1]]"
12a_0803,"[[1, 3, 3, 1, 2, 2, 3, 1, 2, 3, 3, 2, 1, 3, 1, 2]]"
12a_0804,"[[2, 2, 2, 3, 2, 2, 2, 2, 1, 3, 1, 1, 2, 2]]"
12a_0805,"[[3, 2, 1, 1, 1, 1, 3, 1, 1, 1, 2, 2]]"
12a_0806,"[[3, 2, 2, 2, 1, 1, 3, 1, 2, 2, 2, 2, 2, 3]]"
12a_0807,"[[3, 2, 2, 2, 1, 1, 3, 1, 2, 2, 2, 2, 2, 3]]"
12a_0808,"[[2, 2, 3, 2, 2, 2, 2, 2, 1, 3, 1, 1, 2, 2]]"
12a_0809,"[[3, 3, 1, 3, 2, 2, 2, 1, 2, 2, 2, 2, 2, 3]]"
12a_0810,"[[1, 2, 2, 2, 3, 3, 2, 2, 1, 3, 1, 1, 2, 3], [2, 2, 2, 3, 2, 2, 2, 2, 2, 1, 3, 1, 1, 2], [2, 3, 3, 1, 1, 1, 3, 3, 2, 3, 3, 1, 2, 1], [3, 2, 2, 3, 1, 1, 2, 2, 3, 3, 1, 2, 1, 1]]"
12a_0812,"[[1, 3, 1, 1, 3, 1, 3, 3, 2, 2, 1, 2, 2, 2, 2, 2]]"
12a_0814,"[[1, 3, 2, 1, 3, 3, 2, 2, 1, 2, 2, 3, 1, 2]]"
12a_0818,"[[2, 2, 2, 3, 2, 2, 1, 3, 3, 1, 3, 1, 2, 2]]"
12a_0823,"[[1, 3, 3, 3, 2, 2, 3, 3, 1, 2, 3, 3, 1, 2]]"
12a_0827,"[[3, 3, 1, 1, 2, 3, 2, 1, 1, 3, 2, 3, 1, 2]]"
12a_0828,"[[1, 3, 3, 3, 2, 2, 3, 3, 1, 2, 3, 3, 2, 3, 1, 2]]"
12a_0841,"[[1, 3, 3, 2, 1, 3, 3, 3, 2, 1, 3, 3, 3, 2, 1, 2]]"
12a_0845,"[[1, 3, 1, 2, 2, 3, 3, 1, 3, 1, 2, 2, 2, 2, 2, 2]]"
12a_0847,"[[3, 1, 2, 2, 2, 1, 2, 3, 2, 2, 1, 3, 1, 2]]"
12a_0852,"[[3, 2, 2, 3, 1, 1, 2, 1, 3, 1, 2, 2, 2, 3]]"
12a_0853,"[[3, 1, 1, 1, 2, 2, 1, 3, 2, 1, 1, 1, 1, 1, 1, 2]]"
12a_0855,"[[1, 3, 2, 2, 3, 1, 3, 3, 2, 1, 2, 2, 2, 1]]"
12a_0858,"[[3, 3, 2, 2, 1, 2, 3, 2, 2, 1, 1, 3, 1, 2]]"
12a_0861,"[[1, 2, 2, 3, 1, 3, 3, 2, 3, 1, 2, 2, 2, 1]]"
12a_0862,"[[1, 3, 3, 2, 2, 3, 3, 1, 2, 2, 2, 2, 1, 2, 2, 2]]"
12a_0864,"[[1, 3, 3, 1, 3, 2, 3, 3, 2, 1, 1, 2]]"
12a_0873,"[[2, 1, 3, 2, 1, 3, 2, 3, 2, 3, 1, 1, 1, 1, 2, 3], [2, 2, 3, 2, 2, 3, 3, 1, 1, 2, 3, 1, 3, 3, 1, 2], [3, 2, 2, 3, 2, 2, 1, 3, 2, 1, 3, 1, 3, 3, 2, 1], [2, 3, 2, 2, 3, 2, 3, 3, 1, 1, 1, 2, 1, 1, 1, 1]]"
12a_0876,"[[3, 1, 2, 1, 2, 3, 1, 2, 3, 2, 3, 1, 2, 3]]"
12a_0878,"[[3, 2, 3, 1, 2, 3, 1, 3, 1, 2, 1, 2]]"
12a_0882,"[[1, 3, 3, 2, 3, 3, 3, 1, 1, 3, 3, 2, 1, 2]]"
12a_0886,"[[2, 1, 1, 3, 2, 3, 1, 3, 3, 1, 1, 1, 2, 3], [1, 2, 1, 1, 2, 3, 2, 2, 2, 3, 1, 3, 1, 2], [2, 2, 1, 3, 3, 2, 2, 1, 1, 3, 1, 3, 2, 1], [1, 3, 2, 3, 2, 2, 3, 1, 1, 1, 2, 1, 1, 1]]"
12a_0888,"[[1, 3, 1, 2, 1, 2, 3, 2, 3, 2, 3, 1, 1, 2]]"
12a_0893,"[[1, 3, 1, 3, 2, 3, 1, 3, 2, 3, 2, 1, 1, 2]]"
12a_0894,"[[2, 3, 1, 1, 3, 3, 1, 2, 1, 2, 3, 1, 2, 2]]"
12a_0895,"[[2, 1, 1, 3, 1, 3, 2, 2, 3, 1, 1, 2, 3, 2], [3, 2, 3, 1, 1, 1, 2, 1, 2, 3, 1, 1, 2, 3], [1, 2, 3, 3, 1, 3, 3, 2, 1, 3, 1, 2, 1, 1], [3, 3, 1, 3, 2, 3, 2, 1, 1, 1, 2, 1, 1, 3]]"
12a_0902,"[[3, 1, 1, 3, 3, 1, 3, 2, 3, 1, 2, 1, 2, 3, 1, 2, 2, 3]]"
12a_0903,"[[2, 2, 3, 2, 2, 3, 1, 3, 3, 1, 2, 3, 1, 2, 1, 2]]"
12a_0904,"[[2, 2, 2, 3, 2, 2, 1, 1, 1, 3, 1, 1, 2, 2]]"
12a_0905,"[[2, 1, 1, 1, 3, 1, 1, 1, 3, 3, 2, 1, 1, 1, 2, 3], [1, 3, 3, 1, 2, 3, 2, 3, 2, 2, 3, 1, 3, 3, 1, 2], [2, 3, 3, 1, 1, 3, 2, 3, 1, 1, 1, 1, 3, 3, 2, 1], [1, 1, 1, 2, 1, 1, 3, 1, 1, 1, 3, 2, 1, 1, 1, 1]]"
12a_0907,"[[3, 3, 1, 3, 3, 1, 2, 1, 2, 3, 3, 1, 2, 3]]"
12a_0909,"[[3, 3, 3, 3, 1, 2, 3, 1, 2, 3, 1, 2]]"
12a_0912,"[[1, 3, 3, 2, 2, 3, 1, 2, 1, 1, 3, 1, 1, 2]]"
12a_0913,"[[1, 1, 3, 2, 3, 2, 1, 1, 1, 3, 2, 3, 1, 2]]"
12a_0914,"[[3, 1, 3, 3, 1, 2, 1, 2, 3, 3, 3, 2, 1, 3, 1, 2]]"
12a_0916,"[[3, 2, 2, 1, 3, 1, 1, 3, 2, 1, 2, 2]]"
12a_0919,"[[2, 2, 3, 1, 2, 2, 2, 3, 1, 2, 3, 2, 1, 1, 2, 2]]"
12a_0923,"[[1, 3, 3, 3, 3, 1, 2, 3, 3, 3, 3, 1, 2, 1]]"
12a_0924,"[[2, 2, 3, 1, 2, 2, 2, 2, 1, 1, 1, 3, 1, 1, 2, 2]]"
12a_0927,"[[3, 1, 1, 3, 1, 2, 1, 1, 2, 2, 3, 1, 1, 1, 2, 2]]"
12a_0928,"[[2, 1, 2, 3, 1, 3, 3, 3, 2, 3, 1, 2, 2, 2]]"
12a_0930,"[[3, 2, 1, 3, 1, 1, 1, 2, 1, 1, 3, 1, 2, 3]]"
12a_0931,"[[2, 2, 2, 1, 2, 2, 1, 2, 3, 2, 3, 1, 2, 3, 1, 2]]"
12a_0936,"[[3, 2, 1, 2, 3, 1, 1, 1, 1, 3, 3, 2, 1, 2]]"
12a_0939,"[[3, 3, 2, 2, 2, 2, 2, 2, 1, 3, 3, 1, 1, 2, 2, 2, 2, 3]]"
12a_0940,"[[2, 2, 3, 2, 2, 2, 2, 1, 3, 1, 3, 3, 1, 2, 2, 2]]"
12a_0941,"[[2, 2, 3, 2, 2, 2, 1, 3, 1, 3, 2, 1, 2, 2]]"
12a_0944,"[[2, 1, 3, 1, 1, 2, 1, 1, 3, 2, 3, 1, 2, 2]]"
12a_0949,"[[3, 2, 2, 1, 3, 1, 3, 2, 2, 1, 2, 2, 2, 3]]"
12a_0952,"[[3, 1, 1, 1, 3, 2, 1, 2, 3, 2, 1, 1, 2, 3]]"
12a_0964,"[[3, 1, 3, 2, 3, 3, 2, 1, 3, 3, 1, 2, 1, 2]]"
12a_0965,"[[3, 1, 1, 1, 1, 2, 1, 1, 3, 2, 3, 2, 1, 2]]"
12a_0970,"[[2, 2, 2, 1, 2, 2, 3, 2, 3, 1, 3, 1, 2, 2]]"
12a_0972,"[[3, 3, 1, 3, 2, 1, 2, 1, 3, 3, 3, 1, 2, 3]]"
12a_0973,"[[2, 1, 1, 3, 3, 1, 1, 2, 3, 1, 1, 1, 3, 1, 2, 3], [2, 2, 3, 2, 2, 2, 3, 1, 1, 1, 3, 1, 1, 1, 1, 2], [3, 2, 3, 1, 1, 2, 3, 2, 3, 1, 3, 1, 3, 1, 2, 1], [2, 3, 1, 1, 1, 3, 1, 1, 3, 2, 1, 2, 3, 2, 1, 1]]"
12a_0974,"[[2, 2, 2, 3, 2, 2, 2, 2, 2, 3, 1, 1, 3, 1, 1, 1, 2, 2]]"
12a_0975,"[[1, 3, 3, 2, 1, 2, 3, 3, 2, 3, 1, 3, 3, 1, 2, 1]]"
12a_0976,"[[1, 3, 1, 3, 2, 3, 1, 3, 1, 2, 3, 3, 2, 1, 2, 1]]"
12a_0979,"[[3, 2, 2, 3, 1, 3, 1, 1, 2, 1, 2, 2, 2, 3]]"
12a_0981,"[[3, 2, 2, 1, 1, 1, 3, 1, 1, 1, 2, 2]]"
12a_0982,"[[2, 2, 2, 3, 2, 2, 2, 1, 1, 3, 1, 1, 2, 2]]"
12a_0986,"[[2, 3, 2, 1, 2, 2, 1, 3, 1, 3, 3, 1, 2, 2]]"
12a_0987,"[[2, 3, 1, 1, 2, 2, 1, 1, 2, 3, 1, 2, 3, 2], [1, 1, 3, 1, 3, 2, 2, 3, 1, 2, 1, 1, 2, 1], [2, 3, 3, 1, 1, 3, 2, 3, 2, 1, 1, 2, 1, 2], [1, 3, 1, 2, 3, 2, 3, 1, 1, 1, 2, 1, 1, 1]]"
12a_0990,"[[1, 2, 3, 3, 2, 3, 1, 3, 1, 2, 1, 1, 2, 3], [3, 1, 1, 2, 1, 3, 2, 3, 2, 1, 3, 1, 1, 2], [3, 2, 3, 1, 2, 2, 2, 2, 2, 2, 3, 1, 2, 1], [1, 1, 3, 1, 1, 2, 3, 2, 3, 1, 1, 2, 1, 1]]"
12a_0999,"[[3, 2, 3, 3, 3, 1, 3, 3, 1, 2, 1, 2]]"
12a_1000,"[[2, 2, 1, 2, 2, 2, 3, 2, 3, 1, 3, 1, 2, 2]]"
12a_1001,"[[1, 3, 3, 2, 2, 3, 1, 1, 3, 1, 2, 2, 2, 2, 1, 2]]"
12a_1002,"[[1, 2, 3, 2, 2, 3, 1, 1, 3, 1, 1, 2]]"
12a_1010,"[[1, 3, 3, 1, 2, 3, 1, 1, 3, 3, 2, 3, 3, 3, 1, 2]]"
12a_1016,"[[3, 3, 1, 1, 2, 3, 3, 2, 1, 3, 3, 2, 1, 2]]"
12a_1018,"[[1, 3, 3, 1, 2, 3, 3, 3, 1, 2, 3, 3, 1, 2]]"
12a_1021,"[[1, 2, 3, 2, 3, 1, 1, 2, 2, 3, 1, 2, 2, 2]]"
12a_1022,"[[2, 2, 3, 1, 2, 1, 1, 1, 3, 1, 2, 3, 3, 1, 1, 2, 3, 2], [2, 3, 2, 2, 2, 3, 2, 3, 1, 2, 2, 1, 1, 3, 1, 1, 2, 2], [3, 1, 1, 2, 3, 3, 2, 3, 3, 2, 3, 3, 3, 3, 1, 2, 1, 3], [2, 3, 1, 3, 2, 1, 3, 1, 3, 3, 2, 3, 3, 1, 2, 1, 1, 2]]"
12a_1025,"[[3, 3, 3, 2, 2, 1, 3, 3, 3, 3, 1, 1, 2, 3]]"
12a_1026,"[[2, 2, 1, 1, 3, 2, 2, 2, 2, 3, 3, 1, 2, 2]]"
12a_1029,"[[3, 1, 3, 2, 1, 1, 3, 2, 1, 3, 2, 1, 2, 3]]"
12a_1036,"[[3, 1, 2, 2, 3, 1, 3, 3, 2, 3, 3, 1, 2, 3]]"
12a_1043,"[[2, 2, 3, 2, 2, 2, 1, 1, 3, 1, 2, 3, 1, 2]]"
12a_1044,"[[1, 3, 1, 1, 3, 3, 2, 2, 1, 3, 3, 2, 1, 2]]"
12a_1050,"[[1, 3, 2, 1, 2, 2, 3, 1, 3, 2, 3, 1, 1, 2]]"
12a_1057,"[[2, 3, 3, 1, 2, 1, 2, 2, 2, 3, 1, 3, 2, 1, 1, 2, 2, 2]]"
12a_1059,"[[3, 3, 3, 3, 1, 2, 3, 3, 3, 3, 3, 1, 2, 3]]"
12a_1060,"[[1, 2, 3, 2, 2, 3, 1, 1, 3, 1, 2, 2, 2, 1]]"
12a_1061,"[[2, 1, 2, 3, 1, 3, 3, 1, 2, 3, 3, 1, 2, 2]]"
12a_1062,"[[2, 2, 2, 3, 1, 2, 2, 2, 2, 2, 3, 1, 2, 2]]"
12a_1073,"[[1, 3, 2, 1, 3, 1, 3, 1, 1, 1, 2, 1, 3, 1, 2, 2]]"
12a_1076,"[[3, 1, 1, 3, 2, 2, 1, 3, 2, 2, 2, 1, 2, 2]]"
12a_1077,"[[3, 3, 1, 3, 3, 2, 1, 2, 3, 3, 2, 2, 1, 2]]"
12a_1079,"[[3, 2, 2, 1, 3, 1, 3, 2, 1, 1, 2, 2, 2, 3]]"
12a_1080,"[[2, 2, 1, 2, 2, 3, 1, 3, 3, 2, 3, 2, 1, 2]]"
12a_1087,"[[1, 3, 1, 1, 2, 3, 2, 3, 2, 1, 1, 3, 1, 2]]"
12a_1091,"[[3, 3, 1, 1, 2, 1, 2, 3, 3, 1, 3, 1, 2, 3]]"
12a_1092,"[[2, 1, 1, 2, 3, 1, 3, 3, 1, 2, 2, 3, 1, 1, 2, 3], [2, 2, 2, 1, 2, 2, 1, 3, 2, 2, 3, 2, 3, 1, 1, 2], [3, 2, 2, 2, 1, 2, 3, 2, 2, 3, 1, 1, 3, 1, 2, 1], [2, 3, 3, 1, 1, 3, 3, 2, 3, 2, 3, 1, 1, 2, 1, 1]]"
12a_1093,"[[2, 1, 3, 3, 3, 1, 3, 3, 3, 1, 2, 1, 2, 3], [2, 2, 1, 3, 2, 2, 1, 3, 2, 3, 3, 1, 1, 2], [3, 2, 3, 2, 1, 2, 3, 2, 1, 3, 1, 1, 2, 1], [2, 3, 3, 2, 1, 3, 3, 2, 1, 1, 3, 2, 1, 1]]"
12a_1094,"[[1, 3, 1, 2, 3, 3, 1, 1, 2, 3, 1, 3, 2, 1, 2, 1]]"
12a_1095,"[[1, 3, 2, 2, 2, 3, 1, 1, 2, 1, 1, 3, 1, 2]]"
12a_1100,"[[1, 2, 3, 2, 2, 3, 3, 1, 3, 1, 2, 2, 2, 1]]"
12a_1101,"[[1, 3, 3, 1, 2, 3, 2, 2, 2, 1, 3, 1, 2, 1]]"
12a_1103,"[[1, 3, 1, 3, 2, 3, 3, 1, 1, 3, 2, 2, 2, 1, 2, 2]]"
12a_1111,"[[3, 3, 1, 2, 1, 2, 3, 3, 3, 1, 3, 1, 2, 3]]"
12a_1115,"[[3, 1, 1, 3, 2, 1, 1, 1, 1, 3, 2, 1, 2, 3]]"
12a_1117,"[[2, 2, 3, 2, 2, 1, 3, 3, 3, 1, 3, 3, 3, 1, 2, 2]]"
12a_1120,"[[2, 3, 1, 2, 3, 1, 2, 3, 1, 2, 2, 2]]"
12a_1122,"[[3, 3, 1, 1, 2, 3, 2, 2, 1, 2, 2, 3, 1, 2]]"
12a_1123,"[[1, 2, 3, 3, 2, 2, 3, 1, 2, 3, 1, 1, 2, 1, 2, 3], [1, 3, 1, 2, 3, 3, 1, 1, 1, 3, 3, 2, 3, 1, 1, 2], [1, 1, 3, 1, 1, 1, 3, 1, 2, 2, 3, 2, 1, 1, 2, 1], [2, 3, 3, 1, 3, 3, 3, 2, 1, 2, 1, 3, 3, 2, 1, 1]]"
12a_1129,"[[1, 3, 1, 2, 2, 2, 3, 2, 1, 3, 1, 2, 2, 1]]"
12a_1133,"[[2, 3, 2, 2, 2, 3, 1, 3, 3, 1, 2, 1, 2, 2]]"
12a_1136,"[[3, 1, 2, 2, 3, 1, 2, 3, 3, 1, 2, 2, 2, 3]]"
12a_1137,"[[1, 3, 3, 3, 3, 1, 3, 3, 3, 3, 3, 2, 1, 2, 1, 2]]"
12a_1142,"[[1, 1, 1, 3, 2, 3, 1, 1, 1, 3, 2, 3, 2, 1, 2, 3], [3, 3, 1, 1, 1, 2, 3, 2, 1, 1, 3, 2, 1, 1, 1, 2], [3, 3, 1, 3, 2, 1, 3, 2, 1, 3, 1, 1, 2, 1, 2, 1], [1, 1, 2, 3, 1, 1, 1, 3, 2, 3, 3, 1, 1, 2, 1, 1]]"
12a_1144,"[[2, 2, 2, 2, 3, 2, 2, 2, 2, 1, 3, 1, 1, 1, 2, 2, 2, 2]]"
12a_1146,"[[1, 3, 1, 2, 3, 1, 1, 3, 3, 3, 1, 2, 1, 2]]"
12a_1147,"[[3, 3, 3, 1, 1, 2, 3, 3, 3, 1, 1, 1, 2, 3]]"
12a_1151,"[[1, 3, 2, 1, 2, 3, 3, 1, 1, 3, 1, 3, 2, 1, 2, 1]]"
12a_1154,"[[1, 3, 2, 3, 1, 2, 3, 1, 1, 1, 2, 3, 1, 3, 1, 2, 2, 1]]"
12a_1155,"[[2, 2, 1, 2, 2, 3, 2, 2, 3, 1, 2, 3, 2, 1, 1, 2]]"
12a_1157,"[[1, 3, 1, 2, 3, 2, 3, 1, 2, 3, 1, 2, 2, 1]]"
12a_1160,"[[3, 2, 1, 1, 3, 2, 1, 1, 1, 1, 2, 1, 1, 1, 1, 1, 2, 3]]"
12a_1161,"[[3, 2, 1, 3, 1, 2, 1, 3, 3, 1, 2, 3, 1, 2, 2, 3]]"
12a_1162,"[[3, 1, 1, 2, 2, 1, 2, 3, 1, 3, 2, 3, 1, 2]]"
12a_1164,"[[2, 2, 3, 1, 2, 2, 2, 2, 2, 2, 3, 1, 2, 2]]"
12a_1166,"[[1, 3, 3, 3, 1, 2, 2, 3, 1, 2, 3, 2, 1, 3, 1, 2]]"
12a_1170,"[[3, 1, 3, 1, 2, 1, 1, 2, 3, 2, 3, 1, 2, 3]]"
12a_1173,"[[3, 3, 2, 3, 2, 3, 2, 1, 3, 1, 2, 1, 3, 2, 1, 2, 2, 3]]"
12a_1177,"[[1, 3, 3, 1, 3, 2, 3, 3, 2, 1, 2, 2, 2, 1]]"
12a_1180,"[[1, 3, 3, 1, 2, 3, 2, 2, 3, 1, 2, 2, 2, 1]]"
12a_1181,"[[2, 1, 1, 1, 3, 1, 1, 3, 2, 1, 1, 2, 3, 3], [2, 2, 2, 1, 2, 2, 3, 2, 3, 1, 3, 1, 2, 2], [3, 2, 2, 1, 1, 2, 3, 1, 1, 1, 3, 2, 1, 1], [2, 3, 3, 2, 1, 3, 1, 1, 3, 2, 1, 1, 1, 1]]"
12a_1184,"[[1, 1, 3, 1, 2, 2, 3, 2, 3, 1, 2, 2, 2, 1]]"
12a_1187,"[[2, 1, 2, 3, 1, 3, 1, 2, 3, 3, 3, 1, 2, 2]]"
12a_1189,"[[2, 2, 1, 2, 2, 3, 2, 3, 1, 1, 3, 3, 2, 1, 1, 2]]"
12a_1190,"[[1, 3, 2, 2, 3, 3, 1, 1, 2, 3, 3, 3, 1, 2]]"
12a_1191,"[[3, 3, 2, 2, 1, 3, 3, 1, 3, 2, 1, 2]]"
12a_1196,"[[2, 3, 1, 3, 2, 1, 2, 1, 3, 3, 3, 1, 2, 2]]"
12a_1197,"[[1, 2, 3, 1, 2, 3, 3, 3, 3, 1, 3, 1, 2, 1]]"
12a_1200,"[[1, 3, 2, 3, 2, 2, 3, 1, 3, 1, 2, 1, 2, 1]]"
12a_1201,"[[3, 2, 1, 3, 1, 3, 1, 2, 1, 2, 3, 1, 2, 3]]"
12a_1207,"[[3, 1, 1, 3, 3, 2, 3, 1, 2, 1, 1, 1, 2, 3]]"
12a_1210,"[[3, 2, 2, 1, 1, 1, 3, 1, 1, 2, 2, 2]]"
12a_1212,"[[3, 2, 1, 1, 2, 2, 3, 1, 1, 3, 1, 2]]"
12a_1214,"[[3, 2, 1, 2, 1, 3, 2, 3, 1, 3, 1, 2]]"
12a_1215,"[[3, 3, 1, 3, 3, 3, 2, 3, 1, 2, 1, 2]]"
12a_1216,"[[1, 1, 1, 3, 2, 2, 3, 3, 1, 1, 2, 2, 2, 1]]"
12a_1217,"[[2, 2, 3, 3, 2, 2, 2, 1, 3, 3, 3, 1, 1, 2]]"
12a_1219,"[[1, 1, 3, 1, 3, 2, 3, 2, 1, 1, 1, 2]]"
12a_1221,"[[1, 3, 3, 1, 3, 3, 2, 3, 3, 2, 1, 2]]"
12a_1224,"[[1, 3, 2, 1, 2, 2, 3, 2, 3, 1, 3, 1, 2, 1]]"
12a_1225,"[[2, 1, 1, 3, 3, 1, 1, 2, 1, 3, 2, 3], [3, 3, 1, 1, 3, 2, 3, 1, 1, 2, 1, 2], [1, 3, 1, 3, 2, 2, 3, 2, 1, 1, 2, 1], [3, 1, 2, 3, 2, 3, 1, 1, 2, 1, 1, 1]]"
12a_1226,"[[1, 2, 1, 3, 1, 3, 2, 3, 2, 3, 1, 2]]"
12a_1237,"[[3, 1, 3, 1, 1, 2, 2, 1, 1, 2, 3, 1, 2, 3]]"
12a_1239,"[[2, 1, 3, 1, 2, 2, 1, 3, 2, 2, 3, 1, 2, 2]]"
12a_1247,"[[1, 3, 1, 3, 2, 3, 2, 2, 1, 2, 2, 2, 2, 1]]"
12a_1248,"[[3, 2, 2, 2, 1, 2, 3, 1, 3, 3, 1, 2]]"
12a_1252,"[[3, 2, 1, 1, 3, 1, 1, 1, 2, 1, 3, 1, 2, 3]]"
12a_1253,"[[1, 2, 3, 2, 2, 3, 1, 3, 1, 1, 2, 2]]"
12a_1255,"[[2, 1, 3, 2, 2, 3, 2, 1, 3, 1, 2, 2]]"
12a_1260,"[[3, 3, 1, 2, 3, 1, 2, 3, 3, 1, 2, 3], [3, 1, 1, 3, 2, 3, 1, 1, 2, 1, 1, 2], [2, 3, 1, 1, 1, 3, 2, 3, 1, 1, 2, 1], [2, 3, 2, 3, 1, 1, 1, 3, 1, 2, 1, 1]]"
12a_1261,"[[3, 3, 3, 1, 2, 2, 3, 3, 3, 1, 2, 2, 2, 3]]"
12a_1262,"[[2, 2, 3, 1, 3, 2, 2, 2, 3, 1, 2, 1, 2, 2]]"
12a_1265,"[[3, 1, 1, 3, 2, 2, 1, 3, 1, 2, 3, 2, 1, 2]]"
12a_1266,"[[2, 2, 3, 1, 1, 2, 2, 2, 3, 1, 1, 1, 2, 2]]"
12a_1270,"[[2, 2, 1, 2, 3, 1, 3, 3, 1, 2, 3, 1, 2, 2]]"
12a_1272,"[[1, 2, 3, 3, 3, 1, 2, 3, 3, 1, 3, 1, 2, 1]]"
12a_1276,"[[2, 2, 3, 1, 2, 2, 2, 3, 1, 2, 3, 1, 2, 2]]"
12a_1282,"[[2, 2, 3, 3, 2, 2, 3, 1, 3, 2, 1, 3, 1, 2, 2, 2]]"
12a_1283,"[[1, 1, 1, 2, 3, 1, 2, 3, 1, 1, 2, 3], [3, 2, 1, 1, 2, 3, 1, 1, 1, 3, 1, 2], [3, 2, 1, 2, 1, 3, 2, 3, 1, 3, 2, 1], [1, 3, 2, 1, 1, 1, 1, 3, 2, 1, 1, 1]]"
12a_1284,"[[2, 2, 2, 3, 1, 2, 2, 2, 2, 3, 1, 2, 2, 2]]"
12a_1285,"[[2, 2, 3, 1, 2, 2, 2, 2, 3, 1, 2, 2, 2, 2]]"
12a_1286,"[[2, 1, 1, 1, 3, 3, 1, 2, 3, 2, 1, 1, 2, 3], [1, 3, 2, 1, 2, 2, 3, 1, 2, 3, 1, 3, 1, 2], [2, 3, 2, 1, 1, 1, 3, 2, 1, 1, 1, 3, 2, 1], [1, 1, 3, 2, 1, 1, 1, 1, 1, 3, 2, 1, 1, 1]]"
12a_1288,"[[2, 1, 3, 1, 2, 3, 2, 1, 3, 1, 2, 3], [3, 1, 2, 3, 1, 2, 3, 1, 2, 3, 1, 2], [1, 1, 1, 3, 2, 1, 1, 1, 1, 3, 2, 1], [3, 2, 1, 1, 1, 1, 3, 2, 1, 1, 1, 1]]"
12n_0001,"[[3, 3, 1, 2, 3, 3, 1, 2, 3, 2, 1, 2]]"
12n_0004,"[[1, 3, 2, 2, 3, 1, 1, 3, 1, 2, 1, 2]]"
12n_0005,"[[1, 3, 3, 2, 3, 2, 1, 3, 1, 2, 3, 1, 1, 2]]"
12n_0006,"[[1, 3, 3, 2, 3, 1, 1, 3, 1, 2, 3, 3, 1, 2]]"
12n_0007,"[[1, 3, 1, 2, 3, 1, 1, 2, 3, 1, 1, 2]]"
12n_0010,"[[1, 3, 2, 2, 3, 1, 2, 1, 3, 1, 1, 2]]"
12n_0015,"[[1, 3, 2, 3, 3, 1, 3, 2, 3, 3, 1, 2]]"
12n_0016,"[[3, 1, 1, 2, 1, 2, 3, 2, 3, 3, 1, 2]]"
12n_0022,"[[3, 1, 3, 2, 1, 3, 2, 3, 2, 1, 2, 2]]"
12n_0023,"[[3, 1, 1, 2, 1, 3, 1, 3, 1, 3, 2, 2, 1, 2]]"
12n_0027,"[[3, 1, 1, 2, 1, 2, 3, 1, 2, 2, 3, 1, 2, 2]]"
12n_0028,"[[2, 3, 1, 3, 2, 2, 3, 1, 2, 2, 1, 2]]"
12n_0030,"[[1, 3, 3, 2, 3, 2, 1, 1, 3, 2, 3, 1, 1, 2]]"
12n_0031,"[[3, 1, 2, 2, 1, 3, 3, 2, 3, 3, 1, 2]]"
12n_0033,"[[1, 3, 1, 2, 3, 1, 2, 2, 3, 2, 1, 2]]"
12n_0034,"[[1, 3, 3, 2, 3, 1, 3, 3, 1, 2, 3, 3, 1, 2]]"
12n_0035,"[[1, 3, 3, 2, 3, 1, 1, 3, 3, 2, 1, 2]]"
12n_0039,"[[3, 1, 1, 2, 1, 2, 3, 1, 3, 3, 1, 2]]"
12n_0040,"[[3, 1, 1, 2, 1, 2, 2, 3, 2, 3, 1, 2]]"
12n_0043,"[[3, 1, 1, 2, 1, 1, 3, 2, 3, 2, 1, 2]]"
12n_0044,"[[1, 3, 3, 2, 3, 2, 3, 1, 3, 1, 2, 2]]"
12n_0049,"[[1, 3, 2, 1, 2, 3, 3, 3, 3, 1, 3, 1, 2, 1]]"
12n_0050,"[[2, 2, 2, 2, 2, 1, 3, 2, 2, 3, 1, 3, 1, 2, 2, 2]]"
12n_0051,"[[2, 2, 2, 2, 2, 1, 3, 2, 2, 2, 3, 1, 3, 1, 2, 2]]"
12n_0052,"[[2, 2, 2, 2, 2, 1, 2, 2, 3, 3, 1, 3, 1, 2]]"
12n_0053,"[[2, 2, 2, 2, 2, 1, 2, 3, 2, 2, 3, 2, 1, 2]]"
12n_0055,"[[3, 3, 1, 3, 3, 3, 3, 3, 3, 2, 1, 2]]"
12n_0056,"[[1, 3, 3, 2, 3, 3, 3, 3, 3, 3, 1, 2]]"
12n_0057,"[[2, 2, 2, 2, 2, 3, 2, 2, 2, 3, 1, 3, 1, 2]]"
12n_0058,"[[2, 2, 2, 2, 2, 1, 2, 2, 3, 1, 3, 3, 1, 2]]"
12n_0059,"[[3, 3, 1, 3, 3, 3, 3, 3, 3, 2, 1, 2]]"
12n_0060,"[[1, 3, 3, 2, 3, 3, 3, 3, 3, 3, 1, 2]]"
12n_0061,"[[2, 2, 2, 2, 2, 3, 2, 2, 2, 3, 1, 3, 1, 2]]"
12n_0062,"[[2, 2, 2, 2, 2, 2, 3, 2, 2, 1, 3, 1, 2, 2]]"
12n_0063,"[[3, 1, 1, 2, 3, 1, 1, 1, 1, 1, 1, 2]]"
12n_0064,"[[2, 2, 2, 2, 2, 3, 1, 2, 2, 2, 2, 3, 1, 2]]"
12n_0066,"[[3, 3, 1, 2, 3, 3, 3, 3, 3, 3, 1, 2]]"
12n_0067,"[[3, 1, 1, 2, 3, 1, 1, 1, 1, 1, 1, 2]]"
12n_0083,"[[3, 1, 3, 1, 3, 2, 2, 1, 1, 2, 2, 3, 1, 2]]"
12n_0084,"[[1, 2, 3, 2, 1, 3, 3, 3, 1, 3, 3, 1, 2, 1]]"
12n_0098,"[[3, 3, 1, 3, 3, 1, 2, 3, 3, 2, 1, 2]]"
12n_0099,"[[3, 3, 1, 3, 3, 3, 1, 2, 3, 2, 1, 2]]"
12n_0100,"[[2, 2, 2, 2, 2, 3, 2, 2, 3, 1, 3, 3, 1, 2, 2, 2]]"
12n_0101,"[[2, 2, 2, 2, 2, 2, 1, 2, 2, 3, 3, 1, 3, 1, 2, 2]]"
12n_0102,"[[2, 2, 2, 1, 3, 1, 3, 3, 2, 2, 1, 2, 2, 2, 2, 2]]"
12n_0106,"[[2, 1, 3, 1, 3, 2, 3, 1, 3, 2, 2, 1, 2, 2]]"
12n_0107,"[[3, 2, 2, 1, 3, 2, 1, 2, 1, 3, 1, 2, 2, 3]]"
12n_0108,"[[1, 3, 1, 1, 3, 3, 2, 2, 1, 2, 2, 3, 1, 2]]"
12n_0109,"[[3, 3, 1, 3, 3, 3, 2, 1, 3, 1, 2, 2, 1, 2]]"
12n_0110,"[[3, 3, 1, 2, 3, 3, 2, 2, 3, 3, 1, 2, 1, 2]]"
12n_0125,"[[3, 1, 2, 1, 3, 3, 2, 2, 3, 3, 1, 2]]"
12n_0126,"[[3, 1, 2, 2, 1, 3, 3, 2, 3, 3, 1, 2]]"
12n_0139,"[[2, 2, 2, 3, 3, 2, 2, 3, 2, 1, 3, 1, 2, 2]]"
12n_0140,"[[2, 2, 2, 3, 2, 2, 1, 3, 1, 3, 3, 1, 2, 2]]"
12n_0141,"[[2, 2, 2, 3, 3, 2, 2, 3, 2, 1, 3, 1, 2, 2]]"
12n_0144,"[[3, 1, 2, 1, 2, 3, 2, 3, 1, 3, 1, 2]]"
12n_0147,"[[1, 3, 1, 2, 2, 2, 3, 2, 3, 1, 3, 1, 2, 1]]"
12n_0150,"[[3, 3, 1, 2, 3, 3, 2, 1, 3, 3, 1, 2]]"
12n_0151,"[[3, 3, 1, 2, 3, 3, 3, 2, 1, 3, 1, 2]]"
12n_0152,"[[3, 3, 1, 2, 3, 3, 2, 1, 3, 3, 1, 2]]"
12n_0156,"[[1, 3, 1, 2, 2, 3, 3, 3, 3, 2, 1, 2]]"
12n_0157,"[[1, 3, 1, 2, 3, 3, 3, 3, 2, 1, 2, 2]]"
12n_0158,"[[2, 2, 2, 3, 2, 2, 2, 1, 1, 1, 3, 1, 2, 2]]"
12n_0169,"[[3, 3, 1, 2, 2, 3, 3, 3, 2, 2, 1, 3, 1, 2]]"
12n_0170,"[[3, 3, 1, 2, 2, 3, 3, 2, 2, 1, 3, 3, 1, 2]]"
12n_0171,"[[3, 3, 1, 2, 2, 3, 3, 3, 2, 2, 1, 3, 1, 2]]"
12n_0173,"[[2, 2, 2, 3, 2, 2, 2, 2, 1, 3, 1, 1, 2, 2]]"
12n_0174,"[[2, 2, 2, 3, 2, 2, 2, 3, 1, 1, 3, 1, 2, 2]]"
12n_0175,"[[2, 2, 2, 2, 1, 2, 2, 3, 1, 3, 3, 1, 2, 2]]"
12n_0176,"[[2, 2, 2, 2, 3, 2, 2, 1, 1, 3, 1, 1, 2, 2]]"
12n_0198,"[[1, 3, 2, 2, 2, 3, 1, 2, 2, 3, 1, 2]]"
12n_0200,"[[3, 3, 2, 1, 2, 3, 2, 1, 2, 3, 3, 2, 1, 2]]"
12n_0201,"[[3, 1, 2, 3, 3, 2, 2, 1, 2, 2, 3, 3, 1, 2]]"
12n_0202,"[[3, 3, 1, 2, 3, 3, 3, 2, 1, 3, 3, 3, 1, 2]]"
12n_0203,"[[3, 3, 1, 2, 3, 3, 3, 3, 2, 1, 3, 3, 1, 2]]"
12n_0204,"[[2, 2, 2, 2, 3, 2, 2, 3, 1, 3, 3, 1, 2, 2]]"
12n_0211,"[[3, 1, 2, 2, 1, 3, 2, 2, 2, 1, 2, 2, 2, 2]]"
12n_0219,"[[1, 3, 3, 2, 2, 3, 3, 1, 1, 2, 1, 1, 1, 2]]"
12n_0220,"[[2, 2, 3, 3, 1, 2, 2, 2, 3, 3, 1, 2]]"
12n_0221,"[[2, 2, 1, 1, 3, 2, 2, 2, 3, 1, 1, 2]]"
12n_0222,"[[3, 3, 1, 1, 1, 2, 3, 3, 2, 3, 2, 1, 1, 2]]"
12n_0223,"[[3, 3, 1, 1, 3, 3, 2, 2, 1, 2, 2, 2, 1, 2]]"
12n_0224,"[[2, 2, 1, 1, 3, 2, 2, 2, 3, 1, 1, 2]]"
12n_0225,"[[3, 3, 1, 1, 2, 2, 1, 3, 3, 2, 2, 2, 1, 2]]"
12n_0229,"[[2, 2, 3, 3, 1, 2, 2, 2, 3, 3, 1, 2]]"
12n_0245,"[[1, 3, 1, 1, 1, 3, 3, 2, 1, 1, 2, 1, 1, 2]]"
12n_0246,"[[3, 3, 1, 1, 2, 3, 2, 1, 1, 1, 2, 1, 1, 2]]"
12n_0247,"[[2, 2, 2, 1, 3, 2, 2, 1, 3, 1, 3, 3, 1, 2, 2, 2]]"
12n_0258,"[[2, 2, 2, 2, 1, 3, 1, 2, 2, 3, 1, 1, 2, 2]]"
12n_0260,"[[3, 3, 3, 1, 2, 3, 3, 1, 1, 3, 3, 3, 2, 3, 1, 2]]"
12n_0261,"[[2, 2, 3, 3, 1, 2, 2, 2, 3, 3, 1, 2]]"
12n_0265,"[[3, 1, 2, 2, 2, 1, 2, 3, 2, 2, 1, 3, 1, 2]]"
12n_0266,"[[3, 3, 1, 2, 3, 3, 3, 3, 2, 1, 3, 3, 1, 2]]"
12n_0267,"[[3, 3, 1, 2, 3, 3, 3, 2, 1, 3, 3, 3, 1, 2]]"
12n_0268,"[[2, 1, 1, 3, 1, 1, 3, 2, 1, 1, 3, 2, 1, 2, 3, 2], [1, 3, 3, 2, 3, 1, 1, 1, 3, 2, 3, 3, 1, 1, 2, 1], [2, 3, 3, 1, 3, 1, 3, 2, 3, 2, 2, 1, 1, 2, 1, 2], [1, 1, 1, 1, 1, 2, 3, 1, 1, 3, 2, 3, 2, 1, 1, 1]]"
12n_0269,"[[3, 3, 3, 3, 3, 1, 3, 3, 1, 2, 1, 1, 2, 3], [3, 1, 1, 2, 1, 1, 3, 1, 3, 2, 2, 1, 1, 2], [2, 3, 3, 1, 3, 1, 2, 3, 3, 3, 2, 1, 2, 1], [2, 3, 3, 1, 3, 2, 2, 3, 1, 2, 3, 2, 1, 1]]"
12n_0270,"[[3, 3, 3, 3, 3, 1, 2, 1, 3, 3, 2, 1, 2, 3], [3, 1, 1, 2, 1, 3, 1, 1, 3, 1, 2, 1, 1, 2], [2, 3, 3, 1, 3, 3, 2, 1, 2, 3, 3, 1, 2, 1], [2, 3, 3, 1, 3, 1, 1, 2, 2, 3, 2, 2, 1, 1]]"
12n_0280,"[[2, 2, 1, 2, 2, 2, 3, 1, 3, 3, 1, 2]]"
12n_0282,"[[2, 2, 3, 2, 2, 2, 3, 3, 1, 3, 1, 2]]"
12n_0283,"[[2, 2, 1, 2, 2, 2, 3, 1, 3, 3, 1, 2]]"
12n_0284,"[[3, 1, 2, 1, 2, 2, 3, 3, 1, 2, 3, 1, 2, 3]]"
12n_0285,"[[2, 2, 3, 2, 2, 2, 1, 1, 3, 1, 1, 2]]"
12n_0286,"[[2, 2, 3, 2, 2, 2, 1, 1, 3, 1, 1, 2]]"
12n_0287,"[[2, 2, 3, 2, 2, 2, 1, 1, 3, 1, 1, 2]]"
12n_0290,"[[2, 3, 1, 2, 2, 3, 1, 2, 3, 1, 2, 1, 2, 2]]"
12n_0291,"[[1, 1, 3, 1, 1, 2, 3, 2, 1, 3, 2, 1, 2, 1]]"
12n_0294,"[[1, 3, 3, 1, 2, 3, 2, 1, 2, 3, 1, 2]]"
12n_0302,"[[2, 2, 2, 1, 2, 2, 3, 1, 3, 1, 3, 3, 1, 2]]"
12n_0308,"[[3, 1, 1, 2, 1, 2, 3, 3, 2, 3, 3, 3, 1, 2]]"
12n_0310,"[[3, 1, 1, 2, 1, 2, 3, 3, 3, 2, 3, 3, 1, 2]]"
12n_0311,"[[2, 2, 1, 2, 2, 2, 3, 1, 3, 3, 1, 1, 2, 2]]"
12n_0329,"[[1, 2, 3, 3, 2, 2, 3, 3, 2, 1, 2, 2, 2, 1]]"
12n_0330,"[[2, 1, 2, 1, 3, 3, 3, 2, 2, 3, 3, 1, 2, 2]]"
12n_0331,"[[2, 2, 2, 2, 2, 3, 2, 2, 1, 1, 3, 1, 1, 2]]"
12n_0332,"[[3, 3, 3, 3, 3, 1, 2, 1, 3, 3, 2, 1, 2, 3], [3, 1, 2, 1, 1, 3, 1, 1, 3, 1, 2, 1, 1, 2], [2, 3, 1, 3, 3, 3, 2, 1, 2, 3, 3, 1, 2, 1], [2, 3, 1, 3, 3, 1, 1, 2, 2, 3, 2, 2, 1, 1]]"
12n_0333,"[[1, 2, 2, 3, 2, 2, 3, 1, 3, 2, 1, 1, 2, 3], [2, 2, 2, 2, 2, 1, 2, 2, 3, 3, 1, 3, 1, 2], [2, 3, 3, 1, 3, 2, 1, 2, 2, 1, 1, 3, 2, 1], [3, 2, 2, 1, 2, 1, 1, 3, 2, 3, 2, 1, 1, 1]]"
12n_0334,"[[1, 2, 3, 2, 2, 3, 1, 2, 1, 3, 3, 1, 2, 3], [3, 1, 2, 1, 3, 2, 3, 2, 1, 1, 3, 1, 1, 2], [3, 2, 1, 2, 1, 1, 3, 3, 1, 3, 2, 1, 2, 1], [1, 1, 1, 1, 3, 1, 1, 2, 2, 3, 2, 2, 1, 1]]"
12n_0357,"[[1, 3, 1, 1, 3, 1, 3, 3, 2, 2, 1, 2, 2, 2]]"
12n_0359,"[[1, 3, 3, 2, 1, 2, 3, 3, 3, 1, 2, 3, 3, 1, 2, 1]]"
12n_0363,"[[3, 1, 1, 3, 1, 1, 2, 1, 2, 3, 1, 2]]"
12n_0364,"[[1, 3, 2, 2, 3, 1, 3, 1, 2, 2, 2, 2, 2, 2]]"
12n_0365,"[[1, 3, 2, 2, 2, 3, 1, 3, 1, 2, 2, 2, 2, 2]]"
12n_0368,"[[1, 2, 3, 2, 2, 3, 1, 3, 1, 2, 3, 1, 2, 1]]"
12n_0369,"[[1, 3, 2, 3, 1, 1, 3, 2, 1, 3, 2, 1, 2, 1]]"
12n_0375,"[[2, 2, 2, 3, 2, 2, 1, 1, 1, 3, 1, 1, 2, 2]]"
12n_0377,"[[3, 2, 2, 3, 1, 2, 3, 1, 1, 1, 2, 2, 2, 3]]"
12n_0379,"[[3, 2, 1, 3, 2, 2, 1, 3, 1, 2, 3, 2, 3, 3], [1, 1, 3, 3, 2, 3, 1, 2, 3, 1, 2, 1, 2, 1], [3, 2, 3, 2, 3, 1, 1, 1, 3, 2, 1, 2, 1, 3], [3, 1, 1, 2, 2, 3, 2, 1, 1, 1, 1, 1, 1, 3]]"
12n_0380,"[[3, 2, 1, 2, 1, 1, 3, 1, 1, 2, 3, 2, 3, 3], [3, 1, 3, 1, 2, 1, 1, 1, 3, 1, 2, 1, 2, 3], [2, 2, 3, 2, 2, 1, 3, 1, 3, 2, 1, 2, 1, 2], [2, 1, 1, 1, 3, 2, 3, 2, 1, 1, 1, 1, 1, 2]]"
12n_0383,"[[2, 2, 1, 2, 2, 3, 1, 3, 3, 1, 2, 2]]"
12n_0386,"[[2, 1, 2, 1, 1, 3, 1, 3, 2, 1, 3, 2, 3, 2], [3, 1, 1, 3, 2, 1, 1, 2, 1, 3, 2, 1, 2, 3], [1, 1, 2, 3, 2, 3, 1, 1, 2, 3, 1, 2, 1, 1], [3, 2, 1, 1, 3, 3, 2, 1, 1, 1, 1, 1, 1, 3]]"
12n_0387,"[[1, 2, 3, 1, 2, 3, 2, 1, 3, 1, 2, 3], [3, 2, 1, 3, 1, 1, 2, 3, 1, 1, 1, 2], [3, 3, 3, 3, 2, 3, 3, 3, 3, 1, 2, 1], [1, 2, 3, 1, 1, 3, 2, 1, 3, 2, 1, 1]]"
12n_0388,"[[1, 1, 1, 1, 2, 3, 1, 1, 1, 1, 2, 3], [3, 2, 1, 3, 1, 1, 1, 2, 3, 1, 1, 2], [3, 2, 1, 3, 2, 3, 1, 2, 3, 1, 2, 1], [1, 3, 2, 1, 1, 3, 2, 3, 1, 2, 1, 1]]"
12n_0389,"[[1, 2, 3, 1, 2, 3, 2, 1, 3, 1, 2, 3], [3, 2, 1, 3, 1, 1, 2, 3, 1, 1, 1, 2], [3, 3, 3, 3, 2, 3, 3, 3, 3, 1, 2, 1], [1, 2, 3, 1, 1, 3, 2, 1, 3, 2, 1, 1]]"
12n_0392,"[[2, 2, 1, 2, 2, 3, 1, 1, 3, 2, 2, 3, 1, 2]]"
12n_0398,"[[1, 3, 1, 2, 3, 3, 1, 2, 3, 3, 1, 2]]"
12n_0399,"[[1, 3, 3, 1, 2, 3, 3, 1, 2, 3, 1, 2]]"
12n_0401,"[[3, 1, 1, 3, 2, 1, 2, 3, 2, 1, 1, 2]]"
12n_0402,"[[2, 3, 1, 1, 3, 2, 3, 1, 2, 1, 1, 2, 3, 2], [3, 1, 2, 3, 3, 2, 1, 2, 3, 2, 1, 1, 2, 3], [1, 3, 2, 3, 2, 3, 3, 2, 1, 2, 1, 2, 1, 1], [3, 3, 3, 1, 2, 2, 3, 3, 3, 3, 2, 1, 1, 3]]"
12n_0403,"[[1, 3, 2, 3, 2, 2, 1, 3, 2, 1, 1, 2, 3, 1], [1, 1, 1, 2, 3, 2, 2, 1, 1, 1, 3, 1, 2, 1], [1, 3, 2, 1, 1, 3, 2, 3, 2, 1, 3, 2, 1, 1], [2, 3, 1, 1, 3, 2, 3, 3, 1, 2, 1, 1, 1, 2]]"
12n_0404,"[[2, 2, 1, 3, 1, 2, 2, 2, 3, 1, 1, 2, 2, 2]]"
12n_0409,"[[3, 1, 3, 2, 1, 1, 2, 1, 1, 3, 1, 1, 2, 3]]"
12n_0410,"[[3, 1, 3, 1, 1, 3, 3, 2, 3, 1, 2, 3, 1, 2]]"
12n_0412,"[[1, 2, 2, 1, 3, 2, 3, 2, 3, 1, 3, 1, 2, 1]]"
12n_0413,"[[1, 2, 3, 2, 1, 3, 1, 3, 2, 3, 3, 1, 2, 1]]"
12n_0419,"[[1, 3, 3, 2, 2, 3, 3, 1, 2, 3, 2, 1, 2, 1]]"
12n_0420,"[[1, 1, 1, 1, 2, 3, 1, 3, 2, 1, 2, 3], [3, 3, 2, 3, 1, 3, 1, 1, 2, 1, 1, 2], [3, 3, 2, 3, 2, 2, 1, 3, 3, 1, 2, 1], [1, 1, 3, 1, 1, 2, 2, 3, 2, 2, 1, 1]]"
12n_0421,"[[3, 1, 2, 2, 1, 2, 2, 2, 2, 2, 2, 3, 1, 2]]"
12n_0422,"[[3, 1, 2, 2, 2, 1, 2, 2, 2, 2, 2, 3, 1, 2]]"
12n_0423,"[[3, 1, 2, 2, 1, 2, 2, 2, 2, 2, 2, 3, 1, 2]]"
12n_0425,"[[2, 3, 2, 2, 3, 3, 1, 1, 3, 1, 1, 2, 2, 2]]"
12n_0426,"[[1, 1, 3, 3, 2, 3, 3, 2, 2, 1, 1, 1, 2, 1]]"
12n_0435,"[[1, 3, 2, 1, 2, 3, 2, 3, 1, 3, 1, 2]]"
12n_0438,"[[2, 3, 1, 1, 1, 3, 1, 1, 2, 2, 3, 1, 2, 2]]"
12n_0439,"[[2, 3, 2, 2, 3, 1, 1, 3, 3, 1, 1, 2, 2, 2]]"
12n_0440,"[[2, 1, 2, 3, 3, 3, 1, 2, 1, 3, 1, 2, 3, 2], [3, 3, 1, 3, 1, 3, 2, 1, 1, 2, 3, 1, 2, 3], [1, 3, 2, 2, 3, 2, 2, 2, 1, 1, 3, 2, 1, 1], [3, 1, 1, 2, 3, 2, 3, 1, 2, 1, 1, 1, 1, 3]]"
12n_0441,"[[1, 1, 3, 3, 1, 2, 3, 3, 1, 1, 3, 1, 2, 1]]"
12n_0442,"[[2, 2, 3, 2, 2, 2, 1, 1, 1, 1, 3, 1, 1, 2]]"
12n_0443,"[[2, 3, 2, 2, 3, 1, 1, 3, 3, 1, 1, 2, 2, 2]]"
12n_0444,"[[2, 2, 3, 2, 2, 2, 1, 3, 1, 1, 2, 2]]"
12n_0445,"[[2, 2, 3, 2, 2, 2, 1, 1, 1, 1, 3, 1, 1, 2]]"
12n_0458,"[[2, 2, 3, 2, 2, 2, 1, 1, 3, 1, 2, 2]]"
12n_0459,"[[2, 2, 1, 2, 2, 3, 3, 1, 3, 1, 2, 2]]"
12n_0460,"[[3, 3, 1, 1, 3, 3, 1, 2, 2, 1, 2, 3], [3, 1, 3, 1, 2, 1, 2, 2, 3, 1, 1, 2], [2, 3, 3, 1, 1, 3, 2, 3, 1, 1, 2, 1], [2, 3, 1, 2, 1, 3, 3, 2, 3, 2, 1, 1]]"
12n_0464,"[[2, 3, 1, 1, 3, 3, 1, 2, 2, 3, 3, 1, 2, 2]]"
12n_0480,"[[3, 3, 1, 3, 3, 2, 1, 3, 2, 1, 2, 3], [3, 1, 1, 2, 1, 1, 3, 2, 3, 1, 1, 2], [2, 3, 1, 1, 3, 2, 3, 1, 1, 1, 2, 1], [2, 3, 2, 1, 3, 1, 1, 1, 3, 2, 1, 1]]"
12n_0483,"[[3, 3, 1, 1, 3, 1, 2, 1, 1, 2, 3, 1, 2, 3]]"
12n_0484,"[[3, 2, 2, 3, 1, 3, 1, 2, 1, 2, 2, 2, 2, 3]]"
12n_0491,"[[1, 3, 3, 1, 3, 2, 3, 2, 1, 3, 2, 1, 2, 2]]"
12n_0493,"[[1, 3, 2, 3, 1, 1, 3, 2, 2, 2, 1, 2, 2, 1]]"
12n_0494,"[[1, 2, 3, 1, 3, 1, 3, 2, 1, 3, 2, 3], [1, 3, 2, 3, 3, 3, 2, 3, 1, 2, 1, 2], [1, 1, 1, 3, 2, 3, 1, 1, 1, 1, 2, 1], [2, 3, 1, 1, 2, 1, 1, 3, 2, 1, 1, 1]]"
12n_0495,"[[1, 1, 1, 1, 2, 3, 1, 1, 1, 3, 1, 1, 2, 3], [3, 1, 2, 3, 1, 2, 3, 2, 1, 1, 1, 3, 1, 2], [3, 1, 2, 3, 2, 1, 3, 2, 1, 3, 1, 3, 2, 1], [1, 2, 3, 1, 1, 1, 1, 3, 2, 3, 2, 1, 1, 1]]"
12n_0496,"[[1, 2, 3, 1, 3, 1, 3, 2, 1, 3, 2, 3], [1, 3, 2, 3, 3, 3, 2, 3, 1, 2, 1, 2], [1, 1, 1, 3, 2, 3, 1, 1, 1, 1, 2, 1], [2, 3, 1, 1, 2, 1, 1, 3, 2, 1, 1, 1]]"
12n_0497,"[[2, 3, 2, 2, 1, 1, 3, 1, 1, 3, 2, 1, 2, 2]]"
12n_0499,"[[1, 3, 3, 2, 3, 1, 3, 2, 2, 1, 2, 2]]"
12n_0500,"[[2, 3, 1, 2, 2, 3, 1, 3, 1, 2, 3, 1, 2, 2]]"
12n_0502,"[[3, 1, 2, 3, 3, 2, 1, 2, 1, 3, 1, 2, 2, 3]]"
12n_0505,"[[3, 3, 2, 3, 3, 3, 1, 1, 2, 1, 2, 3], [1, 3, 1, 1, 2, 3, 3, 2, 3, 1, 1, 2], [3, 2, 2, 3, 1, 2, 3, 2, 1, 1, 2, 1], [3, 2, 1, 3, 1, 2, 1, 3, 3, 2, 1, 1]]"
12n_0507,"[[3, 1, 3, 2, 1, 1, 1, 1, 3, 2, 1, 2]]"
12n_0508,"[[2, 3, 3, 1, 3, 1, 2, 1, 2, 3, 1, 2, 3, 2], [1, 1, 3, 3, 2, 3, 3, 1, 1, 1, 1, 1, 2, 1], [2, 3, 2, 3, 1, 3, 1, 1, 2, 3, 1, 2, 1, 2], [1, 3, 2, 1, 1, 1, 3, 2, 1, 3, 2, 1, 1, 1]]"
12n_0518,"[[1, 2, 1, 2, 3, 1, 2, 3, 1, 3, 1, 2, 3, 1], [1, 3, 1, 3, 2, 3, 1, 2, 1, 2, 3, 1, 2, 1], [1, 1, 1, 1, 1, 3, 2, 1, 1, 1, 3, 2, 1, 1], [2, 3, 2, 3, 1, 1, 1, 1, 2, 1, 1, 1, 1, 2]]"
12n_0525,"[[1, 3, 1, 2, 3, 3, 3, 2, 1, 2, 3, 3, 3, 1, 2, 1]]"
12n_0527,"[[2, 2, 3, 2, 2, 3, 3, 3, 1, 3, 3, 3, 1, 2]]"
12n_0533,"[[2, 2, 2, 1, 2, 2, 3, 2, 3, 1, 3, 1, 2, 2]]"
12n_0535,"[[2, 2, 1, 3, 2, 2, 3, 2, 3, 1, 3, 3, 1, 2]]"
12n_0536,"[[1, 3, 1, 1, 3, 2, 3, 3, 1, 2, 1, 1, 2, 1]]"
12n_0543,"[[2, 1, 2, 2, 3, 1, 3, 1, 2, 2, 3, 1, 2, 2]]"
12n_0546,"[[1, 1, 1, 2, 3, 2, 3, 1, 1, 1, 1, 2, 3, 1], [1, 2, 3, 1, 1, 3, 3, 2, 3, 1, 3, 1, 2, 1], [1, 2, 3, 2, 3, 1, 2, 2, 3, 1, 3, 2, 1, 1], [2, 3, 1, 1, 3, 3, 2, 3, 1, 2, 1, 1, 1, 2]]"
12n_0547,"[[2, 2, 2, 3, 2, 2, 1, 3, 1, 3, 1, 1, 2, 2]]"
12n_0549,"[[3, 1, 3, 1, 3, 2, 2, 1, 2, 3, 1, 2, 3, 3], [1, 3, 2, 3, 3, 2, 3, 1, 1, 2, 3, 1, 2, 1], [3, 3, 1, 3, 2, 3, 1, 1, 2, 1, 3, 2, 1, 3], [3, 1, 1, 1, 2, 2, 3, 2, 1, 1, 1, 1, 1, 3]]"
12n_0550,"[[3, 1, 2, 3, 1, 2, 2, 3, 3, 1, 2, 2, 2, 2]]"
12n_0551,"[[1, 3, 2, 1, 2, 2, 3, 1, 2, 1, 2, 3, 1, 2]]"
12n_0552,"[[2, 2, 1, 3, 3, 1, 2, 2, 3, 2, 1, 2]]"
12n_0553,"[[2, 1, 3, 3, 3, 3, 2, 1, 3, 1, 2, 2, 3, 1]]"
12n_0554,"[[3, 3, 2, 3, 2, 1, 2, 3, 3, 1, 3, 1, 2, 3, 2, 3, 1, 3]]"
12n_0555,"[[2, 2, 3, 3, 1, 1, 2, 1, 1, 3, 2, 1, 1, 2, 3, 1]]"
12n_0556,"[[1, 3, 2, 3, 2, 1, 1, 1, 3, 1, 2, 2, 3, 1]]"
12n_0564,"[[3, 1, 2, 3, 1, 2, 2, 3, 3, 1, 2, 2, 2, 2]]"
12n_0565,"[[1, 3, 2, 3, 1, 2, 2, 3, 2, 1, 1, 2, 3, 1], [1, 1, 1, 2, 2, 3, 2, 1, 1, 1, 3, 1, 2, 1], [1, 3, 2, 1, 2, 1, 3, 3, 2, 1, 3, 2, 1, 1], [2, 3, 1, 1, 3, 3, 2, 3, 1, 2, 1, 1, 1, 2]]"
12n_0566,"[[2, 2, 1, 2, 2, 2, 3, 3, 1, 3, 3, 1, 2, 2]]"
12n_0567,"[[3, 1, 2, 1, 1, 2, 2, 3, 3, 1, 1, 2, 3, 3], [1, 3, 1, 3, 2, 2, 3, 3, 2, 1, 3, 1, 2, 1], [3, 3, 2, 3, 2, 3, 1, 2, 1, 1, 3, 2, 1, 3], [3, 1, 1, 1, 3, 2, 3, 2, 1, 2, 1, 1, 1, 3]]"
12n_0570,"[[2, 1, 1, 1, 1, 3, 1, 1, 1, 1, 2, 3], [2, 2, 1, 3, 2, 2, 3, 2, 1, 3, 1, 2], [3, 2, 1, 3, 2, 1, 3, 2, 1, 3, 2, 1], [2, 3, 2, 1, 3, 1, 1, 3, 2, 1, 1, 1]]"
12n_0571,"[[1, 2, 3, 1, 2, 3, 1, 2, 3, 1, 2, 3], [3, 2, 1, 3, 1, 1, 3, 2, 1, 1, 1, 2], [3, 3, 3, 3, 2, 3, 3, 3, 3, 1, 2, 1], [1, 2, 3, 1, 1, 3, 1, 2, 3, 2, 1, 1]]"
12n_0572,"[[3, 2, 2, 2, 1, 1, 3, 1, 2, 2, 2, 2, 2, 3]]"
12n_0573,"[[1, 1, 2, 2, 2, 3, 1, 3, 1, 2, 2, 2, 2, 1]]"
12n_0574,"[[1, 3, 2, 1, 2, 3, 2, 1, 3, 1, 2, 3], [3, 1, 2, 3, 1, 1, 2, 3, 1, 1, 1, 2], [3, 3, 3, 3, 2, 3, 3, 3, 3, 1, 2, 1], [1, 3, 2, 1, 1, 3, 2, 1, 3, 2, 1, 1]]"
12n_0575,"[[2, 3, 1, 2, 2, 2, 2, 2, 3, 1, 2, 2, 2, 2]]"
12n_0576,"[[2, 2, 3, 1, 2, 2, 2, 2, 3, 1, 2, 2, 2, 2]]"
12n_0577,"[[2, 2, 2, 3, 2, 2, 1, 1, 1, 3, 1, 1, 2, 2]]"
12n_0578,"[[1, 3, 1, 3, 2, 2, 2, 2, 2, 1, 2, 2, 2, 1]]"
12n_0579,"[[2, 2, 3, 1, 3, 3, 2, 2, 1, 3, 1, 2]]"
12n_0581,"[[1, 2, 2, 1, 2, 3, 2, 1, 3, 2, 3, 1, 2, 3], [3, 2, 2, 3, 1, 1, 2, 3, 1, 2, 1, 1, 1, 2], [3, 3, 3, 3, 2, 3, 3, 3, 3, 3, 3, 1, 2, 1], [1, 2, 2, 1, 1, 3, 2, 1, 3, 2, 3, 2, 1, 1]]"
12n_0582,"[[2, 1, 1, 1, 3, 1, 2, 3, 2, 1, 1, 1, 2, 3], [1, 3, 3, 2, 2, 3, 1, 3, 2, 2, 1, 3, 1, 2], [2, 3, 3, 2, 1, 3, 2, 2, 3, 2, 1, 3, 2, 1], [1, 1, 1, 3, 1, 1, 1, 2, 2, 3, 2, 1, 1, 1]]"
12n_0583,"[[3, 3, 3, 2, 3, 3, 3, 3, 1, 3, 1, 2, 3, 3], [1, 3, 2, 3, 3, 2, 3, 1, 1, 2, 3, 1, 2, 2], [3, 2, 1, 1, 2, 1, 2, 3, 1, 1, 3, 2, 1, 1], [3, 2, 1, 3, 2, 1, 2, 3, 2, 1, 1, 1, 1, 1]]"
12n_0587,"[[3, 2, 1, 2, 2, 2, 1, 1, 3, 2, 2, 2, 1, 2]]"
12n_0597,"[[1, 3, 1, 3, 3, 2, 2, 1, 1, 2, 3, 1, 2, 1]]"
12n_0598,"[[3, 3, 3, 3, 1, 3, 3, 3, 1, 2, 2, 1, 2, 3], [1, 3, 1, 3, 3, 1, 2, 1, 2, 2, 3, 1, 1, 2], [3, 2, 3, 2, 3, 3, 1, 3, 2, 3, 1, 1, 2, 1], [3, 2, 3, 2, 1, 3, 1, 3, 3, 2, 3, 2, 1, 1]]"
12n_0600,"[[1, 2, 1, 3, 2, 3, 3, 2, 1, 3, 3, 1, 2, 3], [2, 2, 3, 1, 1, 2, 2, 2, 3, 1, 1, 1, 1, 2], [2, 3, 3, 3, 2, 1, 1, 3, 3, 3, 3, 1, 2, 1], [3, 2, 1, 3, 1, 1, 1, 2, 1, 3, 3, 2, 1, 1]]"
12n_0601,"[[1, 2, 2, 3, 2, 3, 2, 1, 2, 3, 1, 2, 1, 3, 2, 3], [3, 1, 1, 2, 3, 2, 1, 3, 1, 2, 1, 3, 1, 2, 1, 2], [3, 2, 2, 1, 1, 1, 2, 3, 2, 1, 1, 1, 1, 1, 2, 1], [1, 1, 1, 1, 3, 1, 1, 1, 1, 1, 2, 3, 2, 1, 1, 1]]"
12n_0602,"[[3, 3, 1, 1, 3, 3, 2, 3, 2, 1, 1, 2, 3, 3], [3, 1, 3, 2, 2, 1, 2, 1, 2, 3, 1, 1, 2, 2], [2, 3, 3, 2, 1, 3, 3, 3, 3, 3, 1, 2, 1, 1], [2, 3, 1, 3, 1, 3, 2, 3, 2, 1, 2, 1, 1, 1]]"
12n_0603,"[[1, 1, 3, 3, 2, 3, 3, 2, 2, 1, 1, 1, 2, 1]]"
12n_0604,"[[2, 2, 1, 2, 3, 1, 3, 1, 3, 1, 2, 3], [3, 2, 3, 1, 2, 3, 1, 1, 2, 3, 1, 2], [1, 3, 3, 2, 1, 3, 3, 1, 1, 3, 2, 1], [3, 2, 1, 1, 1, 1, 3, 2, 1, 1, 1, 1]]"
12n_0605,"[[1, 2, 1, 2, 3, 1, 2, 1, 3, 1, 3, 2, 3, 1], [1, 3, 1, 3, 2, 3, 1, 3, 2, 1, 2, 1, 2, 1], [1, 1, 1, 1, 1, 3, 2, 3, 1, 1, 1, 2, 1, 1], [2, 3, 2, 3, 1, 1, 1, 1, 1, 2, 1, 1, 1, 2]]"
12n_0611,"[[1, 3, 2, 2, 3, 2, 2, 1, 3, 1, 2, 2, 2, 2]]"
12n_0613,"[[3, 1, 1, 3, 1, 1, 1, 2, 3, 2, 1, 1, 1, 2]]"
12n_0615,"[[3, 2, 1, 2, 1, 1, 3, 3, 2, 1, 1, 1, 1, 2]]"
12n_0622,"[[1, 2, 2, 2, 3, 3, 1, 2, 2, 3, 3, 1, 2, 3], [3, 2, 3, 1, 2, 1, 1, 2, 1, 1, 3, 1, 1, 2], [3, 3, 1, 2, 1, 3, 1, 3, 2, 3, 2, 1, 2, 1], [1, 2, 3, 1, 1, 3, 2, 2, 1, 3, 2, 2, 1, 1]]"
12n_0626,"[[2, 1, 3, 1, 2, 2, 3, 1, 3, 3, 2, 1, 2, 3], [3, 1, 1, 3, 1, 3, 2, 1, 3, 1, 2, 1, 1, 2], [1, 1, 3, 3, 2, 1, 1, 1, 2, 3, 3, 1, 2, 1], [3, 2, 3, 1, 1, 3, 1, 2, 2, 3, 2, 2, 1, 1]]"
12n_0627,"[[3, 1, 1, 2, 2, 3, 1, 2, 3, 1, 2, 2, 2, 3]]"
12n_0628,"[[2, 2, 1, 3, 3, 2, 2, 3, 3, 1, 1, 2]]"
12n_0629,"[[2, 2, 1, 3, 3, 2, 2, 3, 3, 1, 1, 2]]"
12n_0630,"[[2, 2, 1, 3, 3, 2, 2, 3, 3, 1, 1, 2]]"
12n_0631,"[[2, 2, 1, 1, 3, 3, 2, 2, 3, 3, 1, 2]]"
12n_0632,"[[2, 2, 1, 1, 3, 3, 2, 2, 3, 3, 1, 2]]"
12n_0636,"[[1, 2, 1, 3, 3, 1, 3, 2, 1, 1, 2, 3], [1, 3, 2, 3, 1, 1, 2, 3, 3, 1, 1, 2], [1, 1, 2, 2, 3, 1, 1, 1, 3, 1, 2, 1], [2, 3, 3, 2, 3, 2, 1, 3, 1, 2, 1, 1]]"
12n_0637,"[[1, 2, 3, 1, 3, 1, 3, 2, 2, 3, 1, 1, 2, 3], [1, 3, 2, 2, 1, 1, 2, 3, 2, 2, 3, 1, 1, 2], [1, 1, 1, 2, 3, 1, 1, 1, 3, 1, 3, 1, 2, 1], [2, 3, 1, 3, 3, 2, 1, 3, 2, 1, 1, 2, 1, 1]]"
12n_0638,"[[1, 3, 1, 3, 2, 3, 3, 2, 1, 3, 2, 1, 2, 1]]"
12n_0640,"[[2, 3, 2, 3, 1, 2, 2, 1, 2, 3, 1, 2]]"
12n_0641,"[[2, 2, 1, 3, 1, 2, 2, 2, 3, 2, 3, 1, 2, 2]]"
12n_0642,"[[1, 3, 3, 1, 2, 1, 3, 2, 2, 3, 3, 2, 1, 2, 3, 1]]"
12n_0653,"[[3, 1, 3, 2, 1, 1, 2, 3, 2, 1, 1, 1, 2, 3]]"
12n_0654,"[[2, 1, 1, 1, 3, 1, 1, 2, 3, 2, 1, 1, 2, 3], [2, 2, 2, 1, 2, 2, 3, 1, 3, 3, 1, 3, 1, 2], [3, 2, 2, 1, 1, 2, 3, 2, 2, 1, 1, 3, 2, 1], [2, 3, 3, 2, 1, 3, 1, 1, 2, 3, 2, 1, 1, 1]]"
12n_0655,"[[1, 3, 3, 1, 2, 3, 1, 2, 2, 3, 1, 2, 2, 1]]"
12n_0656,"[[3, 1, 1, 2, 1, 1, 1, 2, 3, 2, 1, 3, 1, 2]]"
12n_0657,"[[1, 3, 1, 2, 3, 2, 3, 1, 2, 3, 3, 1, 2, 1]]"
12n_0660,"[[3, 3, 1, 2, 1, 3, 3, 2, 3, 2, 2, 1, 2, 3]]"
12n_0664,"[[2, 2, 1, 3, 3, 2, 2, 2, 3, 1, 1, 2]]"
12n_0665,"[[2, 2, 2, 2, 2, 1, 2, 2, 3, 1, 3, 3, 1, 2]]"
12n_0666,"[[3, 1, 3, 1, 2, 2, 1, 2, 3, 1, 2, 3], [1, 3, 3, 1, 2, 3, 1, 2, 3, 1, 1, 2], [3, 3, 2, 1, 3, 1, 1, 3, 2, 1, 2, 1], [3, 1, 2, 2, 2, 3, 2, 2, 2, 2, 1, 1]]"
12n_0667,"[[3, 2, 2, 2, 2, 1, 1, 3, 1, 2, 2, 2, 2, 3]]"
12n_0668,"[[3, 2, 2, 2, 2, 1, 1, 3, 1, 2, 2, 2, 2, 3]]"
12n_0669,"[[3, 3, 1, 2, 2, 3, 3, 3, 1, 2, 1, 1, 2, 3], [3, 1, 3, 2, 3, 2, 2, 1, 2, 2, 3, 1, 1, 2], [2, 3, 3, 3, 1, 1, 1, 3, 2, 3, 3, 1, 2, 1], [2, 3, 1, 2, 3, 1, 1, 3, 3, 2, 1, 2, 1, 1]]"
12n_0672,"[[2, 2, 2, 2, 2, 3, 1, 3, 2, 2, 1, 3, 1, 2, 2, 2]]"
12n_0674,"[[2, 3, 2, 2, 3, 1, 3, 1, 2, 3, 1, 2]]"
12n_0675,"[[2, 3, 2, 2, 3, 1, 2, 1, 2, 3, 1, 2]]"
12n_0676,"[[3, 3, 1, 3, 3, 3, 2, 1, 3, 1, 2, 2, 1, 2]]"
12n_0690,"[[3, 3, 1, 2, 3, 3, 3, 2, 1, 3, 3, 3, 1, 2]]"
12n_0697,"[[3, 3, 1, 2, 3, 3, 3, 3, 2, 1, 3, 3, 1, 2]]"
12n_0700,"[[3, 2, 3, 3, 1, 1, 1, 2, 1, 1, 1, 1, 2, 3]]"
12n_0701,"[[1, 1, 3, 3, 2, 3, 1, 3, 1, 2, 2, 1, 2, 3], [3, 3, 3, 2, 1, 2, 3, 1, 2, 2, 3, 1, 1, 2], [3, 3, 2, 1, 2, 1, 3, 3, 2, 3, 1, 1, 2, 1], [1, 1, 2, 1, 1, 1, 1, 3, 3, 2, 3, 2, 1, 1]]"
12n_0717,"[[1, 2, 3, 1, 2, 3, 1, 1, 2, 2, 3, 1, 2, 1]]"
12n_0726,"[[1, 3, 2, 1, 3, 3, 3, 1, 2, 3, 3, 2, 1, 2]]"
12n_0737,"[[3, 1, 2, 1, 2, 3, 3, 2, 1, 3, 1, 2, 3, 3], [1, 1, 3, 3, 2, 2, 3, 3, 2, 1, 1, 1, 2, 1], [3, 1, 1, 3, 3, 1, 2, 1, 2, 3, 1, 2, 1, 3], [3, 2, 3, 1, 2, 1, 2, 3, 3, 3, 2, 1, 1, 3]]"
12n_0738,"[[2, 1, 3, 3, 2, 3, 3, 1, 2, 3, 2, 1, 2, 2]]"
12n_0740,"[[3, 3, 1, 3, 2, 2, 1, 2, 1, 3, 3, 1, 2, 3]]"
12n_0744,"[[2, 2, 3, 2, 2, 3, 3, 3, 1, 3, 3, 3, 1, 2]]"
12n_0750,"[[3, 2, 2, 3, 1, 1, 3, 1, 1, 1, 2, 2]]"
12n_0751,"[[3, 2, 2, 3, 1, 1, 1, 3, 1, 1, 2, 2]]"
12n_0752,"[[2, 2, 3, 2, 2, 2, 1, 1, 1, 3, 1, 1, 2, 2]]"
12n_0753,"[[2, 1, 2, 3, 1, 3, 3, 1, 2, 3, 3, 1, 2, 2]]"
12n_0754,"[[2, 2, 2, 3, 2, 2, 1, 1, 3, 1, 1, 1, 2, 2]]"
12n_0756,"[[2, 1, 1, 3, 1, 1, 1, 1, 3, 2, 1, 1, 2, 3], [2, 2, 3, 2, 2, 2, 3, 1, 1, 1, 3, 1, 1, 2], [3, 2, 3, 1, 2, 2, 3, 1, 3, 2, 3, 1, 2, 1], [2, 3, 1, 1, 3, 3, 1, 2, 3, 1, 1, 2, 1, 1]]"
12n_0759,"[[2, 2, 3, 2, 2, 3, 3, 1, 3, 3, 3, 3, 1, 2]]"
12n_0762,"[[1, 3, 2, 2, 3, 3, 2, 1, 3, 2, 2, 1, 2, 2]]"
12n_0767,"[[3, 1, 2, 1, 2, 3, 1, 2, 2, 3, 1, 2]]"
12n_0769,"[[3, 3, 2, 3, 1, 2, 3, 2, 1, 2, 1, 1, 2, 3]]"
12n_0770,"[[1, 3, 1, 3, 3, 2, 1, 1, 2, 1, 3, 1, 2, 1]]"
12n_0774,"[[3, 1, 3, 2, 1, 3, 2, 2, 2, 3, 1, 2, 2, 2]]"
12n_0779,"[[1, 2, 3, 3, 3, 1, 3, 3, 2, 3, 3, 1, 2, 1]]"
12n_0780,"[[3, 1, 3, 2, 1, 1, 3, 1, 1, 1, 2, 2, 1, 2]]"
12n_0781,"[[1, 3, 1, 3, 2, 3, 3, 3, 1, 2, 2, 1, 2, 1]]"
12n_0782,"[[1, 3, 2, 2, 1, 1, 3, 1, 2, 3, 2, 1, 2, 1]]"
12n_0784,"[[3, 1, 1, 2, 1, 3, 1, 3, 2, 3, 2, 1, 2, 2]]"
12n_0791,"[[3, 1, 3, 2, 1, 1, 1, 2, 1, 3, 1, 2, 2, 3]]"
12n_0799,"[[2, 2, 3, 2, 2, 3, 3, 1, 2, 1, 1, 3, 1, 2]]"
12n_0803,"[[1, 3, 2, 3, 2, 2, 3, 1, 3, 1, 2, 1, 2, 1]]"
12n_0806,"[[2, 2, 3, 1, 2, 3, 1, 1, 2, 2, 3, 1, 1, 2, 3, 2], [2, 1, 1, 3, 1, 1, 2, 1, 1, 3, 1, 1, 3, 1, 2, 2], [3, 2, 3, 3, 2, 3, 2, 1, 2, 1, 3, 1, 3, 2, 1, 3], [2, 1, 3, 1, 1, 3, 3, 2, 1, 3, 3, 2, 1, 1, 1, 2]]"
12n_0807,"[[1, 1, 3, 3, 2, 1, 3, 1, 3, 2, 1, 2, 2, 1]]"
12n_0809,"[[2, 2, 3, 2, 2, 2, 3, 3, 1, 3, 1, 2, 1, 3, 1, 2]]"
12n_0811,"[[2, 1, 3, 3, 2, 1, 3, 1, 1, 2, 1, 2, 2, 2]]"
12n_0812,"[[2, 1, 1, 3, 3, 2, 1, 3, 1, 2, 2, 1, 2, 2]]"
12n_0813,"[[1, 2, 3, 1, 3, 2, 3, 3, 1, 2, 1, 1, 2, 3], [1, 3, 1, 1, 2, 3, 1, 3, 2, 3, 3, 1, 1, 2], [1, 1, 3, 1, 1, 1, 3, 2, 2, 1, 3, 1, 2, 1], [2, 3, 3, 2, 1, 3, 3, 2, 3, 3, 1, 2, 1, 1]]"
12n_0823,"[[3, 1, 3, 2, 1, 1, 1, 3, 2, 1, 1, 1, 2, 3]]"
12n_0825,"[[2, 1, 3, 1, 2, 1, 3, 2, 1, 3, 3, 1, 2, 2]]"
12n_0826,"[[3, 1, 2, 2, 2, 1, 2, 3, 1, 3, 1, 2, 2, 2]]"
12n_0831,"[[3, 2, 3, 3, 1, 3, 3, 3, 1, 2, 1, 2]]"
12n_0832,"[[1, 3, 3, 1, 2, 3, 2, 3, 1, 3, 3, 1, 2, 1]]"
12n_0833,"[[3, 1, 1, 2, 1, 2, 3, 3, 1, 2, 3, 1, 2, 3]]"
12n_0836,"[[3, 1, 1, 3, 1, 1, 2, 1, 2, 1, 3, 1, 2, 3]]"
12n_0841,"[[1, 3, 3, 1, 2, 3, 3, 1, 3, 2, 2, 1, 2, 2]]"
12n_0843,"[[3, 1, 2, 2, 2, 1, 1, 2, 3, 2, 3, 1, 1, 2]]"
12n_0844,"[[1, 3, 2, 3, 1, 3, 2, 3, 2, 3, 1, 2, 2, 3, 3, 1, 2, 1]]"
12n_0845,"[[3, 3, 1, 1, 1, 3, 2, 2, 1, 1, 3, 1, 2, 3]]"
12n_0846,"[[3, 3, 2, 3, 3, 1, 3, 1, 2, 1, 1, 1, 2, 3], [1, 3, 2, 1, 3, 3, 2, 2, 3, 1, 3, 3, 1, 2], [3, 2, 3, 3, 2, 3, 1, 2, 1, 1, 3, 3, 2, 1], [3, 2, 2, 3, 2, 1, 1, 3, 3, 2, 1, 1, 1, 1]]"
12n_0847,"[[3, 1, 3, 3, 1, 2, 2, 3, 1, 1, 2, 2, 2, 2]]"
12n_0850,"[[1, 1, 3, 2, 3, 1, 3, 2, 1, 2, 1, 2]]"
12n_0858,"[[3, 1, 1, 1, 2, 1, 3, 1, 1, 1, 3, 2, 1, 2]]"
12n_0865,"[[2, 3, 2, 3, 3, 3, 2, 2, 1, 3, 3, 1, 2, 2]]"
12n_0866,"[[1, 2, 3, 3, 2, 3, 2, 2, 1, 3, 1, 1, 2, 1]]"
12n_0868,"[[3, 3, 1, 2, 3, 2, 1, 1, 2, 1, 1, 2, 2, 3]]"
12n_0869,"[[2, 1, 3, 3, 1, 3, 3, 2, 3, 2, 1, 1, 2, 3], [2, 2, 3, 2, 2, 1, 3, 1, 1, 3, 3, 1, 1, 2], [3, 2, 2, 1, 2, 3, 2, 2, 3, 1, 3, 1, 2, 1], [2, 3, 2, 1, 3, 3, 2, 1, 3, 3, 1, 2, 1, 1]]"
12n_0874,"[[3, 1, 3, 1, 3, 3, 2, 1, 2, 2, 1, 2, 2, 3]]"
12n_0875,"[[3, 1, 1, 3, 2, 1, 1, 1, 3, 2, 1, 1, 2, 3]]"
12n_0876,"[[3, 3, 3, 1, 3, 3, 2, 2, 1, 2, 3, 1, 2, 3], [3, 1, 1, 3, 2, 1, 1, 1, 3, 2, 1, 1, 1, 2], [2, 3, 3, 3, 1, 3, 2, 2, 3, 3, 3, 1, 2, 1], [2, 3, 3, 1, 1, 3, 1, 1, 1, 2, 3, 2, 1, 1]]"
12n_0882,"[[3, 2, 1, 1, 2, 3, 1, 3, 1, 2, 1, 2]]"
12n_0883,"[[1, 1, 2, 2, 3, 2, 1, 2, 1, 3, 1, 2, 3, 1], [3, 1, 1, 3, 3, 2, 3, 1, 2, 1, 1, 1, 2, 3], [3, 1, 2, 1, 2, 3, 3, 2, 2, 3, 1, 2, 1, 3], [1, 2, 1, 3, 2, 2, 1, 1, 3, 3, 2, 1, 1, 1]]"
12n_0884,"[[2, 2, 2, 3, 3, 2, 2, 1, 1, 3, 3, 3, 1, 2]]"
12n_0886,"[[2, 2, 2, 3, 3, 2, 2, 1, 3, 3, 3, 1, 1, 2]]"
12n_0888,"[[1, 2, 3, 1, 2, 3, 1, 2, 3, 1, 2, 3], [3, 1, 1, 1, 1, 2, 3, 1, 1, 1, 1, 2], [3, 2, 3, 1, 2, 1, 3, 2, 3, 1, 2, 1], [1, 1, 3, 2, 1, 1, 1, 1, 3, 2, 1, 1]]"
